loan_id,credit_score,credit_score_band,ltv,ltv_band,dti,dti_band,state,loan_purpose,occupancy_type,property_type,original_balance,interest_rate,term_months,origination_month,vintage
L000000,784,740+,43.9,<=60,48.2,44-50,FL,purchase,owner,sfr,534019,5.25,240,2023-11-01,2023
L000001,622,620-679,71.2,61-80,33.2,21-35,IL,cash_out,owner,condo,316239,7.25,240,2023-11-01,2023
L000002,586,<620,43.6,<=60,38.5,36-43,GA,refinance,owner,sfr,332146,5.75,360,2023-03-01,2023
L000003,733,680-739,67.9,61-80,26.3,21-35,GA,refinance,owner,sfr,607601,3.75,360,2023-11-01,2023
L000004,667,620-679,49.8,<=60,39.0,36-43,WA,refinance,second_home,sfr,436335,6.25,360,2023-11-01,2023
L000005,692,680-739,62.6,61-80,25.3,21-35,TX,refinance,owner,condo,543019,4.5,360,2023-06-01,2023
L000006,599,<620,60.7,61-80,34.6,21-35,NY,refinance,owner,sfr,599770,6.0,360,2023-04-01,2023
L000007,668,620-679,79.8,61-80,38.1,36-43,GA,cash_out,owner,sfr,140635,6.5,360,2023-07-01,2023
L000008,734,680-739,62.3,61-80,25.9,21-35,NY,refinance,second_home,townhouse,145936,6.25,240,2023-11-01,2023
L000009,665,620-679,54.8,<=60,23.0,21-35,WA,refinance,second_home,sfr,633525,8.0,360,2023-05-01,2023
L000010,779,740+,72.7,61-80,29.8,21-35,GA,refinance,owner,townhouse,547545,4.0,360,2023-10-01,2023
L000011,769,740+,115.0,100+,27.9,21-35,IL,purchase,second_home,sfr,247935,3.5,360,2023-03-01,2023
L000012,749,740+,79.4,61-80,30.0,21-35,WA,cash_out,owner,sfr,217226,6.5,240,2023-11-01,2023
L000013,797,740+,42.8,<=60,23.1,21-35,CA,purchase,owner,sfr,96842,3.5,360,2023-09-01,2023
L000014,753,740+,73.4,61-80,42.7,36-43,WA,refinance,investor,condo,316340,6.25,240,2023-06-01,2023
L000015,622,620-679,110.6,100+,30.5,21-35,NY,cash_out,owner,condo,161159,4.5,360,2023-09-01,2023
L000016,786,740+,74.5,61-80,36.9,36-43,GA,purchase,owner,sfr,179053,4.25,360,2023-03-01,2023
L000017,736,680-739,91.2,81-100,18.3,<=20,NY,purchase,investor,sfr,335642,6.5,360,2023-02-01,2023
L000018,603,<620,88.7,81-100,27.7,21-35,CA,purchase,owner,sfr,152019,5.0,360,2023-01-01,2023
L000019,651,620-679,89.8,81-100,47.3,44-50,WA,cash_out,owner,sfr,470501,6.25,360,2023-10-01,2023
L000020,619,<620,87.8,81-100,25.1,21-35,IL,purchase,owner,sfr,362090,7.0,240,2023-09-01,2023
L000021,812,740+,76.2,61-80,35.5,36-43,NY,purchase,owner,sfr,306801,3.5,360,2023-11-01,2023
L000022,754,740+,69.2,61-80,51.7,44-50,NY,purchase,owner,condo,123800,6.0,360,2023-12-01,2023
L000023,800,740+,67.8,61-80,32.9,21-35,NY,cash_out,owner,sfr,363461,6.5,240,2023-05-01,2023
L000024,647,620-679,73.8,61-80,46.5,44-50,TX,refinance,owner,sfr,559589,6.25,240,2023-03-01,2023
L000025,732,680-739,78.4,61-80,24.9,21-35,NY,refinance,owner,sfr,183218,5.5,360,2023-04-01,2023
L000026,725,680-739,52.9,<=60,28.6,21-35,WA,refinance,investor,condo,435229,7.25,240,2023-03-01,2023
L000027,760,740+,67.8,61-80,32.4,21-35,TX,refinance,investor,condo,594172,4.0,180,2023-03-01,2023
L000028,608,<620,71.4,61-80,28.1,21-35,TX,refinance,owner,sfr,145167,7.5,180,2023-12-01,2023
L000029,703,680-739,73.6,61-80,36.0,36-43,WA,purchase,owner,condo,311264,6.0,360,2023-10-01,2023
L000030,734,680-739,67.4,61-80,17.0,<=20,WA,cash_out,owner,sfr,480734,6.25,240,2023-05-01,2023
L000031,778,740+,84.1,81-100,23.4,21-35,IL,purchase,owner,sfr,240983,5.25,240,2023-03-01,2023
L000032,737,680-739,70.4,61-80,44.7,44-50,IL,purchase,owner,sfr,173159,4.25,360,2023-10-01,2023
L000033,687,680-739,66.4,61-80,34.0,21-35,IL,cash_out,owner,sfr,433549,6.75,360,2023-11-01,2023
L000034,690,680-739,53.4,<=60,37.3,36-43,TX,purchase,investor,sfr,436341,6.5,360,2023-11-01,2023
L000035,661,620-679,60.3,61-80,48.1,44-50,IL,purchase,owner,townhouse,388010,5.75,240,2023-05-01,2023
L000036,617,<620,75.4,61-80,17.2,<=20,FL,purchase,owner,sfr,232413,4.75,360,2023-04-01,2023
L000037,646,620-679,73.8,61-80,8.0,<=20,TX,refinance,owner,sfr,257447,6.75,240,2023-03-01,2023
L000038,615,<620,41.4,<=60,48.8,44-50,CA,refinance,owner,condo,435753,7.0,360,2023-03-01,2023
L000039,634,620-679,85.9,81-100,20.6,21-35,IL,refinance,owner,sfr,196521,4.5,360,2023-12-01,2023
L000040,784,740+,61.5,61-80,33.6,21-35,NY,refinance,owner,sfr,158902,4.0,240,2023-04-01,2023
L000041,706,680-739,58.5,<=60,18.2,<=20,TX,cash_out,investor,condo,390892,3.25,360,2023-11-01,2023
L000042,601,<620,88.7,81-100,9.9,<=20,CA,purchase,owner,sfr,575025,7.25,360,2023-03-01,2023
L000043,683,680-739,89.5,81-100,32.1,21-35,CA,refinance,second_home,sfr,401933,6.25,360,2023-05-01,2023
L000044,644,620-679,61.3,61-80,37.0,36-43,NY,refinance,owner,sfr,203363,5.75,360,2023-05-01,2023
L000045,739,680-739,66.7,61-80,25.4,21-35,NY,cash_out,owner,sfr,610756,6.5,360,2023-03-01,2023
L000046,779,740+,53.6,<=60,9.9,<=20,WA,refinance,owner,sfr,234412,7.75,360,2023-06-01,2023
L000047,583,<620,84.2,81-100,35.6,36-43,NY,purchase,owner,townhouse,200204,6.25,360,2023-09-01,2023
L000048,691,680-739,85.6,81-100,49.9,44-50,WA,refinance,owner,sfr,447365,5.0,360,2023-07-01,2023
L000049,687,680-739,65.4,61-80,17.2,<=20,NY,refinance,owner,condo,284140,7.5,360,2023-08-01,2023
L000050,817,740+,92.9,81-100,39.6,36-43,NY,purchase,owner,sfr,484420,2.75,240,2023-09-01,2023
L000051,667,620-679,85.8,81-100,35.3,36-43,WA,purchase,owner,condo,411912,3.5,360,2023-10-01,2023
L000052,619,<620,70.1,61-80,16.1,<=20,CA,purchase,investor,sfr,123933,7.75,360,2023-12-01,2023
L000053,626,620-679,82.8,81-100,41.9,36-43,FL,cash_out,owner,sfr,393667,6.5,180,2023-08-01,2023
L000054,694,680-739,47.2,<=60,34.4,21-35,TX,purchase,owner,sfr,369877,4.5,240,2023-01-01,2023
L000055,722,680-739,68.1,61-80,31.5,21-35,GA,purchase,owner,townhouse,295323,5.25,240,2023-05-01,2023
L000056,658,620-679,75.8,61-80,44.3,44-50,IL,refinance,owner,sfr,334605,6.25,360,2023-05-01,2023
L000057,684,680-739,71.8,61-80,33.1,21-35,FL,refinance,owner,sfr,596375,5.75,180,2023-06-01,2023
L000058,739,680-739,102.7,100+,44.3,44-50,FL,purchase,owner,sfr,106145,6.25,240,2023-04-01,2023
L000059,651,620-679,76.7,61-80,55.0,44-50,GA,purchase,owner,sfr,110735,5.75,240,2023-04-01,2023
L000060,811,740+,77.5,61-80,34.7,21-35,FL,cash_out,owner,sfr,132439,3.0,360,2023-09-01,2023
L000061,630,620-679,52.1,<=60,36.8,36-43,IL,purchase,owner,sfr,267892,4.75,240,2023-03-01,2023
L000062,804,740+,69.2,61-80,27.7,21-35,IL,cash_out,owner,sfr,312599,6.5,360,2023-07-01,2023
L000063,789,740+,60.2,61-80,46.7,44-50,NY,purchase,second_home,sfr,472669,4.5,180,2023-05-01,2023
L000064,809,740+,107.2,100+,21.8,21-35,GA,purchase,owner,sfr,131760,4.5,360,2023-09-01,2023
L000065,771,740+,65.8,61-80,28.3,21-35,FL,purchase,investor,sfr,213697,2.5,360,2023-09-01,2023
L000066,706,680-739,73.8,61-80,32.4,21-35,IL,purchase,owner,sfr,506253,4.25,180,2023-12-01,2023
L000067,725,680-739,90.2,81-100,31.4,21-35,NY,refinance,investor,sfr,605956,5.75,240,2023-12-01,2023
L000068,629,620-679,81.8,81-100,26.6,21-35,FL,refinance,owner,sfr,561730,5.75,360,2023-11-01,2023
L000069,662,620-679,50.8,<=60,40.9,36-43,NY,purchase,second_home,sfr,224022,6.5,360,2023-11-01,2023
L000070,691,680-739,81.6,81-100,30.2,21-35,TX,purchase,investor,sfr,605063,6.5,240,2023-04-01,2023
L000071,807,740+,82.7,81-100,13.6,<=20,GA,refinance,second_home,condo,111781,4.5,360,2023-03-01,2023
L000072,770,740+,69.3,61-80,43.4,44-50,WA,cash_out,owner,sfr,388600,8.5,180,2023-01-01,2023
L000073,715,680-739,79.0,61-80,48.6,44-50,TX,purchase,owner,sfr,195584,5.25,240,2023-10-01,2023
L000074,722,680-739,73.6,61-80,28.0,21-35,FL,refinance,owner,condo,453761,6.5,240,2023-12-01,2023
L000075,683,680-739,51.2,<=60,45.2,44-50,FL,refinance,owner,sfr,517439,6.5,240,2023-02-01,2023
L000076,680,680-739,63.5,61-80,28.2,21-35,GA,purchase,owner,sfr,145257,8.25,240,2023-01-01,2023
L000077,796,740+,72.3,61-80,24.1,21-35,GA,purchase,owner,sfr,623327,4.75,360,2023-11-01,2023
L000078,580,<620,63.2,61-80,24.7,21-35,NY,refinance,owner,sfr,374325,6.25,180,2023-12-01,2023
L000079,656,620-679,80.1,81-100,47.7,44-50,FL,refinance,owner,sfr,639936,5.75,360,2023-04-01,2023
L000080,678,620-679,87.0,81-100,45.3,44-50,GA,refinance,owner,sfr,142108,6.75,180,2023-01-01,2023
L000081,747,740+,76.1,61-80,39.3,36-43,IL,refinance,owner,condo,537247,6.25,360,2023-06-01,2023
L000082,678,620-679,66.4,61-80,23.9,21-35,CA,purchase,owner,sfr,254486,5.25,180,2023-06-01,2023
L000083,655,620-679,92.4,81-100,40.2,36-43,WA,purchase,owner,sfr,391490,6.5,360,2023-02-01,2023
L000084,598,<620,74.1,61-80,23.2,21-35,CA,refinance,owner,sfr,168832,4.75,360,2023-08-01,2023
L000085,642,620-679,77.3,61-80,38.6,36-43,NY,purchase,owner,sfr,295333,8.25,180,2023-07-01,2023
L000086,605,<620,60.5,61-80,28.1,21-35,GA,purchase,owner,sfr,256198,8.0,240,2023-04-01,2023
L000087,748,740+,68.7,61-80,27.9,21-35,GA,purchase,owner,sfr,187981,6.5,360,2023-12-01,2023
L000088,682,680-739,87.0,81-100,28.3,21-35,CA,refinance,owner,sfr,189210,6.0,360,2023-10-01,2023
L000089,634,620-679,83.2,81-100,14.3,<=20,CA,purchase,owner,sfr,334536,5.75,360,2023-11-01,2023
L000090,709,680-739,69.2,61-80,17.2,<=20,GA,cash_out,second_home,sfr,81000,6.5,240,2023-06-01,2023
L000091,698,680-739,72.1,61-80,31.6,21-35,IL,purchase,owner,sfr,355164,5.25,360,2023-05-01,2023
L000092,693,680-739,75.0,61-80,23.3,21-35,CA,purchase,owner,condo,149036,4.25,180,2023-04-01,2023
L000093,719,680-739,57.9,<=60,40.4,36-43,IL,purchase,investor,sfr,114111,6.5,360,2023-02-01,2023
L000094,730,680-739,69.2,61-80,43.6,44-50,GA,purchase,owner,sfr,302744,6.0,240,2023-11-01,2023
L000095,625,620-679,64.3,61-80,19.0,<=20,NY,purchase,owner,sfr,219251,8.25,360,2023-08-01,2023
L000096,617,<620,51.2,<=60,19.4,<=20,NY,purchase,owner,condo,311358,5.75,240,2023-06-01,2023
L000097,755,740+,74.3,61-80,31.5,21-35,CA,purchase,owner,sfr,628749,6.75,240,2023-09-01,2023
L000098,813,740+,69.8,61-80,50.5,44-50,FL,refinance,second_home,condo,419423,4.25,360,2023-03-01,2023
L000099,711,680-739,50.0,<=60,25.9,21-35,TX,refinance,owner,condo,277014,6.0,360,2023-11-01,2023
L000100,688,680-739,60.1,61-80,37.4,36-43,TX,purchase,owner,condo,307161,6.5,360,2023-11-01,2023
L000101,729,680-739,70.7,61-80,18.1,<=20,IL,cash_out,owner,sfr,141232,6.0,360,2023-10-01,2023
L000102,588,<620,30.0,<=60,24.7,21-35,CA,refinance,owner,sfr,309393,6.0,360,2023-02-01,2023
L000103,669,620-679,74.8,61-80,37.2,36-43,CA,refinance,owner,condo,112746,7.25,180,2023-11-01,2023
L000104,666,620-679,76.0,61-80,30.7,21-35,GA,refinance,owner,sfr,561923,5.0,180,2023-04-01,2023
L000105,680,680-739,81.7,81-100,37.4,36-43,NY,purchase,investor,sfr,457853,7.75,180,2023-09-01,2023
L000106,758,740+,63.1,61-80,34.0,21-35,GA,refinance,investor,sfr,619634,3.25,360,2023-05-01,2023
L000107,698,680-739,50.7,<=60,32.7,21-35,NY,refinance,owner,sfr,165464,7.25,240,2023-05-01,2023
L000108,785,740+,81.4,81-100,32.5,21-35,FL,cash_out,owner,sfr,254177,4.5,360,2023-07-01,2023
L000109,692,680-739,51.4,<=60,45.2,44-50,WA,refinance,owner,sfr,389869,5.5,360,2023-12-01,2023
L000110,588,<620,80.1,81-100,32.2,21-35,GA,cash_out,owner,sfr,369613,4.75,240,2023-06-01,2023
L000111,742,740+,61.9,61-80,40.5,36-43,WA,refinance,owner,condo,642733,5.5,360,2023-04-01,2023
L000112,771,740+,56.8,<=60,30.4,21-35,FL,refinance,owner,townhouse,125252,5.75,360,2023-12-01,2023
L000113,718,680-739,76.4,61-80,33.6,21-35,IL,purchase,owner,condo,520742,6.75,360,2023-06-01,2023
L000114,805,740+,88.8,81-100,23.1,21-35,CA,refinance,owner,sfr,382509,6.5,360,2023-08-01,2023
L000115,679,620-679,69.6,61-80,13.9,<=20,WA,cash_out,owner,condo,497223,6.0,360,2023-08-01,2023
L000116,771,740+,68.3,61-80,28.9,21-35,FL,purchase,owner,sfr,242716,5.5,360,2023-10-01,2023
L000117,580,<620,46.7,<=60,33.6,21-35,IL,purchase,second_home,sfr,638956,7.5,240,2023-08-01,2023
L000118,589,<620,84.5,81-100,28.4,21-35,CA,purchase,owner,sfr,591694,7.25,180,2023-02-01,2023
L000119,770,740+,73.1,61-80,37.6,36-43,NY,purchase,second_home,townhouse,197199,7.0,240,2023-09-01,2023
L000120,789,740+,67.9,61-80,25.5,21-35,IL,purchase,owner,sfr,310445,5.5,360,2023-05-01,2023
L000121,704,680-739,91.6,81-100,20.1,21-35,FL,purchase,owner,sfr,255315,5.0,360,2023-07-01,2023
L000122,760,740+,48.5,<=60,19.4,<=20,FL,purchase,owner,condo,138605,6.25,180,2023-03-01,2023
L000123,658,620-679,64.4,61-80,38.5,36-43,GA,refinance,owner,sfr,486392,4.25,180,2023-02-01,2023
L000124,754,740+,72.1,61-80,25.2,21-35,WA,purchase,investor,condo,279689,4.0,360,2023-05-01,2023
L000125,699,680-739,67.6,61-80,32.6,21-35,TX,refinance,owner,condo,574368,5.75,240,2023-10-01,2023
L000126,652,620-679,35.5,<=60,19.8,<=20,WA,cash_out,owner,sfr,290158,6.25,240,2023-11-01,2023
L000127,602,<620,77.2,61-80,24.7,21-35,TX,purchase,owner,sfr,419504,8.25,360,2023-09-01,2023
L000128,621,620-679,71.5,61-80,32.3,21-35,NY,purchase,investor,townhouse,100059,6.75,360,2023-03-01,2023
L000129,797,740+,87.2,81-100,42.2,36-43,IL,refinance,owner,sfr,285843,5.0,240,2023-02-01,2023
L000130,686,680-739,102.6,100+,22.8,21-35,WA,purchase,owner,sfr,582050,7.0,360,2023-03-01,2023
L000131,817,740+,69.2,61-80,19.3,<=20,GA,refinance,owner,sfr,333380,5.75,360,2023-08-01,2023
L000132,664,620-679,77.8,61-80,32.3,21-35,WA,refinance,owner,sfr,217523,7.0,180,2023-10-01,2023
L000133,594,<620,75.8,61-80,33.7,21-35,CA,purchase,owner,sfr,468232,8.0,360,2023-03-01,2023
L000134,641,620-679,74.5,61-80,28.4,21-35,GA,refinance,owner,sfr,360772,7.5,240,2023-02-01,2023
L000135,665,620-679,69.9,61-80,43.3,44-50,WA,refinance,owner,sfr,618976,6.25,360,2023-07-01,2023
L000136,748,740+,77.8,61-80,16.8,<=20,CA,refinance,owner,sfr,264421,5.0,360,2023-08-01,2023
L000137,755,740+,88.9,81-100,24.9,21-35,GA,cash_out,owner,sfr,140877,4.0,240,2023-06-01,2023
L000138,756,740+,59.3,<=60,32.3,21-35,CA,purchase,owner,sfr,565811,6.5,360,2023-11-01,2023
L000139,655,620-679,100.5,100+,24.4,21-35,TX,refinance,owner,sfr,626665,6.5,180,2023-03-01,2023
L000140,671,620-679,79.6,61-80,35.3,36-43,FL,refinance,investor,sfr,236726,7.25,240,2023-10-01,2023
L000141,716,680-739,76.5,61-80,32.3,21-35,GA,purchase,owner,sfr,143567,5.75,360,2023-05-01,2023
L000142,725,680-739,38.3,<=60,30.0,21-35,IL,refinance,owner,townhouse,346244,6.25,180,2023-05-01,2023
L000143,679,620-679,71.8,61-80,54.0,44-50,TX,refinance,owner,sfr,179087,6.25,360,2023-04-01,2023
L000144,625,620-679,57.4,<=60,23.3,21-35,NY,purchase,owner,condo,379633,4.75,360,2023-06-01,2023
L000145,765,740+,80.6,81-100,29.9,21-35,GA,cash_out,owner,sfr,335496,5.0,360,2023-09-01,2023
L000146,704,680-739,86.3,81-100,36.7,36-43,TX,refinance,owner,sfr,341443,3.5,180,2023-12-01,2023
L000147,810,740+,89.2,81-100,25.5,21-35,FL,purchase,owner,townhouse,163993,5.25,360,2023-01-01,2023
L000148,807,740+,69.5,61-80,33.5,21-35,WA,refinance,owner,townhouse,572081,8.75,360,2023-09-01,2023
L000149,793,740+,70.9,61-80,40.0,36-43,TX,refinance,owner,sfr,395729,6.5,360,2023-04-01,2023
L000150,810,740+,78.6,61-80,34.2,21-35,FL,refinance,owner,sfr,546815,6.75,240,2023-07-01,2023
L000151,729,680-739,40.5,<=60,39.0,36-43,FL,cash_out,owner,sfr,321249,5.5,360,2023-01-01,2023
L000152,651,620-679,65.5,61-80,28.9,21-35,IL,cash_out,second_home,sfr,406840,5.5,360,2023-02-01,2023
L000153,618,<620,63.9,61-80,29.9,21-35,IL,purchase,owner,townhouse,235990,6.25,240,2023-08-01,2023
L000154,605,<620,79.8,61-80,49.6,44-50,NY,refinance,owner,sfr,633460,7.75,180,2023-02-01,2023
L000155,807,740+,65.1,61-80,36.5,36-43,IL,purchase,owner,sfr,571180,3.75,360,2023-12-01,2023
L000156,644,620-679,83.2,81-100,41.0,36-43,IL,purchase,owner,townhouse,622899,9.25,360,2023-09-01,2023
L000157,585,<620,69.1,61-80,26.4,21-35,FL,purchase,owner,townhouse,303186,6.25,360,2023-07-01,2023
L000158,589,<620,84.8,81-100,30.3,21-35,FL,purchase,owner,sfr,516020,6.5,180,2023-11-01,2023
L000159,651,620-679,105.3,100+,42.8,36-43,GA,refinance,owner,sfr,532965,7.75,360,2023-12-01,2023
L000160,815,740+,95.4,81-100,33.1,21-35,FL,refinance,investor,sfr,591907,5.5,360,2023-09-01,2023
L000161,647,620-679,86.2,81-100,21.1,21-35,NY,purchase,owner,sfr,223867,7.5,360,2023-08-01,2023
L000162,604,<620,89.2,81-100,24.2,21-35,CA,refinance,second_home,sfr,230807,4.25,360,2023-04-01,2023
L000163,741,740+,66.5,61-80,31.7,21-35,NY,refinance,owner,sfr,513780,5.25,180,2023-10-01,2023
L000164,594,<620,60.4,61-80,46.4,44-50,WA,cash_out,owner,sfr,129176,6.75,240,2023-02-01,2023
L000165,696,680-739,59.3,<=60,37.1,36-43,IL,purchase,investor,sfr,112991,6.0,240,2023-07-01,2023
L000166,600,<620,74.9,61-80,25.5,21-35,WA,purchase,owner,townhouse,546125,9.0,360,2023-08-01,2023
L000167,602,<620,94.1,81-100,32.2,21-35,IL,purchase,investor,sfr,449729,6.0,360,2023-11-01,2023
L000168,666,620-679,61.1,61-80,32.9,21-35,NY,purchase,owner,condo,636758,6.5,240,2023-06-01,2023
L000169,583,<620,79.0,61-80,17.3,<=20,WA,purchase,owner,sfr,486169,9.0,360,2023-02-01,2023
L000170,784,740+,53.3,<=60,32.1,21-35,WA,purchase,owner,sfr,317473,2.75,240,2023-02-01,2023
L000171,725,680-739,53.8,<=60,29.2,21-35,CA,purchase,owner,sfr,298602,4.25,180,2023-06-01,2023
L000172,804,740+,84.9,81-100,31.0,21-35,TX,purchase,owner,sfr,421870,4.75,180,2023-07-01,2023
L000173,697,680-739,61.7,61-80,24.3,21-35,WA,purchase,owner,sfr,555465,5.0,360,2023-04-01,2023
L000174,713,680-739,61.3,61-80,35.8,36-43,IL,refinance,owner,condo,472519,4.5,360,2023-01-01,2023
L000175,724,680-739,101.6,100+,28.7,21-35,TX,refinance,investor,sfr,437041,6.0,240,2023-04-01,2023
L000176,691,680-739,73.0,61-80,25.4,21-35,GA,purchase,owner,condo,562268,7.75,360,2023-09-01,2023
L000177,715,680-739,71.3,61-80,49.1,44-50,CA,purchase,owner,sfr,252304,4.25,360,2023-07-01,2023
L000178,717,680-739,68.6,61-80,29.0,21-35,IL,refinance,owner,sfr,633694,7.25,360,2023-03-01,2023
L000179,793,740+,78.2,61-80,20.1,21-35,IL,refinance,investor,townhouse,528025,4.0,360,2023-02-01,2023
L000180,652,620-679,61.4,61-80,43.4,44-50,CA,purchase,owner,condo,156114,5.75,240,2023-12-01,2023
L000181,800,740+,72.9,61-80,45.1,44-50,TX,refinance,owner,sfr,281467,6.5,360,2023-11-01,2023
L000182,621,620-679,88.3,81-100,23.7,21-35,GA,cash_out,owner,sfr,281375,7.5,360,2023-07-01,2023
L000183,625,620-679,67.2,61-80,28.5,21-35,IL,refinance,owner,sfr,261082,6.75,360,2023-04-01,2023
L000184,641,620-679,36.3,<=60,30.8,21-35,CA,refinance,owner,townhouse,210562,6.5,360,2023-09-01,2023
L000185,806,740+,62.2,61-80,28.8,21-35,NY,cash_out,owner,condo,300388,5.0,240,2023-01-01,2023
L000186,638,620-679,83.5,81-100,19.9,<=20,FL,purchase,owner,sfr,291979,5.0,360,2023-04-01,2023
L000187,769,740+,88.8,81-100,22.6,21-35,WA,cash_out,second_home,sfr,524418,7.0,240,2023-03-01,2023
L000188,719,680-739,77.5,61-80,51.6,44-50,IL,purchase,owner,condo,317602,6.5,360,2023-05-01,2023
L000189,733,680-739,93.4,81-100,26.9,21-35,GA,refinance,owner,condo,497536,3.5,360,2023-05-01,2023
L000190,598,<620,56.4,<=60,27.5,21-35,TX,purchase,owner,sfr,233877,8.0,240,2023-12-01,2023
L000191,738,680-739,91.2,81-100,39.3,36-43,NY,purchase,second_home,sfr,398832,4.0,360,2023-05-01,2023
L000192,596,<620,75.1,61-80,28.0,21-35,GA,purchase,second_home,sfr,403024,7.75,180,2023-07-01,2023
L000193,711,680-739,82.1,81-100,26.3,21-35,IL,cash_out,owner,townhouse,628967,4.25,360,2023-01-01,2023
L000194,768,740+,30.0,<=60,22.9,21-35,TX,purchase,owner,sfr,344448,8.0,360,2023-01-01,2023
L000195,800,740+,85.4,81-100,37.1,36-43,CA,purchase,owner,sfr,448441,6.75,360,2023-03-01,2023
L000196,817,740+,75.5,61-80,34.1,21-35,CA,refinance,owner,townhouse,307008,6.25,360,2023-05-01,2023
L000197,635,620-679,100.6,100+,42.4,36-43,NY,refinance,owner,sfr,314425,7.25,180,2023-07-01,2023
L000198,764,740+,74.8,61-80,28.5,21-35,CA,purchase,owner,sfr,326488,4.0,360,2023-11-01,2023
L000199,723,680-739,57.4,<=60,44.0,44-50,GA,refinance,owner,sfr,546787,4.5,360,2023-04-01,2023
L000200,756,740+,60.0,<=60,33.7,21-35,FL,refinance,owner,sfr,449538,7.25,240,2023-08-01,2023
L000201,775,740+,78.1,61-80,27.5,21-35,NY,cash_out,second_home,condo,436016,6.0,240,2023-05-01,2023
L000202,693,680-739,76.6,61-80,36.4,36-43,FL,purchase,owner,sfr,120715,6.5,240,2023-07-01,2023
L000203,612,<620,62.5,61-80,35.4,36-43,FL,refinance,owner,sfr,532096,5.75,180,2023-09-01,2023
L000204,769,740+,56.0,<=60,34.8,21-35,FL,purchase,second_home,sfr,349546,4.75,360,2023-11-01,2023
L000205,727,680-739,94.7,81-100,25.5,21-35,TX,cash_out,owner,condo,463509,5.25,360,2023-09-01,2023
L000206,612,<620,68.4,61-80,31.4,21-35,WA,refinance,owner,sfr,351313,7.25,360,2023-03-01,2023
L000207,676,620-679,71.0,61-80,30.5,21-35,NY,purchase,owner,sfr,588781,7.75,180,2023-07-01,2023
L000208,614,<620,64.0,61-80,38.9,36-43,IL,cash_out,investor,sfr,437564,9.25,360,2023-05-01,2023
L000209,763,740+,93.0,81-100,43.9,44-50,GA,cash_out,owner,condo,619861,5.5,360,2023-06-01,2023
L000210,660,620-679,88.7,81-100,39.8,36-43,IL,purchase,second_home,condo,285837,6.75,360,2023-10-01,2023
L000211,596,<620,56.7,<=60,39.0,36-43,IL,purchase,investor,sfr,633958,6.0,240,2023-06-01,2023
L000212,648,620-679,70.9,61-80,42.3,36-43,NY,purchase,owner,condo,347755,4.0,180,2023-06-01,2023
L000213,725,680-739,58.2,<=60,43.4,44-50,CA,purchase,owner,sfr,520967,6.5,360,2023-04-01,2023
L000214,721,680-739,99.8,81-100,28.8,21-35,TX,purchase,owner,sfr,278815,3.75,180,2023-05-01,2023
L000215,785,740+,78.6,61-80,21.8,21-35,FL,cash_out,owner,sfr,585214,4.75,180,2023-12-01,2023
L000216,666,620-679,67.8,61-80,33.8,21-35,NY,purchase,owner,sfr,527234,6.25,240,2023-05-01,2023
L000217,730,680-739,66.9,61-80,45.9,44-50,FL,refinance,second_home,sfr,245530,6.5,240,2023-02-01,2023
L000218,806,740+,80.2,81-100,21.1,21-35,WA,refinance,owner,sfr,110701,5.0,360,2023-01-01,2023
L000219,657,620-679,68.3,61-80,23.7,21-35,FL,cash_out,investor,condo,543047,7.5,360,2023-10-01,2023
L000220,587,<620,95.1,81-100,32.9,21-35,GA,refinance,owner,sfr,273971,8.25,240,2023-02-01,2023
L000221,737,680-739,58.1,<=60,27.4,21-35,WA,refinance,investor,sfr,612235,5.0,360,2023-04-01,2023
L000222,724,680-739,53.5,<=60,41.3,36-43,IL,purchase,owner,sfr,489048,4.5,360,2023-01-01,2023
L000223,661,620-679,93.2,81-100,33.1,21-35,GA,purchase,owner,sfr,329469,6.75,360,2023-11-01,2023
L000224,715,680-739,65.6,61-80,39.9,36-43,GA,refinance,owner,sfr,424340,6.25,360,2023-01-01,2023
L000225,740,740+,93.3,81-100,35.1,36-43,TX,purchase,owner,sfr,176203,6.0,180,2023-12-01,2023
L000226,776,740+,85.2,81-100,36.0,36-43,FL,purchase,owner,sfr,400378,6.0,360,2023-08-01,2023
L000227,610,<620,51.6,<=60,21.8,21-35,IL,purchase,investor,sfr,219288,4.75,240,2023-08-01,2023
L000228,693,680-739,62.9,61-80,26.6,21-35,CA,refinance,owner,condo,182147,5.75,360,2023-05-01,2023
L000229,647,620-679,72.7,61-80,14.7,<=20,TX,purchase,owner,condo,345263,8.5,180,2023-11-01,2023
L000230,660,620-679,68.7,61-80,25.4,21-35,CA,refinance,owner,sfr,232347,5.75,360,2023-02-01,2023
L000231,587,<620,76.5,61-80,27.4,21-35,NY,purchase,owner,townhouse,147450,7.5,360,2023-11-01,2023
L000232,681,680-739,62.8,61-80,35.5,36-43,IL,purchase,investor,condo,375170,5.25,360,2023-12-01,2023
L000233,600,<620,70.7,61-80,22.0,21-35,IL,refinance,owner,sfr,508743,8.0,240,2023-04-01,2023
L000234,802,740+,87.0,81-100,48.4,44-50,GA,refinance,owner,condo,362166,5.25,240,2023-08-01,2023
L000235,713,680-739,92.0,81-100,43.4,44-50,FL,cash_out,owner,sfr,218956,4.75,360,2023-02-01,2023
L000236,681,680-739,60.1,61-80,23.2,21-35,CA,refinance,owner,sfr,393472,8.25,360,2023-03-01,2023
L000237,635,620-679,68.5,61-80,15.8,<=20,NY,refinance,owner,sfr,130938,3.5,360,2023-12-01,2023
L000238,805,740+,70.1,61-80,18.0,<=20,WA,refinance,owner,condo,388542,4.0,360,2023-07-01,2023
L000239,703,680-739,51.8,<=60,35.2,36-43,NY,purchase,owner,sfr,347658,7.0,360,2023-09-01,2023
L000240,816,740+,86.1,81-100,21.3,21-35,GA,refinance,owner,sfr,412679,3.75,180,2023-07-01,2023
L000241,738,680-739,80.5,81-100,29.8,21-35,CA,refinance,owner,sfr,285220,4.25,360,2023-11-01,2023
L000242,818,740+,79.8,61-80,37.5,36-43,TX,refinance,owner,sfr,218628,3.25,240,2023-04-01,2023
L000243,791,740+,70.3,61-80,35.9,36-43,TX,purchase,owner,condo,114077,4.75,180,2023-01-01,2023
L000244,758,740+,85.1,81-100,39.0,36-43,TX,refinance,second_home,sfr,173553,5.5,360,2023-09-01,2023
L000245,665,620-679,86.5,81-100,20.8,21-35,IL,cash_out,owner,sfr,340538,4.75,360,2023-10-01,2023
L000246,766,740+,89.4,81-100,38.3,36-43,WA,purchase,owner,condo,413302,6.0,360,2023-10-01,2023
L000247,656,620-679,69.4,61-80,38.6,36-43,IL,refinance,owner,sfr,203086,7.0,360,2023-10-01,2023
L000248,786,740+,77.2,61-80,41.0,36-43,CA,purchase,second_home,condo,342055,6.0,360,2023-01-01,2023
L000249,655,620-679,66.2,61-80,39.9,36-43,WA,purchase,investor,sfr,143270,5.0,240,2023-09-01,2023
L000250,598,<620,67.2,61-80,21.0,21-35,CA,refinance,owner,sfr,307556,7.25,360,2023-09-01,2023
L000251,608,<620,86.7,81-100,10.5,<=20,CA,purchase,owner,sfr,132824,5.5,180,2023-12-01,2023
L000252,689,680-739,72.8,61-80,35.7,36-43,CA,purchase,investor,condo,214676,6.0,360,2023-05-01,2023
L000253,739,680-739,69.7,61-80,46.8,44-50,WA,purchase,owner,condo,449372,6.0,360,2023-12-01,2023
L000254,649,620-679,81.0,81-100,25.5,21-35,IL,refinance,investor,sfr,484649,8.5,360,2023-07-01,2023
L000255,776,740+,82.0,81-100,25.4,21-35,CA,refinance,owner,condo,531645,6.75,360,2023-11-01,2023
L000256,641,620-679,60.7,61-80,34.0,21-35,WA,refinance,owner,townhouse,364331,7.25,240,2023-06-01,2023
L000257,693,680-739,62.3,61-80,42.2,36-43,GA,purchase,investor,condo,157971,7.75,360,2023-05-01,2023
L000258,660,620-679,82.7,81-100,39.1,36-43,WA,purchase,investor,sfr,568398,5.25,360,2023-09-01,2023
L000259,713,680-739,79.9,61-80,21.8,21-35,NY,purchase,second_home,sfr,483872,5.0,240,2023-03-01,2023
L000260,625,620-679,68.9,61-80,28.6,21-35,FL,cash_out,owner,sfr,219469,6.75,360,2023-07-01,2023
L000261,810,740+,89.9,81-100,27.4,21-35,WA,purchase,owner,sfr,455111,6.5,240,2023-06-01,2023
L000262,802,740+,70.5,61-80,37.6,36-43,CA,purchase,owner,sfr,90342,6.0,360,2023-10-01,2023
L000263,747,740+,43.0,<=60,39.3,36-43,TX,refinance,investor,sfr,394098,6.0,360,2023-01-01,2023
L000264,707,680-739,60.1,61-80,24.6,21-35,FL,refinance,owner,sfr,90840,7.75,240,2023-11-01,2023
L000265,758,740+,49.9,<=60,25.2,21-35,CA,refinance,owner,sfr,392469,6.25,180,2023-08-01,2023
L000266,692,680-739,89.2,81-100,35.1,36-43,IL,refinance,owner,sfr,337363,6.25,240,2023-09-01,2023
L000267,793,740+,79.6,61-80,30.5,21-35,NY,purchase,owner,sfr,483236,4.75,360,2023-04-01,2023
L000268,595,<620,73.8,61-80,25.6,21-35,NY,cash_out,owner,sfr,134864,8.0,240,2023-03-01,2023
L000269,631,620-679,37.2,<=60,28.4,21-35,GA,purchase,investor,sfr,202220,5.5,360,2023-01-01,2023
L000270,689,680-739,49.8,<=60,37.9,36-43,NY,purchase,owner,sfr,439232,7.0,360,2023-12-01,2023
L000271,736,680-739,69.7,61-80,29.3,21-35,GA,refinance,owner,townhouse,242136,6.5,180,2023-12-01,2023
L000272,749,740+,45.3,<=60,31.4,21-35,WA,refinance,owner,sfr,138275,6.0,240,2023-02-01,2023
L000273,752,740+,86.1,81-100,25.6,21-35,WA,purchase,owner,sfr,363502,7.0,360,2023-06-01,2023
L000274,805,740+,70.5,61-80,37.9,36-43,IL,cash_out,owner,sfr,649620,7.25,180,2023-11-01,2023
L000275,782,740+,69.9,61-80,27.9,21-35,IL,purchase,owner,sfr,486156,4.25,360,2023-11-01,2023
L000276,799,740+,71.0,61-80,34.9,21-35,FL,refinance,owner,sfr,313906,6.0,360,2023-07-01,2023
L000277,662,620-679,57.7,<=60,34.1,21-35,WA,purchase,owner,sfr,213067,5.5,360,2023-07-01,2023
L000278,746,740+,56.4,<=60,29.0,21-35,TX,purchase,owner,condo,137148,6.25,240,2023-02-01,2023
L000279,745,740+,43.5,<=60,25.0,21-35,CA,purchase,owner,sfr,195138,5.25,360,2023-05-01,2023
L000280,725,680-739,72.4,61-80,31.8,21-35,FL,refinance,owner,sfr,214574,5.25,360,2023-03-01,2023
L000281,725,680-739,78.1,61-80,29.8,21-35,FL,purchase,owner,sfr,369805,5.5,360,2023-03-01,2023
L000282,706,680-739,68.4,61-80,41.7,36-43,NY,refinance,owner,sfr,157377,6.75,240,2023-03-01,2023
L000283,678,620-679,67.8,61-80,24.9,21-35,CA,refinance,owner,townhouse,303159,6.5,360,2023-09-01,2023
L000284,612,<620,57.9,<=60,39.4,36-43,GA,refinance,second_home,sfr,86958,6.5,240,2023-02-01,2023
L000285,604,<620,75.8,61-80,43.4,44-50,GA,purchase,owner,condo,632779,8.25,360,2023-03-01,2023
L000286,580,<620,35.2,<=60,38.5,36-43,WA,purchase,investor,sfr,418373,8.5,360,2023-04-01,2023
L000287,664,620-679,55.4,<=60,39.3,36-43,NY,purchase,owner,condo,352270,6.5,360,2023-12-01,2023
L000288,669,620-679,62.1,61-80,30.3,21-35,TX,cash_out,owner,sfr,253548,4.5,360,2023-06-01,2023
L000289,811,740+,64.4,61-80,36.7,36-43,NY,purchase,owner,condo,498267,2.5,240,2023-11-01,2023
L000290,638,620-679,75.3,61-80,36.8,36-43,CA,refinance,owner,sfr,308382,6.25,360,2023-07-01,2023
L000291,631,620-679,69.1,61-80,18.2,<=20,FL,purchase,owner,sfr,134483,7.25,240,2023-07-01,2023
L000292,590,<620,74.3,61-80,29.8,21-35,TX,purchase,owner,townhouse,109601,5.5,360,2023-03-01,2023
L000293,607,<620,90.7,81-100,21.8,21-35,WA,purchase,owner,condo,244751,8.25,360,2023-09-01,2023
L000294,737,680-739,92.6,81-100,16.0,<=20,TX,refinance,owner,condo,176302,4.75,240,2023-12-01,2023
L000295,668,620-679,81.7,81-100,32.6,21-35,NY,purchase,owner,sfr,646163,8.0,360,2023-03-01,2023
L000296,728,680-739,90.7,81-100,36.7,36-43,GA,cash_out,owner,sfr,268399,7.25,240,2023-02-01,2023
L000297,604,<620,97.9,81-100,26.8,21-35,CA,cash_out,owner,sfr,530583,7.75,360,2023-06-01,2023
L000298,763,740+,77.6,61-80,37.5,36-43,TX,purchase,owner,sfr,306425,4.5,360,2023-12-01,2023
L000299,644,620-679,51.0,<=60,38.0,36-43,TX,refinance,owner,sfr,547714,8.5,360,2023-09-01,2023
L000300,594,<620,87.1,81-100,33.7,21-35,CA,purchase,owner,sfr,493850,6.75,360,2023-12-01,2023
L000301,799,740+,57.1,<=60,28.4,21-35,IL,purchase,owner,townhouse,155257,5.0,360,2023-04-01,2023
L000302,666,620-679,99.9,81-100,38.9,36-43,TX,refinance,owner,sfr,270066,6.25,360,2023-07-01,2023
L000303,656,620-679,97.9,81-100,48.8,44-50,IL,purchase,owner,sfr,539583,4.75,360,2023-05-01,2023
L000304,591,<620,64.2,61-80,14.5,<=20,GA,refinance,owner,sfr,620289,7.75,360,2023-08-01,2023
L000305,720,680-739,55.5,<=60,39.5,36-43,GA,refinance,owner,sfr,319863,7.25,360,2023-12-01,2023
L000306,647,620-679,61.7,61-80,22.5,21-35,FL,cash_out,owner,sfr,246585,7.5,360,2023-10-01,2023
L000307,637,620-679,71.0,61-80,40.5,36-43,TX,purchase,investor,sfr,104733,6.25,360,2023-06-01,2023
L000308,742,740+,91.2,81-100,41.9,36-43,WA,cash_out,owner,sfr,341446,5.0,360,2023-02-01,2023
L000309,740,740+,53.5,<=60,29.3,21-35,CA,refinance,second_home,sfr,302225,5.0,240,2023-02-01,2023
L000310,615,<620,85.2,81-100,29.1,21-35,IL,refinance,owner,condo,629833,8.5,360,2023-05-01,2023
L000311,610,<620,41.0,<=60,32.8,21-35,NY,refinance,owner,townhouse,469012,8.0,360,2023-05-01,2023
L000312,638,620-679,90.2,81-100,34.1,21-35,WA,refinance,owner,sfr,313336,6.25,360,2023-11-01,2023
L000313,769,740+,71.1,61-80,31.2,21-35,CA,purchase,owner,sfr,327268,4.75,360,2023-03-01,2023
L000314,643,620-679,75.0,61-80,43.2,44-50,FL,purchase,owner,condo,245347,5.0,360,2023-01-01,2023
L000315,681,680-739,70.4,61-80,18.9,<=20,IL,purchase,owner,sfr,395833,5.75,360,2023-01-01,2023
L000316,610,<620,86.0,81-100,28.5,21-35,FL,purchase,owner,condo,544671,6.0,360,2023-11-01,2023
L000317,624,620-679,77.6,61-80,38.9,36-43,GA,purchase,investor,townhouse,620682,8.25,360,2023-12-01,2023
L000318,739,680-739,97.3,81-100,30.4,21-35,WA,purchase,owner,sfr,302302,3.75,240,2023-03-01,2023
L000319,761,740+,45.4,<=60,30.8,21-35,FL,refinance,investor,townhouse,135798,5.5,360,2023-05-01,2023
L000320,787,740+,58.4,<=60,30.3,21-35,FL,purchase,owner,sfr,594865,7.25,360,2023-04-01,2023
L000321,713,680-739,51.8,<=60,41.6,36-43,CA,refinance,owner,sfr,387748,6.0,360,2023-06-01,2023
L000322,646,620-679,82.8,81-100,39.2,36-43,GA,purchase,owner,sfr,139712,6.0,360,2023-01-01,2023
L000323,685,680-739,46.7,<=60,21.1,21-35,WA,purchase,owner,condo,193061,4.0,360,2023-01-01,2023
L000324,617,<620,108.5,100+,22.8,21-35,TX,purchase,owner,sfr,158036,7.75,180,2023-05-01,2023
L000325,637,620-679,73.4,61-80,29.3,21-35,WA,cash_out,owner,sfr,499979,6.25,240,2023-05-01,2023
L000326,695,680-739,90.3,81-100,31.8,21-35,FL,refinance,owner,condo,270402,5.25,360,2023-01-01,2023
L000327,767,740+,57.5,<=60,41.2,36-43,FL,cash_out,owner,sfr,294756,6.5,180,2023-02-01,2023
L000328,642,620-679,74.9,61-80,31.9,21-35,TX,purchase,second_home,condo,424127,6.5,360,2023-10-01,2023
L000329,667,620-679,81.4,81-100,44.9,44-50,GA,purchase,owner,sfr,557822,4.5,180,2023-01-01,2023
L000330,589,<620,61.4,61-80,49.8,44-50,WA,refinance,owner,sfr,523685,7.5,360,2023-02-01,2023
L000331,590,<620,68.6,61-80,25.2,21-35,TX,purchase,owner,sfr,397036,8.0,360,2023-07-01,2023
L000332,711,680-739,95.4,81-100,34.5,21-35,FL,purchase,owner,condo,364809,5.25,360,2023-10-01,2023
L000333,811,740+,91.0,81-100,42.3,36-43,GA,purchase,investor,condo,406406,7.25,240,2023-11-01,2023
L000334,718,680-739,80.7,81-100,35.1,36-43,TX,purchase,owner,sfr,533617,4.5,360,2023-06-01,2023
L000335,587,<620,101.6,100+,36.1,36-43,CA,purchase,owner,sfr,620698,9.5,360,2023-04-01,2023
L000336,717,680-739,42.8,<=60,28.9,21-35,WA,cash_out,owner,sfr,306009,5.5,360,2023-09-01,2023
L000337,608,<620,76.4,61-80,28.1,21-35,IL,refinance,investor,sfr,506574,9.25,240,2023-07-01,2023
L000338,746,740+,66.3,61-80,34.9,21-35,WA,cash_out,owner,sfr,131869,6.0,240,2023-03-01,2023
L000339,691,680-739,93.4,81-100,42.0,36-43,TX,refinance,owner,sfr,195290,6.0,240,2023-06-01,2023
L000340,667,620-679,88.6,81-100,23.6,21-35,NY,purchase,owner,sfr,324337,5.25,360,2023-06-01,2023
L000341,629,620-679,89.5,81-100,31.8,21-35,NY,cash_out,second_home,sfr,585518,6.0,180,2023-08-01,2023
L000342,622,620-679,63.0,61-80,49.3,44-50,WA,refinance,owner,sfr,213065,5.0,360,2023-04-01,2023
L000343,660,620-679,80.4,81-100,31.3,21-35,IL,cash_out,owner,condo,235651,5.5,360,2023-12-01,2023
L000344,688,680-739,88.2,81-100,34.6,21-35,NY,refinance,owner,sfr,124049,7.75,240,2023-10-01,2023
L000345,716,680-739,91.5,81-100,40.3,36-43,GA,purchase,owner,condo,353971,5.0,360,2023-02-01,2023
L000346,745,740+,58.1,<=60,38.3,36-43,WA,cash_out,owner,townhouse,357332,7.25,360,2023-04-01,2023
L000347,809,740+,61.8,61-80,31.7,21-35,NY,purchase,owner,condo,220297,5.0,180,2023-08-01,2023
L000348,587,<620,75.7,61-80,31.1,21-35,GA,purchase,owner,sfr,164135,7.0,240,2023-10-01,2023
L000349,804,740+,92.9,81-100,46.8,44-50,NY,purchase,investor,townhouse,276052,5.25,360,2023-11-01,2023
L000350,714,680-739,81.3,81-100,24.6,21-35,TX,purchase,owner,sfr,419415,5.0,240,2023-07-01,2023
L000351,597,<620,92.6,81-100,20.9,21-35,TX,refinance,investor,condo,183826,8.0,240,2023-08-01,2023
L000352,788,740+,42.7,<=60,43.1,44-50,WA,refinance,second_home,condo,610018,4.75,240,2023-04-01,2023
L000353,784,740+,67.9,61-80,44.5,44-50,FL,refinance,owner,townhouse,465469,4.5,360,2023-04-01,2023
L000354,649,620-679,79.5,61-80,24.5,21-35,IL,cash_out,owner,sfr,632878,8.0,360,2023-04-01,2023
L000355,620,620-679,76.0,61-80,41.1,36-43,NY,refinance,owner,sfr,648207,6.0,180,2023-01-01,2023
L000356,652,620-679,43.6,<=60,36.5,36-43,GA,cash_out,investor,sfr,232815,5.0,360,2023-08-01,2023
L000357,774,740+,88.5,81-100,32.2,21-35,FL,cash_out,investor,condo,529332,4.75,360,2023-07-01,2023
L000358,800,740+,77.2,61-80,34.2,21-35,IL,refinance,owner,sfr,580463,6.0,360,2023-05-01,2023
L000359,651,620-679,65.0,61-80,49.9,44-50,NY,purchase,investor,sfr,211519,6.0,240,2023-07-01,2023
L000360,694,680-739,90.0,81-100,40.0,36-43,WA,purchase,owner,sfr,375382,6.5,360,2023-08-01,2023
L000361,752,740+,46.1,<=60,38.6,36-43,WA,purchase,owner,sfr,421951,6.5,180,2023-05-01,2023
L000362,623,620-679,64.3,61-80,38.1,36-43,FL,refinance,owner,townhouse,353726,7.75,360,2023-06-01,2023
L000363,752,740+,85.3,81-100,28.0,21-35,CA,cash_out,owner,sfr,368861,7.5,360,2023-05-01,2023
L000364,634,620-679,77.6,61-80,30.5,21-35,NY,refinance,owner,condo,119106,8.0,180,2023-12-01,2023
L000365,784,740+,68.6,61-80,32.1,21-35,NY,refinance,owner,sfr,197539,5.75,360,2023-01-01,2023
L000366,612,<620,69.7,61-80,25.5,21-35,GA,cash_out,investor,sfr,306571,6.0,360,2023-04-01,2023
L000367,815,740+,68.5,61-80,38.2,36-43,CA,refinance,owner,condo,481673,5.0,180,2023-05-01,2023
L000368,752,740+,85.0,81-100,43.8,44-50,FL,purchase,investor,townhouse,322922,4.25,360,2023-11-01,2023
L000369,646,620-679,67.4,61-80,32.5,21-35,CA,refinance,owner,townhouse,589536,5.75,240,2023-07-01,2023
L000370,773,740+,82.2,81-100,26.0,21-35,NY,refinance,owner,sfr,618002,6.5,360,2023-01-01,2023
L000371,730,680-739,40.7,<=60,26.3,21-35,TX,cash_out,owner,sfr,120591,6.0,240,2023-12-01,2023
L000372,694,680-739,90.4,81-100,47.8,44-50,FL,refinance,owner,townhouse,268823,5.5,360,2023-05-01,2023
L000373,757,740+,108.6,100+,28.1,21-35,WA,purchase,owner,condo,507947,5.75,360,2023-11-01,2023
L000374,745,740+,79.5,61-80,22.4,21-35,CA,cash_out,owner,townhouse,559014,4.5,360,2023-04-01,2023
L000375,599,<620,70.7,61-80,20.0,21-35,GA,refinance,owner,sfr,311801,8.0,360,2023-05-01,2023
L000376,635,620-679,64.0,61-80,29.1,21-35,GA,purchase,owner,condo,198694,6.5,360,2023-11-01,2023
L000377,739,680-739,82.5,81-100,44.3,44-50,CA,refinance,owner,townhouse,264343,8.0,180,2023-11-01,2023
L000378,677,620-679,62.2,61-80,44.7,44-50,IL,purchase,owner,sfr,98451,5.0,240,2023-01-01,2023
L000379,657,620-679,59.7,<=60,38.7,36-43,GA,purchase,owner,sfr,646597,5.25,240,2023-06-01,2023
L000380,710,680-739,40.1,<=60,26.8,21-35,WA,refinance,owner,sfr,196943,5.25,360,2023-06-01,2023
L000381,618,<620,75.6,61-80,40.8,36-43,CA,refinance,owner,sfr,251518,7.0,240,2023-04-01,2023
L000382,815,740+,67.6,61-80,31.7,21-35,CA,purchase,owner,sfr,637465,5.25,240,2023-07-01,2023
L000383,711,680-739,68.5,61-80,38.9,36-43,NY,purchase,owner,sfr,378165,5.75,360,2023-06-01,2023
L000384,581,<620,72.0,61-80,53.1,44-50,CA,refinance,owner,sfr,413092,8.25,180,2023-06-01,2023
L000385,690,680-739,61.4,61-80,31.4,21-35,FL,refinance,owner,sfr,434944,6.75,240,2023-05-01,2023
L000386,758,740+,74.8,61-80,21.2,21-35,CA,purchase,owner,sfr,425628,4.0,360,2023-04-01,2023
L000387,718,680-739,55.8,<=60,50.7,44-50,GA,purchase,owner,sfr,548669,5.75,360,2023-04-01,2023
L000388,702,680-739,70.3,61-80,32.1,21-35,FL,refinance,owner,sfr,300545,4.25,180,2023-11-01,2023
L000389,734,680-739,67.8,61-80,31.9,21-35,NY,cash_out,owner,sfr,289579,7.75,360,2023-10-01,2023
L000390,586,<620,46.4,<=60,18.8,<=20,TX,refinance,owner,townhouse,363220,6.0,360,2023-05-01,2023
L000391,699,680-739,53.8,<=60,40.3,36-43,GA,refinance,owner,sfr,531588,6.5,360,2023-07-01,2023
L000392,676,620-679,63.1,61-80,43.1,44-50,NY,purchase,owner,townhouse,105677,5.75,360,2023-07-01,2023
L000393,797,740+,63.6,61-80,35.9,36-43,GA,purchase,owner,condo,205453,4.75,360,2023-12-01,2023
L000394,720,680-739,75.9,61-80,43.5,44-50,WA,purchase,owner,townhouse,149295,3.75,180,2023-01-01,2023
L000395,622,620-679,65.9,61-80,30.1,21-35,WA,purchase,owner,sfr,632126,6.25,360,2023-08-01,2023
L000396,784,740+,71.2,61-80,45.8,44-50,GA,refinance,owner,condo,277491,5.0,240,2023-07-01,2023
L000397,649,620-679,65.9,61-80,40.7,36-43,IL,refinance,owner,sfr,370964,6.75,360,2023-12-01,2023
L000398,819,740+,33.1,<=60,49.6,44-50,TX,refinance,owner,sfr,323928,6.5,180,2023-09-01,2023
L000399,665,620-679,70.1,61-80,18.7,<=20,IL,refinance,owner,sfr,170647,8.0,360,2023-07-01,2023
L000400,783,740+,59.4,<=60,22.5,21-35,NY,purchase,owner,condo,175642,8.5,360,2023-04-01,2023
L000401,765,740+,69.6,61-80,41.7,36-43,FL,purchase,owner,sfr,649309,3.25,180,2023-07-01,2023
L000402,753,740+,60.5,61-80,37.1,36-43,NY,refinance,owner,condo,638461,8.25,180,2023-11-01,2023
L000403,736,680-739,81.8,81-100,25.5,21-35,NY,cash_out,investor,condo,534714,6.25,360,2023-12-01,2023
L000404,585,<620,71.3,61-80,34.6,21-35,CA,purchase,owner,condo,278780,7.75,240,2023-03-01,2023
L000405,629,620-679,82.6,81-100,42.2,36-43,CA,purchase,owner,sfr,426755,6.25,240,2023-11-01,2023
L000406,789,740+,83.7,81-100,44.1,44-50,TX,refinance,owner,townhouse,116618,5.25,240,2023-01-01,2023
L000407,758,740+,63.5,61-80,36.2,36-43,GA,purchase,owner,sfr,469378,6.25,180,2023-04-01,2023
L000408,690,680-739,84.2,81-100,34.7,21-35,GA,purchase,owner,sfr,168349,6.75,360,2023-12-01,2023
L000409,765,740+,75.4,61-80,38.1,36-43,CA,cash_out,owner,condo,505034,4.5,360,2023-05-01,2023
L000410,737,680-739,56.1,<=60,33.5,21-35,WA,purchase,second_home,sfr,617253,4.75,360,2023-12-01,2023
L000411,764,740+,70.3,61-80,51.1,44-50,CA,refinance,owner,sfr,127488,4.5,240,2023-10-01,2023
L000412,707,680-739,73.4,61-80,30.0,21-35,GA,purchase,owner,sfr,114589,5.25,360,2023-06-01,2023
L000413,598,<620,91.0,81-100,34.0,21-35,FL,cash_out,investor,sfr,568114,5.5,360,2023-07-01,2023
L000414,677,620-679,66.8,61-80,32.2,21-35,GA,cash_out,owner,condo,570726,5.25,360,2023-09-01,2023
L000415,630,620-679,95.6,81-100,47.9,44-50,NY,refinance,owner,sfr,106834,8.0,360,2023-01-01,2023
L000416,787,740+,83.5,81-100,29.1,21-35,GA,cash_out,owner,sfr,230584,6.25,240,2023-03-01,2023
L000417,794,740+,40.3,<=60,41.8,36-43,WA,cash_out,owner,sfr,104556,4.75,360,2023-12-01,2023
L000418,628,620-679,56.5,<=60,33.4,21-35,CA,refinance,owner,townhouse,576480,5.75,360,2023-05-01,2023
L000419,791,740+,80.8,81-100,29.8,21-35,IL,refinance,owner,sfr,82418,3.5,240,2023-07-01,2023
L000420,659,620-679,50.2,<=60,15.1,<=20,WA,cash_out,owner,sfr,268025,6.25,180,2023-07-01,2023
L000421,629,620-679,79.1,61-80,33.3,21-35,NY,refinance,owner,sfr,643421,4.25,360,2023-03-01,2023
L000422,645,620-679,92.7,81-100,48.9,44-50,TX,refinance,owner,sfr,569462,7.25,180,2023-05-01,2023
L000423,712,680-739,68.0,61-80,27.5,21-35,WA,refinance,investor,condo,150549,6.0,240,2023-09-01,2023
L000424,637,620-679,93.1,81-100,8.0,<=20,TX,refinance,owner,sfr,342504,5.5,240,2023-01-01,2023
L000425,643,620-679,91.9,81-100,36.4,36-43,WA,purchase,owner,sfr,225178,4.75,180,2023-10-01,2023
L000426,747,740+,71.2,61-80,22.9,21-35,TX,purchase,owner,townhouse,82862,4.75,360,2023-09-01,2023
L000427,679,620-679,71.5,61-80,17.7,<=20,NY,purchase,owner,condo,325586,7.5,360,2023-05-01,2023
L000428,747,740+,74.7,61-80,28.9,21-35,TX,purchase,owner,sfr,412588,6.5,240,2023-01-01,2023
L000429,585,<620,78.7,61-80,21.5,21-35,FL,purchase,investor,sfr,385057,7.0,360,2023-09-01,2023
L000430,603,<620,48.6,<=60,43.0,36-43,CA,refinance,owner,condo,201531,7.25,360,2023-10-01,2023
L000431,647,620-679,69.8,61-80,35.4,36-43,FL,refinance,owner,sfr,523423,6.75,360,2023-04-01,2023
L000432,666,620-679,46.9,<=60,39.0,36-43,TX,refinance,second_home,townhouse,600937,7.0,180,2023-09-01,2023
L000433,644,620-679,66.8,61-80,27.7,21-35,WA,refinance,owner,townhouse,478925,4.75,360,2023-10-01,2023
L000434,674,620-679,68.7,61-80,32.5,21-35,WA,purchase,owner,sfr,301317,6.5,360,2023-09-01,2023
L000435,800,740+,44.7,<=60,28.3,21-35,IL,refinance,investor,sfr,529421,5.0,360,2023-06-01,2023
L000436,690,680-739,53.0,<=60,35.6,36-43,GA,purchase,owner,sfr,643226,6.5,360,2023-04-01,2023
L000437,721,680-739,66.0,61-80,13.0,<=20,TX,purchase,owner,sfr,601609,5.25,360,2023-04-01,2023
L000438,769,740+,104.4,100+,32.8,21-35,GA,purchase,second_home,sfr,83987,5.25,360,2023-12-01,2023
L000439,622,620-679,51.2,<=60,42.3,36-43,NY,cash_out,owner,sfr,177420,7.0,360,2023-01-01,2023
L000440,614,<620,73.9,61-80,48.4,44-50,CA,refinance,owner,condo,328930,7.5,360,2023-12-01,2023
L000441,682,680-739,58.6,<=60,40.5,36-43,IL,purchase,owner,sfr,580810,5.25,240,2023-05-01,2023
L000442,729,680-739,66.4,61-80,34.3,21-35,TX,cash_out,owner,sfr,280656,6.5,180,2023-08-01,2023
L000443,698,680-739,86.8,81-100,17.7,<=20,FL,purchase,owner,sfr,341948,5.75,360,2023-01-01,2023
L000444,608,<620,76.7,61-80,34.4,21-35,CA,purchase,owner,condo,164033,5.75,360,2023-01-01,2023
L000445,732,680-739,78.4,61-80,15.3,<=20,IL,refinance,owner,sfr,409705,6.0,240,2023-05-01,2023
L000446,801,740+,79.3,61-80,24.9,21-35,TX,refinance,second_home,sfr,467604,4.5,360,2023-05-01,2023
L000447,707,680-739,80.6,81-100,31.1,21-35,WA,purchase,investor,condo,108597,4.75,360,2023-07-01,2023
L000448,795,740+,39.6,<=60,30.5,21-35,CA,refinance,owner,condo,404489,7.25,360,2023-08-01,2023
L000449,681,680-739,77.8,61-80,40.9,36-43,CA,refinance,owner,sfr,317195,6.75,360,2023-09-01,2023
L000450,676,620-679,70.7,61-80,30.4,21-35,IL,cash_out,owner,condo,517292,5.0,360,2023-07-01,2023
L000451,654,620-679,78.0,61-80,21.6,21-35,IL,refinance,owner,condo,561760,7.5,360,2023-05-01,2023
L000452,704,680-739,84.5,81-100,28.5,21-35,IL,purchase,owner,sfr,309775,6.25,360,2023-08-01,2023
L000453,717,680-739,78.2,61-80,26.1,21-35,WA,purchase,owner,sfr,305481,6.5,360,2023-08-01,2023
L000454,605,<620,82.4,81-100,42.7,36-43,CA,purchase,owner,sfr,345224,7.0,240,2023-08-01,2023
L000455,814,740+,54.4,<=60,19.7,<=20,NY,purchase,investor,sfr,348086,3.75,180,2023-06-01,2023
L000456,616,<620,78.7,61-80,28.5,21-35,NY,purchase,owner,sfr,624036,5.0,240,2023-05-01,2023
L000457,712,680-739,70.4,61-80,41.1,36-43,NY,purchase,owner,sfr,633139,6.0,360,2023-10-01,2023
L000458,654,620-679,70.7,61-80,25.2,21-35,CA,refinance,owner,sfr,473770,4.75,360,2023-04-01,2023
L000459,792,740+,91.5,81-100,36.3,36-43,FL,cash_out,owner,sfr,612098,4.75,360,2023-08-01,2023
L000460,734,680-739,64.7,61-80,33.1,21-35,GA,cash_out,owner,condo,212223,3.75,360,2023-07-01,2023
L000461,583,<620,62.0,61-80,29.8,21-35,NY,purchase,owner,condo,119181,6.25,360,2023-06-01,2023
L000462,586,<620,52.3,<=60,17.1,<=20,NY,purchase,investor,condo,501106,7.0,180,2023-06-01,2023
L000463,628,620-679,67.6,61-80,33.2,21-35,GA,purchase,owner,sfr,282367,6.25,180,2023-08-01,2023
L000464,776,740+,88.1,81-100,28.2,21-35,WA,cash_out,second_home,sfr,636330,6.0,180,2023-06-01,2023
L000465,787,740+,47.0,<=60,35.4,36-43,GA,refinance,second_home,sfr,147919,5.5,240,2023-04-01,2023
L000466,712,680-739,75.8,61-80,19.8,<=20,IL,refinance,owner,sfr,244793,6.5,360,2023-03-01,2023
L000467,716,680-739,34.0,<=60,37.6,36-43,IL,cash_out,owner,sfr,148032,6.25,360,2023-11-01,2023
L000468,735,680-739,61.6,61-80,38.8,36-43,WA,purchase,owner,sfr,313331,6.5,360,2023-11-01,2023
L000469,697,680-739,78.6,61-80,45.5,44-50,IL,refinance,investor,sfr,156866,5.5,240,2023-11-01,2023
L000470,702,680-739,63.9,61-80,28.5,21-35,GA,purchase,owner,sfr,206980,7.0,180,2023-02-01,2023
L000471,668,620-679,54.0,<=60,26.6,21-35,GA,cash_out,owner,sfr,541432,6.25,240,2023-03-01,2023
L000472,697,680-739,66.5,61-80,41.0,36-43,GA,refinance,second_home,sfr,424786,6.25,360,2023-03-01,2023
L000473,650,620-679,86.8,81-100,23.5,21-35,CA,purchase,second_home,sfr,486105,6.5,240,2023-09-01,2023
L000474,759,740+,94.4,81-100,25.2,21-35,CA,refinance,owner,condo,563412,5.25,360,2023-11-01,2023
L000475,742,740+,94.7,81-100,30.1,21-35,NY,purchase,owner,sfr,228975,6.25,360,2023-02-01,2023
L000476,752,740+,82.2,81-100,22.7,21-35,CA,purchase,owner,sfr,331591,3.75,360,2023-09-01,2023
L000477,667,620-679,77.4,61-80,45.9,44-50,WA,cash_out,second_home,sfr,150956,5.0,360,2023-08-01,2023
L000478,674,620-679,86.8,81-100,41.6,36-43,NY,refinance,owner,sfr,331016,4.25,360,2023-07-01,2023
L000479,684,680-739,54.7,<=60,13.4,<=20,FL,cash_out,investor,sfr,255984,7.0,240,2023-12-01,2023
L000480,724,680-739,57.5,<=60,13.6,<=20,NY,purchase,owner,condo,180543,5.25,360,2023-03-01,2023
L000481,766,740+,91.4,81-100,27.1,21-35,GA,cash_out,owner,sfr,308826,6.0,360,2023-09-01,2023
L000482,582,<620,84.8,81-100,37.5,36-43,FL,purchase,owner,sfr,303212,9.0,240,2023-02-01,2023
L000483,807,740+,85.1,81-100,39.1,36-43,NY,purchase,owner,condo,254219,6.0,360,2023-07-01,2023
L000484,786,740+,75.3,61-80,45.7,44-50,WA,cash_out,owner,sfr,648530,2.75,360,2023-06-01,2023
L000485,818,740+,59.6,<=60,35.5,36-43,FL,purchase,second_home,sfr,215488,3.75,240,2023-05-01,2023
L000486,646,620-679,55.8,<=60,23.4,21-35,IL,purchase,owner,sfr,524123,7.75,360,2023-08-01,2023
L000487,696,680-739,86.1,81-100,36.8,36-43,FL,purchase,investor,townhouse,638085,6.0,360,2023-12-01,2023
L000488,711,680-739,88.2,81-100,22.6,21-35,CA,refinance,owner,sfr,208834,7.25,360,2023-08-01,2023
L000489,613,<620,55.2,<=60,25.5,21-35,GA,refinance,investor,sfr,190725,9.0,180,2023-05-01,2023
L000490,665,620-679,60.9,61-80,18.5,<=20,FL,cash_out,owner,condo,217996,5.25,180,2023-11-01,2023
L000491,585,<620,70.5,61-80,24.9,21-35,IL,refinance,owner,sfr,132192,9.75,360,2023-05-01,2023
L000492,608,<620,85.1,81-100,27.4,21-35,TX,cash_out,owner,sfr,574116,6.5,360,2023-08-01,2023
L000493,698,680-739,66.9,61-80,27.8,21-35,GA,cash_out,investor,sfr,487288,6.0,240,2023-06-01,2023
L000494,655,620-679,59.2,<=60,48.9,44-50,WA,refinance,owner,sfr,155481,7.25,240,2023-03-01,2023
L000495,598,<620,86.8,81-100,33.9,21-35,FL,refinance,owner,condo,149265,10.0,180,2023-10-01,2023
L000496,780,740+,81.0,81-100,36.1,36-43,CA,refinance,owner,sfr,94744,5.5,360,2023-12-01,2023
L000497,608,<620,61.6,61-80,34.4,21-35,FL,purchase,investor,townhouse,158046,8.75,360,2023-02-01,2023
L000498,635,620-679,62.1,61-80,47.3,44-50,WA,refinance,owner,sfr,443290,7.75,360,2023-12-01,2023
L000499,636,620-679,88.6,81-100,24.4,21-35,TX,purchase,owner,condo,185993,6.75,360,2023-04-01,2023
L000500,703,680-739,52.8,<=60,39.8,36-43,TX,purchase,owner,condo,535832,6.5,180,2023-07-01,2023
L000501,818,740+,67.6,61-80,25.3,21-35,WA,purchase,owner,townhouse,413147,4.0,240,2023-07-01,2023
L000502,586,<620,78.7,61-80,31.8,21-35,TX,purchase,owner,condo,552377,6.5,180,2023-04-01,2023
L000503,618,<620,74.5,61-80,37.5,36-43,FL,purchase,investor,townhouse,141978,5.0,360,2023-03-01,2023
L000504,659,620-679,85.9,81-100,20.8,21-35,FL,purchase,owner,sfr,402912,7.25,360,2023-10-01,2023
L000505,606,<620,46.3,<=60,29.5,21-35,GA,refinance,owner,sfr,385699,5.5,240,2023-07-01,2023
L000506,581,<620,72.3,61-80,33.1,21-35,NY,purchase,owner,sfr,621650,7.0,360,2023-01-01,2023
L000507,799,740+,76.5,61-80,37.5,36-43,FL,purchase,owner,condo,350009,3.25,360,2023-08-01,2023
L000508,633,620-679,77.0,61-80,31.0,21-35,WA,cash_out,owner,sfr,190887,5.5,240,2023-06-01,2023
L000509,729,680-739,80.7,81-100,55.0,44-50,NY,purchase,owner,condo,327749,3.75,240,2023-03-01,2023
L000510,792,740+,54.5,<=60,49.9,44-50,GA,purchase,investor,sfr,470314,5.25,180,2023-12-01,2023
L000511,757,740+,93.7,81-100,13.2,<=20,WA,purchase,owner,sfr,82044,4.5,360,2023-04-01,2023
L000512,590,<620,78.8,61-80,34.1,21-35,IL,refinance,owner,sfr,628155,6.75,240,2023-07-01,2023
L000513,665,620-679,80.4,81-100,38.0,36-43,TX,refinance,owner,sfr,333803,7.75,360,2023-08-01,2023
L000514,592,<620,63.3,61-80,36.1,36-43,IL,purchase,owner,townhouse,325858,8.5,360,2023-05-01,2023
L000515,804,740+,74.7,61-80,45.5,44-50,NY,cash_out,owner,sfr,488368,3.25,240,2023-06-01,2023
L000516,691,680-739,92.0,81-100,8.0,<=20,CA,purchase,owner,sfr,402751,4.25,180,2023-01-01,2023
L000517,814,740+,71.8,61-80,23.3,21-35,TX,refinance,owner,townhouse,632103,5.75,180,2023-05-01,2023
L000518,676,620-679,74.9,61-80,46.9,44-50,GA,purchase,owner,condo,180205,6.5,360,2023-11-01,2023
L000519,714,680-739,76.8,61-80,43.9,44-50,WA,refinance,owner,sfr,127992,6.5,240,2023-12-01,2023
L000520,595,<620,47.5,<=60,53.6,44-50,GA,cash_out,owner,sfr,359065,7.5,360,2023-08-01,2023
L000521,816,740+,69.4,61-80,47.9,44-50,WA,purchase,owner,condo,441889,6.5,360,2023-08-01,2023
L000522,785,740+,82.4,81-100,21.4,21-35,FL,refinance,owner,sfr,180331,5.75,240,2023-12-01,2023
L000523,701,680-739,64.7,61-80,42.3,36-43,NY,refinance,owner,sfr,432152,6.5,360,2023-03-01,2023
L000524,635,620-679,71.4,61-80,30.5,21-35,FL,cash_out,owner,condo,647391,6.5,180,2023-08-01,2023
L000525,685,680-739,71.5,61-80,34.9,21-35,TX,refinance,owner,townhouse,604510,4.75,180,2023-03-01,2023
L000526,684,680-739,48.3,<=60,33.5,21-35,CA,purchase,owner,sfr,637638,6.5,240,2023-07-01,2023
L000527,768,740+,84.1,81-100,28.8,21-35,IL,purchase,owner,sfr,439650,6.25,180,2023-08-01,2023
L000528,651,620-679,51.7,<=60,28.5,21-35,IL,purchase,owner,sfr,273714,5.0,360,2023-01-01,2023
L000529,734,680-739,78.3,61-80,40.0,36-43,WA,purchase,owner,condo,389561,8.0,360,2023-07-01,2023
L000530,774,740+,70.0,61-80,28.1,21-35,IL,purchase,owner,sfr,185420,6.75,360,2023-09-01,2023
L000531,628,620-679,66.9,61-80,34.9,21-35,IL,refinance,owner,sfr,251054,4.5,360,2023-03-01,2023
L000532,766,740+,73.0,61-80,37.4,36-43,NY,cash_out,investor,sfr,588329,5.75,240,2023-11-01,2023
L000533,703,680-739,83.3,81-100,28.2,21-35,GA,refinance,owner,sfr,324266,5.5,360,2023-02-01,2023
L000534,629,620-679,84.2,81-100,30.4,21-35,FL,purchase,owner,townhouse,279322,8.5,360,2023-12-01,2023
L000535,583,<620,65.5,61-80,43.4,44-50,GA,purchase,owner,condo,546665,8.25,360,2023-04-01,2023
L000536,792,740+,69.5,61-80,17.7,<=20,IL,cash_out,investor,sfr,534641,6.5,240,2023-04-01,2023
L000537,790,740+,59.1,<=60,26.9,21-35,TX,purchase,owner,condo,183740,5.5,240,2023-11-01,2023
L000538,595,<620,50.1,<=60,21.0,21-35,GA,purchase,owner,townhouse,460603,7.75,360,2023-04-01,2023
L000539,710,680-739,86.3,81-100,35.0,21-35,NY,purchase,investor,sfr,617995,7.25,360,2023-10-01,2023
L000540,602,<620,55.5,<=60,55.0,44-50,TX,cash_out,owner,sfr,522365,5.25,360,2023-07-01,2023
L000541,591,<620,61.0,61-80,21.9,21-35,TX,refinance,owner,sfr,364809,7.0,240,2023-11-01,2023
L000542,593,<620,77.7,61-80,44.0,44-50,NY,refinance,second_home,sfr,505731,6.75,240,2023-03-01,2023
L000543,805,740+,51.8,<=60,45.8,44-50,CA,cash_out,investor,sfr,294300,5.25,240,2023-08-01,2023
L000544,701,680-739,79.2,61-80,13.8,<=20,IL,purchase,owner,sfr,395711,7.25,360,2023-04-01,2023
L000545,819,740+,59.3,<=60,20.9,21-35,CA,purchase,owner,condo,628692,4.5,360,2023-10-01,2023
L000546,765,740+,55.0,<=60,32.8,21-35,GA,cash_out,owner,sfr,519966,4.0,360,2023-06-01,2023
L000547,756,740+,63.3,61-80,24.1,21-35,WA,refinance,owner,sfr,549952,4.0,360,2023-12-01,2023
L000548,605,<620,59.2,<=60,35.5,36-43,GA,refinance,owner,condo,202068,7.75,240,2023-10-01,2023
L000549,683,680-739,75.5,61-80,45.3,44-50,GA,purchase,owner,sfr,127175,4.75,360,2023-10-01,2023
L000550,715,680-739,93.3,81-100,39.3,36-43,GA,refinance,owner,townhouse,484823,5.25,360,2023-03-01,2023
L000551,721,680-739,82.1,81-100,31.2,21-35,WA,cash_out,investor,sfr,350266,6.5,180,2023-04-01,2023
L000552,613,<620,79.0,61-80,38.1,36-43,TX,refinance,owner,sfr,226304,5.75,360,2023-01-01,2023
L000553,582,<620,62.8,61-80,36.2,36-43,TX,purchase,owner,sfr,85434,4.75,180,2023-01-01,2023
L000554,727,680-739,68.4,61-80,21.6,21-35,TX,purchase,owner,condo,383286,5.75,240,2023-01-01,2023
L000555,606,<620,73.4,61-80,27.6,21-35,TX,refinance,owner,townhouse,614245,7.0,180,2023-10-01,2023
L000556,804,740+,70.9,61-80,37.2,36-43,CA,purchase,owner,sfr,439455,3.5,180,2023-10-01,2023
L000557,659,620-679,73.9,61-80,32.4,21-35,TX,refinance,owner,sfr,259699,7.0,360,2023-12-01,2023
L000558,802,740+,53.7,<=60,35.9,36-43,IL,purchase,owner,sfr,290043,3.75,180,2023-01-01,2023
L000559,678,620-679,98.1,81-100,41.0,36-43,NY,purchase,owner,condo,579619,4.0,360,2023-04-01,2023
L000560,681,680-739,51.4,<=60,11.2,<=20,WA,purchase,owner,townhouse,96032,7.0,360,2023-12-01,2023
L000561,761,740+,69.2,61-80,46.3,44-50,GA,refinance,owner,condo,419940,5.75,180,2023-08-01,2023
L000562,795,740+,83.8,81-100,15.8,<=20,IL,refinance,owner,sfr,157813,5.5,360,2023-01-01,2023
L000563,620,620-679,60.2,61-80,33.1,21-35,NY,refinance,owner,sfr,355157,4.75,360,2023-03-01,2023
L000564,686,680-739,87.1,81-100,34.4,21-35,TX,refinance,owner,sfr,478169,3.75,180,2023-08-01,2023
L000565,607,<620,50.2,<=60,31.7,21-35,IL,purchase,owner,townhouse,496182,6.5,360,2023-08-01,2023
L000566,748,740+,60.2,61-80,34.7,21-35,FL,purchase,investor,sfr,86564,5.0,360,2023-10-01,2023
L000567,747,740+,36.0,<=60,27.9,21-35,GA,purchase,second_home,sfr,150705,4.5,360,2023-01-01,2023
L000568,613,<620,86.8,81-100,26.4,21-35,GA,purchase,owner,condo,381266,6.5,240,2023-02-01,2023
L000569,793,740+,53.3,<=60,32.0,21-35,FL,purchase,investor,sfr,569572,6.25,360,2023-02-01,2023
L000570,815,740+,60.8,61-80,34.5,21-35,WA,purchase,owner,condo,412218,3.75,240,2023-04-01,2023
L000571,791,740+,82.7,81-100,26.8,21-35,WA,cash_out,owner,condo,280132,5.25,360,2023-10-01,2023
L000572,772,740+,76.3,61-80,35.8,36-43,WA,purchase,owner,sfr,217348,5.25,360,2023-11-01,2023
L000573,758,740+,87.1,81-100,25.2,21-35,WA,purchase,owner,sfr,345996,8.0,360,2023-08-01,2023
L000574,646,620-679,80.8,81-100,27.7,21-35,TX,cash_out,owner,sfr,237216,5.75,240,2023-10-01,2023
L000575,816,740+,84.5,81-100,30.8,21-35,NY,purchase,owner,sfr,530855,3.75,360,2023-09-01,2023
L000576,653,620-679,63.9,61-80,36.9,36-43,IL,purchase,second_home,sfr,316110,6.5,360,2023-08-01,2023
L000577,705,680-739,69.8,61-80,30.1,21-35,IL,purchase,investor,condo,345881,9.25,240,2023-05-01,2023
L000578,748,740+,82.2,81-100,36.4,36-43,WA,refinance,owner,townhouse,228189,4.25,240,2023-02-01,2023
L000579,765,740+,82.4,81-100,47.4,44-50,GA,purchase,owner,townhouse,500962,4.5,240,2023-11-01,2023
L000580,658,620-679,85.3,81-100,28.6,21-35,TX,purchase,owner,condo,594766,6.0,360,2023-11-01,2023
L000581,680,680-739,59.6,<=60,44.6,44-50,TX,refinance,owner,sfr,630793,4.75,240,2023-04-01,2023
L000582,694,680-739,54.6,<=60,21.0,21-35,TX,refinance,owner,sfr,258899,7.0,240,2023-01-01,2023
L000583,664,620-679,52.2,<=60,38.7,36-43,FL,purchase,owner,sfr,386551,5.0,360,2023-02-01,2023
L000584,658,620-679,64.0,61-80,31.2,21-35,CA,purchase,owner,sfr,551862,6.5,180,2023-05-01,2023
L000585,798,740+,69.5,61-80,51.9,44-50,CA,purchase,owner,condo,149176,5.0,360,2023-02-01,2023
L000586,638,620-679,53.2,<=60,28.3,21-35,IL,refinance,owner,sfr,348446,7.5,360,2023-01-01,2023
L000587,683,680-739,68.3,61-80,25.4,21-35,WA,refinance,owner,sfr,245153,7.75,360,2023-02-01,2023
L000588,615,<620,80.5,81-100,42.4,36-43,WA,refinance,owner,sfr,581706,7.0,360,2023-01-01,2023
L000589,759,740+,85.9,81-100,36.6,36-43,NY,purchase,owner,sfr,507721,4.5,240,2023-09-01,2023
L000590,773,740+,62.2,61-80,33.6,21-35,TX,purchase,second_home,sfr,254378,5.75,360,2023-04-01,2023
L000591,699,680-739,79.6,61-80,11.1,<=20,NY,refinance,investor,sfr,453506,5.5,240,2023-12-01,2023
L000592,594,<620,51.9,<=60,36.4,36-43,GA,refinance,owner,townhouse,434765,7.0,180,2023-10-01,2023
L000593,606,<620,61.1,61-80,31.9,21-35,CA,refinance,owner,sfr,155532,6.25,360,2023-07-01,2023
L000594,640,620-679,72.6,61-80,33.6,21-35,CA,purchase,owner,townhouse,337143,6.25,360,2023-03-01,2023
L000595,610,<620,61.4,61-80,25.8,21-35,WA,cash_out,owner,condo,317128,6.0,360,2023-04-01,2023
L000596,634,620-679,59.4,<=60,44.6,44-50,GA,refinance,owner,townhouse,133688,6.75,180,2023-11-01,2023
L000597,702,680-739,75.1,61-80,32.7,21-35,FL,cash_out,owner,condo,266460,8.5,360,2023-01-01,2023
L000598,720,680-739,56.2,<=60,30.6,21-35,WA,purchase,owner,sfr,192526,7.75,240,2023-01-01,2023
L000599,749,740+,72.7,61-80,18.8,<=20,TX,purchase,second_home,condo,288232,5.25,360,2023-10-01,2023
L000600,803,740+,69.4,61-80,31.0,21-35,FL,refinance,owner,townhouse,356895,5.5,360,2023-09-01,2023
L000601,758,740+,78.7,61-80,22.9,21-35,FL,refinance,owner,condo,304855,3.5,360,2023-03-01,2023
L000602,693,680-739,82.4,81-100,45.0,44-50,GA,purchase,owner,sfr,517353,7.0,240,2023-10-01,2023
L000603,660,620-679,73.0,61-80,35.0,21-35,NY,purchase,owner,sfr,601235,7.5,240,2023-09-01,2023
L000604,788,740+,63.6,61-80,27.3,21-35,CA,cash_out,owner,townhouse,537257,3.5,180,2023-07-01,2023
L000605,582,<620,86.1,81-100,31.1,21-35,IL,purchase,owner,sfr,228970,5.5,360,2023-04-01,2023
L000606,755,740+,74.0,61-80,45.8,44-50,CA,purchase,owner,sfr,415953,4.0,180,2023-06-01,2023
L000607,708,680-739,57.8,<=60,34.0,21-35,NY,purchase,owner,sfr,281530,5.75,360,2023-10-01,2023
L000608,698,680-739,73.6,61-80,32.6,21-35,WA,refinance,owner,sfr,481103,5.0,180,2023-06-01,2023
L000609,625,620-679,61.8,61-80,49.4,44-50,TX,purchase,investor,sfr,197065,7.25,360,2023-08-01,2023
L000610,648,620-679,33.1,<=60,36.0,36-43,CA,refinance,owner,sfr,516143,6.75,360,2023-07-01,2023
L000611,656,620-679,56.6,<=60,40.8,36-43,CA,purchase,owner,sfr,379289,4.75,360,2023-06-01,2023
L000612,589,<620,65.3,61-80,29.5,21-35,WA,purchase,owner,sfr,605837,5.75,180,2023-09-01,2023
L000613,715,680-739,64.1,61-80,29.3,21-35,CA,purchase,second_home,sfr,614721,5.5,240,2023-04-01,2023
L000614,716,680-739,47.9,<=60,40.3,36-43,TX,purchase,owner,condo,355170,5.5,360,2023-05-01,2023
L000615,674,620-679,65.8,61-80,32.3,21-35,IL,purchase,owner,sfr,344432,7.25,360,2023-08-01,2023
L000616,796,740+,77.4,61-80,35.9,36-43,GA,refinance,owner,sfr,315198,6.0,360,2023-12-01,2023
L000617,690,680-739,53.9,<=60,32.1,21-35,GA,refinance,owner,sfr,112407,8.25,180,2023-09-01,2023
L000618,597,<620,74.8,61-80,32.7,21-35,IL,purchase,investor,townhouse,356901,4.25,360,2023-02-01,2023
L000619,592,<620,40.6,<=60,31.5,21-35,CA,purchase,owner,sfr,441720,10.0,180,2023-01-01,2023
L000620,668,620-679,78.6,61-80,20.9,21-35,WA,cash_out,owner,townhouse,101541,7.0,180,2023-08-01,2023
L000621,623,620-679,62.5,61-80,44.4,44-50,NY,refinance,owner,sfr,142121,6.25,360,2023-04-01,2023
L000622,786,740+,50.9,<=60,27.3,21-35,IL,purchase,owner,sfr,114100,4.25,360,2023-01-01,2023
L000623,782,740+,87.6,81-100,21.9,21-35,GA,refinance,owner,sfr,242878,6.25,240,2023-10-01,2023
L000624,811,740+,77.9,61-80,33.4,21-35,CA,purchase,investor,sfr,120103,6.75,240,2023-05-01,2023
L000625,702,680-739,85.2,81-100,26.8,21-35,CA,refinance,owner,sfr,94302,7.0,360,2023-04-01,2023
L000626,697,680-739,75.6,61-80,44.0,44-50,TX,purchase,owner,condo,143787,7.25,360,2023-07-01,2023
L000627,792,740+,76.2,61-80,38.5,36-43,GA,refinance,owner,sfr,236794,5.25,360,2023-09-01,2023
L000628,732,680-739,65.2,61-80,27.4,21-35,WA,purchase,owner,sfr,414834,5.25,240,2023-02-01,2023
L000629,785,740+,77.3,61-80,24.7,21-35,TX,purchase,owner,sfr,124742,4.25,360,2023-05-01,2023
L000630,626,620-679,69.7,61-80,38.5,36-43,TX,purchase,owner,sfr,225820,4.5,360,2023-10-01,2023
L000631,626,620-679,61.4,61-80,26.4,21-35,GA,refinance,owner,sfr,603418,6.5,360,2023-09-01,2023
L000632,593,<620,68.1,61-80,20.4,21-35,GA,refinance,owner,sfr,327591,8.25,360,2023-02-01,2023
L000633,675,620-679,51.8,<=60,17.7,<=20,IL,purchase,owner,sfr,324534,8.75,360,2023-12-01,2023
L000634,769,740+,70.5,61-80,39.1,36-43,WA,refinance,owner,condo,84743,5.5,360,2023-03-01,2023
L000635,706,680-739,77.5,61-80,18.6,<=20,IL,refinance,owner,sfr,512889,4.0,360,2023-03-01,2023
L000636,711,680-739,72.8,61-80,22.1,21-35,NY,purchase,owner,sfr,563924,5.5,360,2023-01-01,2023
L000637,603,<620,79.4,61-80,38.9,36-43,CA,refinance,owner,sfr,327857,7.25,240,2023-12-01,2023
L000638,610,<620,66.3,61-80,39.9,36-43,FL,refinance,investor,sfr,129780,8.75,240,2023-03-01,2023
L000639,600,<620,71.4,61-80,22.2,21-35,WA,refinance,second_home,sfr,342301,7.0,360,2023-11-01,2023
L000640,668,620-679,71.3,61-80,27.2,21-35,GA,purchase,owner,townhouse,235118,7.75,240,2023-08-01,2023
L000641,781,740+,99.7,81-100,41.4,36-43,FL,cash_out,owner,condo,437020,6.25,360,2023-07-01,2023
L000642,757,740+,51.5,<=60,34.6,21-35,WA,refinance,owner,condo,332691,6.25,360,2023-11-01,2023
L000643,778,740+,101.1,100+,28.5,21-35,FL,purchase,owner,sfr,374540,5.75,360,2023-01-01,2023
L000644,651,620-679,60.0,61-80,33.7,21-35,CA,refinance,owner,sfr,482541,6.75,360,2023-11-01,2023
L000645,671,620-679,65.9,61-80,36.4,36-43,WA,refinance,owner,condo,102997,6.0,360,2023-10-01,2023
L000646,810,740+,75.1,61-80,22.8,21-35,GA,refinance,owner,sfr,424496,5.25,360,2023-12-01,2023
L000647,749,740+,79.6,61-80,23.5,21-35,TX,purchase,owner,townhouse,445276,5.0,360,2023-08-01,2023
L000648,745,740+,70.5,61-80,42.7,36-43,NY,purchase,investor,sfr,163985,6.5,360,2023-12-01,2023
L000649,704,680-739,74.3,61-80,48.5,44-50,GA,refinance,owner,townhouse,147250,4.25,360,2023-04-01,2023
L000650,605,<620,91.7,81-100,40.8,36-43,CA,purchase,owner,sfr,233604,5.75,360,2023-01-01,2023
L000651,759,740+,109.7,100+,31.0,21-35,TX,refinance,owner,condo,276924,6.75,360,2023-01-01,2023
L000652,668,620-679,77.1,61-80,26.6,21-35,CA,cash_out,owner,townhouse,511608,5.25,360,2023-10-01,2023
L000653,655,620-679,81.4,81-100,33.2,21-35,WA,purchase,owner,sfr,574980,7.0,360,2023-05-01,2023
L000654,753,740+,69.5,61-80,42.2,36-43,CA,purchase,owner,sfr,207403,5.25,240,2023-01-01,2023
L000655,693,680-739,95.7,81-100,44.0,44-50,FL,purchase,owner,sfr,297544,4.5,360,2023-01-01,2023
L000656,620,620-679,69.3,61-80,32.6,21-35,GA,cash_out,owner,sfr,636808,6.75,240,2023-10-01,2023
L000657,794,740+,78.6,61-80,36.3,36-43,WA,purchase,owner,sfr,585995,6.75,240,2023-06-01,2023
L000658,674,620-679,55.5,<=60,19.7,<=20,IL,cash_out,second_home,townhouse,226053,6.0,360,2023-04-01,2023
L000659,775,740+,31.5,<=60,31.5,21-35,CA,purchase,owner,sfr,186129,6.25,360,2023-01-01,2023
L000660,677,620-679,104.8,100+,45.9,44-50,WA,refinance,owner,sfr,459737,7.25,360,2023-12-01,2023
L000661,654,620-679,86.9,81-100,31.5,21-35,NY,purchase,owner,sfr,513754,4.75,360,2023-08-01,2023
L000662,772,740+,84.7,81-100,36.8,36-43,CA,refinance,owner,sfr,81686,6.5,240,2023-10-01,2023
L000663,791,740+,57.2,<=60,40.8,36-43,GA,purchase,owner,condo,317090,4.75,240,2023-08-01,2023
L000664,655,620-679,46.8,<=60,40.1,36-43,FL,refinance,owner,sfr,649522,7.5,240,2023-09-01,2023
L000665,675,620-679,67.5,61-80,33.6,21-35,FL,refinance,owner,condo,642176,5.75,240,2023-03-01,2023
L000666,712,680-739,72.8,61-80,27.7,21-35,CA,purchase,owner,sfr,430609,6.75,360,2023-05-01,2023
L000667,743,740+,81.8,81-100,13.3,<=20,CA,purchase,owner,sfr,623009,9.5,360,2023-08-01,2023
L000668,700,680-739,71.2,61-80,22.3,21-35,WA,refinance,second_home,townhouse,315064,5.5,360,2023-08-01,2023
L000669,750,740+,90.1,81-100,29.9,21-35,FL,purchase,investor,sfr,218138,4.25,240,2023-03-01,2023
L000670,778,740+,76.2,61-80,39.2,36-43,FL,refinance,owner,sfr,354400,5.5,240,2023-02-01,2023
L000671,676,620-679,75.7,61-80,34.6,21-35,NY,purchase,owner,sfr,122285,7.25,360,2023-02-01,2023
L000672,783,740+,88.3,81-100,43.0,44-50,NY,refinance,owner,condo,269570,7.25,180,2023-11-01,2023
L000673,778,740+,61.2,61-80,21.8,21-35,CA,purchase,owner,sfr,402107,7.25,360,2023-05-01,2023
L000674,814,740+,76.8,61-80,16.7,<=20,GA,purchase,investor,sfr,583806,4.75,360,2023-10-01,2023
L000675,691,680-739,62.8,61-80,38.1,36-43,TX,purchase,second_home,sfr,225968,5.75,240,2023-03-01,2023
L000676,782,740+,61.1,61-80,48.7,44-50,IL,purchase,owner,townhouse,442662,3.75,240,2023-03-01,2023
L000677,810,740+,93.5,81-100,34.5,21-35,IL,refinance,owner,sfr,330077,4.25,240,2023-06-01,2023
L000678,805,740+,87.3,81-100,27.8,21-35,TX,purchase,owner,sfr,185296,5.25,360,2023-11-01,2023
L000679,804,740+,79.0,61-80,40.7,36-43,IL,purchase,investor,sfr,403450,6.5,360,2023-07-01,2023
L000680,673,620-679,90.5,81-100,45.4,44-50,TX,purchase,owner,condo,437839,8.0,360,2023-06-01,2023
L000681,796,740+,76.7,61-80,21.8,21-35,IL,refinance,owner,sfr,364599,4.25,360,2023-06-01,2023
L000682,684,680-739,91.2,81-100,29.6,21-35,GA,purchase,owner,sfr,135180,5.5,180,2023-02-01,2023
L000683,798,740+,58.6,<=60,41.8,36-43,FL,refinance,owner,sfr,297705,5.5,240,2023-07-01,2023
L000684,774,740+,69.0,61-80,34.9,21-35,IL,purchase,owner,sfr,327536,6.0,240,2023-09-01,2023
L000685,615,<620,76.8,61-80,25.6,21-35,NY,purchase,owner,sfr,296186,7.25,360,2023-11-01,2023
L000686,610,<620,56.2,<=60,30.1,21-35,FL,refinance,second_home,townhouse,389507,5.0,360,2023-11-01,2023
L000687,735,680-739,61.2,61-80,24.8,21-35,IL,purchase,owner,sfr,278774,4.25,360,2023-12-01,2023
L000688,638,620-679,52.8,<=60,19.6,<=20,CA,purchase,owner,sfr,519452,7.5,360,2023-01-01,2023
L000689,757,740+,81.2,81-100,35.6,36-43,IL,purchase,owner,sfr,579125,7.0,240,2023-01-01,2023
L000690,767,740+,64.3,61-80,21.1,21-35,FL,purchase,owner,sfr,213284,4.75,240,2023-01-01,2023
L000691,706,680-739,75.2,61-80,31.7,21-35,GA,refinance,second_home,sfr,647167,6.0,360,2023-08-01,2023
L000692,766,740+,79.0,61-80,24.3,21-35,TX,refinance,owner,sfr,646898,6.5,180,2023-01-01,2023
L000693,707,680-739,68.9,61-80,36.6,36-43,CA,purchase,owner,condo,302182,6.25,360,2023-01-01,2023
L000694,716,680-739,71.5,61-80,29.5,21-35,WA,refinance,owner,condo,223483,4.75,360,2023-10-01,2023
L000695,628,620-679,73.2,61-80,30.3,21-35,IL,refinance,owner,sfr,438726,7.0,360,2023-07-01,2023
L000696,720,680-739,77.5,61-80,18.8,<=20,IL,refinance,owner,townhouse,422751,4.5,360,2023-09-01,2023
L000697,618,<620,91.1,81-100,34.7,21-35,TX,refinance,owner,sfr,393564,7.25,360,2023-05-01,2023
L000698,728,680-739,54.9,<=60,28.7,21-35,NY,purchase,investor,sfr,437758,5.5,360,2023-11-01,2023
L000699,767,740+,72.6,61-80,25.4,21-35,FL,refinance,owner,sfr,350424,4.5,180,2023-01-01,2023
L000700,764,740+,53.5,<=60,36.3,36-43,TX,purchase,investor,sfr,493920,5.5,360,2023-07-01,2023
L000701,615,<620,92.7,81-100,40.7,36-43,NY,purchase,owner,condo,373975,5.75,360,2023-12-01,2023
L000702,769,740+,44.1,<=60,47.6,44-50,FL,purchase,investor,townhouse,156724,4.0,360,2023-03-01,2023
L000703,754,740+,73.7,61-80,34.2,21-35,CA,purchase,owner,sfr,243239,6.25,360,2023-05-01,2023
L000704,615,<620,65.1,61-80,34.6,21-35,GA,refinance,owner,townhouse,172730,5.75,360,2023-01-01,2023
L000705,598,<620,62.7,61-80,24.1,21-35,TX,cash_out,owner,condo,254085,8.5,360,2023-07-01,2023
L000706,736,680-739,81.8,81-100,26.5,21-35,NY,cash_out,owner,sfr,84371,7.0,360,2023-11-01,2023
L000707,678,620-679,79.1,61-80,43.0,36-43,CA,purchase,owner,sfr,390827,7.25,360,2023-10-01,2023
L000708,699,680-739,57.1,<=60,28.6,21-35,WA,purchase,owner,sfr,442967,4.25,360,2023-06-01,2023
L000709,585,<620,78.1,61-80,48.8,44-50,TX,refinance,owner,condo,170555,7.75,240,2023-08-01,2023
L000710,637,620-679,75.5,61-80,21.6,21-35,GA,refinance,owner,sfr,465726,5.5,360,2023-07-01,2023
L000711,738,680-739,60.2,61-80,31.3,21-35,GA,refinance,owner,sfr,271098,7.0,360,2023-11-01,2023
L000712,731,680-739,49.7,<=60,31.0,21-35,CA,purchase,owner,sfr,158100,4.5,180,2023-01-01,2023
L000713,650,620-679,82.9,81-100,26.7,21-35,FL,refinance,owner,sfr,239292,6.0,360,2023-01-01,2023
L000714,662,620-679,81.5,81-100,30.0,21-35,GA,cash_out,owner,sfr,406080,7.25,240,2023-12-01,2023
L000715,692,680-739,78.8,61-80,31.1,21-35,NY,purchase,owner,sfr,421260,5.5,240,2023-01-01,2023
L000716,661,620-679,63.4,61-80,34.3,21-35,FL,refinance,owner,sfr,475603,5.75,240,2023-02-01,2023
L000717,648,620-679,89.1,81-100,32.0,21-35,WA,purchase,owner,condo,454401,6.5,360,2023-03-01,2023
L000718,655,620-679,115.0,100+,42.1,36-43,IL,refinance,owner,townhouse,444425,6.25,180,2023-04-01,2023
L000719,703,680-739,73.5,61-80,55.0,44-50,TX,cash_out,investor,sfr,365855,6.25,240,2023-08-01,2023
L000720,713,680-739,79.0,61-80,39.5,36-43,FL,cash_out,second_home,sfr,468573,6.25,180,2023-05-01,2023
L000721,737,680-739,59.0,<=60,36.4,36-43,FL,purchase,owner,sfr,625299,4.25,240,2023-08-01,2023
L000722,639,620-679,59.1,<=60,24.0,21-35,WA,cash_out,owner,condo,474720,9.25,240,2023-02-01,2023
L000723,620,620-679,97.1,81-100,28.0,21-35,IL,purchase,owner,sfr,288084,8.0,360,2023-03-01,2023
L000724,655,620-679,104.7,100+,17.7,<=20,WA,purchase,owner,sfr,269592,7.0,360,2023-09-01,2023
L000725,766,740+,67.4,61-80,37.3,36-43,CA,purchase,owner,sfr,491241,4.75,360,2023-01-01,2023
L000726,780,740+,61.3,61-80,19.6,<=20,TX,refinance,owner,sfr,230067,6.5,360,2023-12-01,2023
L000727,767,740+,57.3,<=60,39.1,36-43,IL,purchase,second_home,townhouse,202308,5.0,360,2023-07-01,2023
L000728,674,620-679,61.9,61-80,26.2,21-35,IL,purchase,owner,sfr,114784,6.25,180,2023-08-01,2023
L000729,806,740+,71.7,61-80,36.2,36-43,CA,cash_out,owner,sfr,527715,5.0,360,2023-11-01,2023
L000730,717,680-739,52.4,<=60,37.7,36-43,CA,purchase,owner,sfr,296237,6.25,360,2023-05-01,2023
L000731,671,620-679,60.4,61-80,16.0,<=20,WA,refinance,investor,sfr,539738,8.25,360,2023-03-01,2023
L000732,720,680-739,84.9,81-100,25.8,21-35,FL,refinance,owner,sfr,183719,5.5,360,2023-08-01,2023
L000733,789,740+,68.4,61-80,36.2,36-43,WA,purchase,owner,sfr,204629,7.0,180,2023-06-01,2023
L000734,684,680-739,59.2,<=60,37.3,36-43,GA,refinance,owner,condo,200756,6.75,360,2023-04-01,2023
L000735,602,<620,53.4,<=60,40.2,36-43,FL,purchase,owner,sfr,598053,5.75,360,2023-11-01,2023
L000736,653,620-679,86.7,81-100,29.9,21-35,NY,purchase,owner,sfr,187237,9.25,360,2023-07-01,2023
L000737,818,740+,55.2,<=60,32.2,21-35,NY,cash_out,owner,condo,612471,6.0,360,2023-10-01,2023
L000738,691,680-739,68.6,61-80,49.1,44-50,WA,purchase,owner,condo,346914,4.25,180,2023-03-01,2023
L000739,630,620-679,85.6,81-100,34.8,21-35,IL,refinance,owner,condo,562526,6.25,360,2023-08-01,2023
L000740,791,740+,78.8,61-80,40.4,36-43,GA,refinance,owner,sfr,308483,4.25,240,2023-05-01,2023
L000741,669,620-679,75.1,61-80,30.6,21-35,NY,refinance,owner,sfr,337461,5.25,360,2023-09-01,2023
L000742,656,620-679,75.2,61-80,19.5,<=20,GA,purchase,owner,sfr,278970,5.5,360,2023-03-01,2023
L000743,602,<620,56.6,<=60,37.2,36-43,WA,purchase,owner,sfr,97014,6.75,240,2023-06-01,2023
L000744,807,740+,60.0,61-80,37.9,36-43,NY,purchase,owner,sfr,202899,5.25,360,2023-03-01,2023
L000745,780,740+,63.8,61-80,41.5,36-43,WA,refinance,owner,sfr,315298,6.25,360,2023-09-01,2023
L000746,673,620-679,30.0,<=60,24.9,21-35,NY,refinance,owner,sfr,618047,6.25,240,2023-01-01,2023
L000747,696,680-739,64.5,61-80,26.6,21-35,GA,refinance,owner,sfr,404621,6.0,240,2023-02-01,2023
L000748,640,620-679,69.3,61-80,13.6,<=20,WA,refinance,owner,sfr,641888,8.25,240,2023-07-01,2023
L000749,810,740+,69.5,61-80,38.0,36-43,NY,cash_out,owner,sfr,125088,4.25,180,2023-02-01,2023
L000750,800,740+,68.9,61-80,40.3,36-43,IL,purchase,owner,condo,357779,5.75,240,2023-12-01,2023
L000751,614,<620,73.8,61-80,27.0,21-35,NY,purchase,owner,sfr,246878,8.0,240,2023-07-01,2023
L000752,638,620-679,74.8,61-80,29.0,21-35,WA,cash_out,investor,sfr,608271,7.75,360,2023-02-01,2023
L000753,794,740+,95.1,81-100,31.1,21-35,TX,refinance,owner,sfr,143964,4.5,240,2023-10-01,2023
L000754,632,620-679,73.1,61-80,47.3,44-50,GA,refinance,owner,sfr,162965,6.0,360,2023-03-01,2023
L000755,666,620-679,83.5,81-100,41.2,36-43,GA,purchase,investor,sfr,270256,6.25,360,2023-11-01,2023
L000756,774,740+,61.9,61-80,43.3,44-50,FL,refinance,owner,sfr,331568,6.25,240,2023-09-01,2023
L000757,636,620-679,75.7,61-80,31.7,21-35,FL,refinance,second_home,condo,245044,7.75,360,2023-06-01,2023
L000758,783,740+,75.2,61-80,29.0,21-35,WA,refinance,owner,sfr,373515,5.25,360,2023-11-01,2023
L000759,737,680-739,67.5,61-80,42.9,36-43,IL,refinance,owner,sfr,185870,7.5,360,2023-07-01,2023
L000760,624,620-679,45.4,<=60,18.1,<=20,IL,purchase,owner,sfr,483453,7.25,240,2023-02-01,2023
L000761,587,<620,50.8,<=60,37.6,36-43,FL,purchase,owner,sfr,103713,6.0,360,2023-12-01,2023
L000762,621,620-679,77.6,61-80,21.3,21-35,CA,refinance,owner,sfr,526255,7.75,360,2023-06-01,2023
L000763,706,680-739,70.1,61-80,40.1,36-43,WA,purchase,owner,townhouse,271672,4.0,360,2023-11-01,2023
L000764,810,740+,67.3,61-80,37.6,36-43,CA,refinance,owner,sfr,131711,5.0,240,2023-10-01,2023
L000765,693,680-739,60.8,61-80,25.0,21-35,NY,refinance,owner,sfr,100886,3.75,360,2023-06-01,2023
L000766,610,<620,72.3,61-80,35.0,21-35,WA,purchase,owner,sfr,421678,7.0,240,2023-01-01,2023
L000767,591,<620,79.5,61-80,22.8,21-35,NY,purchase,owner,sfr,643169,8.25,360,2023-04-01,2023
L000768,625,620-679,98.8,81-100,23.6,21-35,IL,cash_out,second_home,condo,300026,7.5,240,2023-03-01,2023
L000769,684,680-739,70.8,61-80,29.4,21-35,NY,purchase,owner,sfr,620406,3.5,240,2023-04-01,2023
L000770,686,680-739,68.5,61-80,26.1,21-35,TX,refinance,owner,sfr,348990,6.5,240,2023-10-01,2023
L000771,653,620-679,75.2,61-80,41.9,36-43,CA,refinance,owner,townhouse,456068,7.25,360,2023-05-01,2023
L000772,729,680-739,88.5,81-100,51.8,44-50,FL,cash_out,owner,sfr,508853,6.75,360,2023-09-01,2023
L000773,639,620-679,105.6,100+,33.0,21-35,IL,purchase,owner,condo,223677,7.25,360,2023-01-01,2023
L000774,641,620-679,79.6,61-80,32.9,21-35,IL,purchase,owner,sfr,500904,7.5,240,2023-12-01,2023
L000775,803,740+,49.7,<=60,39.7,36-43,FL,purchase,owner,condo,453269,3.5,360,2023-02-01,2023
L000776,708,680-739,71.6,61-80,30.1,21-35,FL,refinance,owner,sfr,379769,6.0,360,2023-05-01,2023
L000777,723,680-739,54.3,<=60,37.0,36-43,IL,purchase,second_home,condo,493986,5.0,360,2023-07-01,2023
L000778,717,680-739,56.9,<=60,16.0,<=20,GA,purchase,second_home,condo,570937,5.75,360,2023-01-01,2023
L000779,616,<620,98.4,81-100,26.7,21-35,GA,purchase,investor,sfr,429314,7.0,180,2023-06-01,2023
L000780,719,680-739,66.1,61-80,19.0,<=20,NY,cash_out,owner,sfr,362589,4.75,360,2023-05-01,2023
L000781,761,740+,60.7,61-80,15.7,<=20,FL,purchase,owner,sfr,506626,5.0,360,2023-04-01,2023
L000782,590,<620,91.9,81-100,41.5,36-43,NY,purchase,owner,sfr,450423,7.5,180,2023-04-01,2023
L000783,668,620-679,72.6,61-80,30.2,21-35,CA,cash_out,owner,sfr,308420,5.75,360,2023-06-01,2023
L000784,646,620-679,54.5,<=60,47.0,44-50,GA,cash_out,owner,townhouse,618457,6.0,360,2023-01-01,2023
L000785,723,680-739,72.3,61-80,46.4,44-50,NY,refinance,owner,sfr,462738,6.0,360,2023-04-01,2023
L000786,797,740+,50.6,<=60,32.3,21-35,CA,purchase,owner,sfr,579295,6.75,360,2023-02-01,2023
L000787,671,620-679,58.6,<=60,29.1,21-35,NY,refinance,owner,sfr,349129,5.75,360,2023-12-01,2023
L000788,595,<620,74.3,61-80,26.1,21-35,NY,cash_out,owner,sfr,370861,5.0,360,2023-01-01,2023
L000789,733,680-739,33.4,<=60,10.9,<=20,TX,refinance,owner,condo,309435,4.75,360,2023-02-01,2023
L000790,654,620-679,82.2,81-100,28.1,21-35,GA,cash_out,owner,sfr,416408,6.5,360,2023-12-01,2023
L000791,743,740+,75.4,61-80,30.4,21-35,IL,purchase,owner,sfr,457736,3.75,360,2023-04-01,2023
L000792,613,<620,84.2,81-100,26.8,21-35,CA,cash_out,owner,sfr,511809,5.75,360,2023-05-01,2023
L000793,648,620-679,65.7,61-80,24.1,21-35,WA,purchase,owner,condo,188374,5.5,360,2023-11-01,2023
L000794,673,620-679,77.9,61-80,32.1,21-35,TX,refinance,owner,sfr,192030,8.5,180,2023-10-01,2023
L000795,779,740+,56.8,<=60,29.5,21-35,GA,cash_out,owner,sfr,569432,6.25,240,2023-05-01,2023
L000796,712,680-739,57.8,<=60,34.1,21-35,GA,refinance,owner,sfr,188413,5.0,240,2023-03-01,2023
L000797,728,680-739,73.2,61-80,24.0,21-35,GA,purchase,owner,sfr,479401,4.75,360,2023-03-01,2023
L000798,749,740+,72.1,61-80,49.8,44-50,WA,refinance,owner,townhouse,568868,4.25,180,2023-02-01,2023
L000799,725,680-739,71.5,61-80,37.7,36-43,NY,refinance,investor,condo,356441,6.0,360,2023-10-01,2023
L000800,791,740+,91.9,81-100,31.4,21-35,FL,refinance,owner,condo,620731,5.25,240,2023-11-01,2023
L000801,632,620-679,67.6,61-80,25.8,21-35,GA,purchase,owner,sfr,284805,4.75,360,2023-11-01,2023
L000802,733,680-739,78.4,61-80,24.1,21-35,GA,refinance,owner,sfr,160945,6.25,180,2023-07-01,2023
L000803,640,620-679,76.9,61-80,39.9,36-43,WA,refinance,owner,sfr,200697,7.75,180,2023-02-01,2023
L000804,713,680-739,74.1,61-80,29.1,21-35,NY,refinance,owner,sfr,364246,6.5,240,2023-05-01,2023
L000805,674,620-679,77.9,61-80,33.3,21-35,NY,purchase,owner,sfr,630568,6.25,360,2023-12-01,2023
L000806,800,740+,45.8,<=60,36.5,36-43,WA,purchase,owner,sfr,631326,6.75,180,2023-12-01,2023
L000807,588,<620,63.4,61-80,27.9,21-35,IL,purchase,owner,condo,333179,7.25,360,2023-05-01,2023
L000808,711,680-739,88.2,81-100,35.1,36-43,NY,refinance,owner,sfr,545379,6.25,360,2023-01-01,2023
L000809,593,<620,67.3,61-80,16.1,<=20,CA,purchase,owner,sfr,239773,7.75,360,2023-10-01,2023
L000810,667,620-679,82.2,81-100,24.1,21-35,IL,cash_out,investor,sfr,649501,4.5,360,2023-05-01,2023
L000811,739,680-739,78.8,61-80,15.4,<=20,IL,refinance,owner,townhouse,405272,7.5,180,2023-11-01,2023
L000812,637,620-679,30.0,<=60,29.1,21-35,TX,refinance,owner,sfr,328007,6.75,360,2023-06-01,2023
L000813,655,620-679,52.1,<=60,29.0,21-35,GA,purchase,owner,sfr,348267,6.25,360,2023-04-01,2023
L000814,742,740+,61.7,61-80,48.6,44-50,WA,refinance,owner,condo,628613,6.5,360,2023-12-01,2023
L000815,752,740+,61.5,61-80,25.7,21-35,GA,purchase,owner,sfr,106300,4.25,360,2023-06-01,2023
L000816,735,680-739,65.0,61-80,34.0,21-35,WA,purchase,owner,sfr,189847,4.75,360,2023-03-01,2023
L000817,597,<620,65.2,61-80,36.5,36-43,WA,purchase,owner,sfr,282284,7.25,240,2023-05-01,2023
L000818,661,620-679,59.5,<=60,45.3,44-50,TX,refinance,owner,sfr,117441,7.0,180,2023-05-01,2023
L000819,757,740+,61.7,61-80,36.8,36-43,WA,refinance,owner,condo,573237,4.0,360,2023-06-01,2023
L000820,787,740+,42.4,<=60,39.4,36-43,WA,cash_out,owner,sfr,471058,5.0,240,2023-10-01,2023
L000821,631,620-679,100.7,100+,48.8,44-50,CA,purchase,owner,sfr,467162,5.5,360,2023-04-01,2023
L000822,674,620-679,92.5,81-100,17.7,<=20,NY,cash_out,owner,condo,368592,5.75,360,2023-04-01,2023
L000823,788,740+,84.8,81-100,27.5,21-35,NY,purchase,owner,condo,598956,4.0,180,2023-04-01,2023
L000824,609,<620,70.4,61-80,29.3,21-35,FL,refinance,owner,sfr,424629,7.75,180,2023-08-01,2023
L000825,797,740+,58.0,<=60,32.1,21-35,IL,purchase,investor,townhouse,381944,5.5,360,2023-01-01,2023
L000826,670,620-679,108.2,100+,27.0,21-35,CA,refinance,owner,sfr,446776,5.0,360,2023-04-01,2023
L000827,745,740+,57.5,<=60,42.2,36-43,CA,refinance,owner,sfr,419195,6.25,360,2023-02-01,2023
L000828,685,680-739,93.1,81-100,27.1,21-35,FL,purchase,owner,sfr,515540,6.0,360,2023-07-01,2023
L000829,674,620-679,76.2,61-80,26.8,21-35,WA,cash_out,owner,townhouse,315991,6.25,360,2023-10-01,2023
L000830,670,620-679,57.9,<=60,36.8,36-43,NY,purchase,owner,sfr,495698,4.5,240,2023-05-01,2023
L000831,586,<620,59.4,<=60,26.0,21-35,WA,cash_out,owner,condo,532982,5.5,180,2023-06-01,2023
L000832,798,740+,65.3,61-80,23.2,21-35,IL,purchase,owner,sfr,389311,5.0,240,2023-06-01,2023
L000833,762,740+,62.2,61-80,20.9,21-35,TX,purchase,owner,sfr,341710,4.5,360,2023-04-01,2023
L000834,801,740+,50.4,<=60,31.4,21-35,FL,refinance,owner,townhouse,167332,4.75,360,2023-04-01,2023
L000835,715,680-739,77.9,61-80,41.7,36-43,TX,purchase,owner,sfr,614706,6.5,360,2023-01-01,2023
L000836,810,740+,57.8,<=60,39.7,36-43,WA,refinance,investor,townhouse,538147,6.0,240,2023-10-01,2023
L000837,599,<620,83.0,81-100,36.6,36-43,WA,purchase,second_home,sfr,490595,6.5,180,2023-07-01,2023
L000838,665,620-679,68.9,61-80,33.6,21-35,IL,refinance,owner,condo,277401,5.75,360,2023-03-01,2023
L000839,716,680-739,73.7,61-80,27.5,21-35,FL,purchase,owner,condo,252607,3.75,180,2023-09-01,2023
L000840,695,680-739,73.3,61-80,31.7,21-35,NY,refinance,investor,sfr,147773,6.0,240,2023-06-01,2023
L000841,581,<620,65.8,61-80,21.5,21-35,FL,refinance,investor,sfr,126394,6.25,240,2023-04-01,2023
L000842,604,<620,70.1,61-80,33.9,21-35,WA,cash_out,owner,condo,490434,6.25,360,2023-12-01,2023
L000843,688,680-739,74.2,61-80,41.5,36-43,CA,purchase,owner,sfr,271585,6.75,180,2023-05-01,2023
L000844,778,740+,106.2,100+,18.0,<=20,CA,purchase,owner,sfr,146337,3.75,240,2023-05-01,2023
L000845,727,680-739,52.3,<=60,44.4,44-50,WA,cash_out,investor,sfr,387415,6.5,360,2023-08-01,2023
L000846,648,620-679,61.0,61-80,13.1,<=20,TX,refinance,owner,townhouse,338631,5.25,360,2023-03-01,2023
L000847,772,740+,65.7,61-80,25.6,21-35,CA,refinance,owner,townhouse,434767,3.75,240,2023-08-01,2023
L000848,793,740+,52.6,<=60,22.8,21-35,CA,refinance,investor,sfr,412284,4.25,360,2023-11-01,2023
L000849,649,620-679,51.5,<=60,26.1,21-35,IL,purchase,owner,condo,203518,5.0,180,2023-02-01,2023
L000850,800,740+,48.2,<=60,29.3,21-35,IL,refinance,owner,sfr,600342,5.0,360,2023-10-01,2023
L000851,635,620-679,70.4,61-80,43.8,44-50,TX,refinance,owner,townhouse,572311,8.75,360,2023-06-01,2023
L000852,718,680-739,63.2,61-80,23.5,21-35,WA,refinance,investor,sfr,221418,7.75,240,2023-12-01,2023
L000853,659,620-679,73.8,61-80,24.2,21-35,FL,purchase,investor,condo,277463,6.0,240,2023-07-01,2023
L000854,752,740+,49.8,<=60,25.8,21-35,FL,purchase,owner,sfr,301910,5.25,360,2023-07-01,2023
L000855,594,<620,57.8,<=60,27.5,21-35,GA,refinance,second_home,townhouse,481794,8.25,240,2023-05-01,2023
L000856,592,<620,84.9,81-100,26.7,21-35,FL,refinance,investor,sfr,370114,8.0,360,2023-09-01,2023
L000857,803,740+,82.4,81-100,20.5,21-35,GA,cash_out,owner,sfr,164449,4.25,360,2023-09-01,2023
L000858,622,620-679,47.8,<=60,34.7,21-35,CA,purchase,investor,sfr,328358,7.25,240,2023-03-01,2023
L000859,791,740+,83.5,81-100,31.2,21-35,TX,refinance,owner,townhouse,168191,5.5,360,2023-08-01,2023
L000860,740,740+,62.9,61-80,41.4,36-43,GA,purchase,owner,sfr,122265,7.0,240,2023-08-01,2023
L000861,724,680-739,54.5,<=60,43.5,44-50,TX,purchase,owner,condo,279130,8.75,360,2023-07-01,2023
L000862,754,740+,82.0,81-100,18.4,<=20,IL,purchase,owner,sfr,546359,5.5,360,2023-06-01,2023
L000863,597,<620,84.5,81-100,46.6,44-50,FL,cash_out,owner,sfr,177341,7.75,240,2023-07-01,2023
L000864,592,<620,33.6,<=60,37.0,36-43,IL,purchase,owner,sfr,591633,7.0,240,2023-01-01,2023
L000865,600,<620,83.9,81-100,43.8,44-50,NY,purchase,owner,condo,591219,7.0,360,2023-11-01,2023
L000866,584,<620,63.4,61-80,31.6,21-35,TX,purchase,owner,sfr,169446,6.0,360,2023-04-01,2023
L000867,803,740+,63.0,61-80,38.3,36-43,IL,purchase,investor,condo,421972,4.75,240,2023-03-01,2023
L000868,687,680-739,65.2,61-80,37.5,36-43,IL,refinance,investor,sfr,533253,6.75,360,2023-03-01,2023
L000869,609,<620,86.8,81-100,44.5,44-50,GA,cash_out,owner,condo,643578,5.75,180,2023-10-01,2023
L000870,655,620-679,89.5,81-100,27.0,21-35,WA,refinance,owner,townhouse,102901,6.75,240,2023-07-01,2023
L000871,614,<620,75.6,61-80,27.1,21-35,CA,cash_out,owner,sfr,485916,7.0,240,2023-06-01,2023
L000872,797,740+,82.2,81-100,30.2,21-35,NY,purchase,owner,sfr,138643,5.0,360,2023-07-01,2023
L000873,768,740+,102.4,100+,44.7,44-50,IL,purchase,owner,sfr,285401,8.0,180,2023-04-01,2023
L000874,581,<620,70.1,61-80,46.2,44-50,TX,purchase,second_home,condo,555050,8.0,240,2023-05-01,2023
L000875,652,620-679,55.2,<=60,22.5,21-35,TX,refinance,second_home,sfr,346102,7.25,360,2023-09-01,2023
L000876,737,680-739,78.2,61-80,37.4,36-43,NY,purchase,owner,townhouse,476781,7.0,180,2023-12-01,2023
L000877,678,620-679,80.9,81-100,32.3,21-35,TX,purchase,owner,sfr,380620,6.25,360,2023-11-01,2023
L000878,633,620-679,68.0,61-80,30.5,21-35,WA,purchase,owner,condo,577143,6.0,360,2023-01-01,2023
L000879,678,620-679,67.5,61-80,37.5,36-43,CA,refinance,owner,condo,648675,7.0,360,2023-08-01,2023
L000880,682,680-739,102.5,100+,49.4,44-50,FL,purchase,owner,townhouse,240475,6.5,360,2023-05-01,2023
L000881,748,740+,66.5,61-80,38.0,36-43,CA,purchase,owner,sfr,426081,6.5,360,2023-12-01,2023
L000882,712,680-739,57.0,<=60,28.6,21-35,TX,purchase,owner,condo,442179,6.25,360,2023-06-01,2023
L000883,693,680-739,30.2,<=60,27.1,21-35,FL,purchase,owner,sfr,531122,5.75,240,2023-03-01,2023
L000884,727,680-739,82.7,81-100,37.3,36-43,FL,purchase,owner,townhouse,332044,5.25,360,2023-09-01,2023
L000885,774,740+,89.5,81-100,35.1,36-43,FL,purchase,owner,sfr,290539,4.0,360,2023-01-01,2023
L000886,602,<620,53.0,<=60,43.0,36-43,CA,cash_out,owner,condo,647244,5.5,360,2023-09-01,2023
L000887,699,680-739,79.2,61-80,45.4,44-50,TX,refinance,owner,sfr,439618,7.5,360,2023-07-01,2023
L000888,761,740+,65.4,61-80,35.1,36-43,GA,refinance,owner,sfr,314845,5.5,360,2023-12-01,2023
L000889,649,620-679,71.5,61-80,38.3,36-43,WA,cash_out,owner,townhouse,213885,6.75,360,2023-06-01,2023
L000890,788,740+,61.8,61-80,47.9,44-50,WA,refinance,owner,sfr,130978,4.5,360,2023-11-01,2023
L000891,626,620-679,70.4,61-80,44.6,44-50,WA,purchase,owner,sfr,317281,6.0,240,2023-01-01,2023
L000892,588,<620,83.6,81-100,24.8,21-35,IL,cash_out,owner,condo,405847,7.5,240,2023-06-01,2023
L000893,761,740+,63.0,61-80,20.1,21-35,IL,cash_out,owner,sfr,208364,5.75,360,2023-11-01,2023
L000894,763,740+,60.5,61-80,20.7,21-35,GA,refinance,owner,sfr,606642,7.25,180,2023-10-01,2023
L000895,632,620-679,55.6,<=60,17.1,<=20,TX,purchase,owner,sfr,300907,3.75,360,2023-11-01,2023
L000896,818,740+,87.5,81-100,36.4,36-43,CA,refinance,owner,sfr,186409,5.25,180,2023-03-01,2023
L000897,726,680-739,58.2,<=60,21.7,21-35,FL,purchase,owner,sfr,299405,6.25,360,2023-06-01,2023
L000898,588,<620,80.0,81-100,39.1,36-43,TX,cash_out,owner,sfr,614429,6.25,360,2023-01-01,2023
L000899,724,680-739,52.1,<=60,25.5,21-35,IL,purchase,owner,sfr,289112,6.5,240,2023-04-01,2023
L000900,663,620-679,38.8,<=60,41.5,36-43,NY,refinance,owner,sfr,491344,5.75,240,2023-09-01,2023
L000901,811,740+,62.3,61-80,38.6,36-43,CA,purchase,owner,condo,96528,5.0,360,2023-01-01,2023
L000902,645,620-679,74.2,61-80,34.3,21-35,NY,purchase,owner,townhouse,571621,8.5,240,2023-09-01,2023
L000903,601,<620,86.9,81-100,36.9,36-43,FL,cash_out,owner,condo,390348,5.5,360,2023-11-01,2023
L000904,790,740+,82.6,81-100,21.3,21-35,CA,cash_out,owner,sfr,516623,5.75,240,2023-10-01,2023
L000905,629,620-679,75.5,61-80,10.6,<=20,TX,refinance,owner,condo,412543,6.0,180,2023-12-01,2023
L000906,658,620-679,33.4,<=60,27.8,21-35,TX,cash_out,owner,sfr,592605,4.75,360,2023-09-01,2023
L000907,738,680-739,77.9,61-80,36.7,36-43,CA,purchase,owner,condo,526720,6.25,360,2023-09-01,2023
L000908,658,620-679,48.6,<=60,20.9,21-35,FL,refinance,owner,sfr,468180,3.5,240,2023-01-01,2023
L000909,659,620-679,60.3,61-80,38.5,36-43,NY,refinance,owner,sfr,406859,6.75,240,2023-05-01,2023
L000910,698,680-739,97.5,81-100,38.0,36-43,TX,refinance,investor,sfr,354838,4.25,240,2023-11-01,2023
L000911,610,<620,85.7,81-100,33.7,21-35,WA,purchase,owner,sfr,499646,6.5,240,2023-03-01,2023
L000912,710,680-739,54.6,<=60,35.0,21-35,FL,purchase,owner,sfr,86156,5.0,360,2023-03-01,2023
L000913,794,740+,65.6,61-80,31.8,21-35,FL,purchase,owner,sfr,561703,6.25,360,2023-05-01,2023
L000914,818,740+,82.6,81-100,33.9,21-35,TX,purchase,owner,sfr,95788,5.0,240,2023-10-01,2023
L000915,755,740+,68.6,61-80,21.1,21-35,GA,purchase,owner,condo,176388,6.0,180,2023-02-01,2023
L000916,722,680-739,67.6,61-80,42.1,36-43,NY,refinance,owner,townhouse,156922,4.0,180,2023-10-01,2023
L000917,633,620-679,54.1,<=60,35.7,36-43,IL,cash_out,second_home,sfr,481391,7.75,240,2023-12-01,2023
L000918,789,740+,78.9,61-80,37.4,36-43,CA,purchase,investor,sfr,209973,4.25,360,2023-03-01,2023
L000919,602,<620,80.9,81-100,25.8,21-35,NY,refinance,owner,sfr,362043,8.25,180,2023-01-01,2023
L000920,750,740+,58.9,<=60,19.1,<=20,TX,refinance,second_home,sfr,228641,4.25,240,2023-02-01,2023
L000921,782,740+,40.6,<=60,43.6,44-50,FL,refinance,owner,condo,471609,6.5,180,2023-01-01,2023
L000922,691,680-739,97.9,81-100,19.2,<=20,GA,cash_out,owner,sfr,89793,7.0,240,2023-09-01,2023
L000923,716,680-739,60.4,61-80,29.5,21-35,FL,cash_out,owner,sfr,322361,7.25,360,2023-01-01,2023
L000924,774,740+,77.2,61-80,31.5,21-35,CA,purchase,owner,sfr,132077,4.25,240,2023-06-01,2023
L000925,803,740+,58.2,<=60,34.8,21-35,GA,refinance,owner,sfr,122184,4.75,240,2023-07-01,2023
L000926,587,<620,59.8,<=60,35.5,36-43,NY,cash_out,owner,condo,176174,7.0,360,2023-12-01,2023
L000927,704,680-739,85.3,81-100,32.3,21-35,FL,refinance,owner,sfr,302451,6.75,360,2023-06-01,2023
L000928,678,620-679,66.2,61-80,19.6,<=20,GA,purchase,owner,sfr,315558,8.5,240,2023-03-01,2023
L000929,635,620-679,82.5,81-100,30.0,21-35,CA,refinance,owner,sfr,265351,6.25,240,2023-05-01,2023
L000930,787,740+,82.9,81-100,31.7,21-35,TX,purchase,owner,condo,93488,5.25,360,2023-10-01,2023
L000931,612,<620,63.3,61-80,37.4,36-43,IL,purchase,owner,sfr,222812,6.25,360,2023-04-01,2023
L000932,660,620-679,75.4,61-80,34.7,21-35,WA,refinance,owner,townhouse,324353,7.75,180,2023-12-01,2023
L000933,680,680-739,82.6,81-100,42.7,36-43,WA,purchase,second_home,sfr,97124,5.25,360,2023-03-01,2023
L000934,634,620-679,89.6,81-100,40.1,36-43,CA,refinance,investor,sfr,500765,5.5,240,2023-05-01,2023
L000935,744,740+,67.1,61-80,21.0,21-35,GA,purchase,owner,sfr,192760,6.5,180,2023-07-01,2023
L000936,733,680-739,71.2,61-80,33.1,21-35,NY,purchase,owner,sfr,437913,5.25,360,2023-02-01,2023
L000937,581,<620,57.0,<=60,36.5,36-43,NY,purchase,owner,sfr,629801,9.0,360,2023-01-01,2023
L000938,617,<620,82.8,81-100,28.0,21-35,IL,purchase,owner,townhouse,275753,6.75,240,2023-03-01,2023
L000939,674,620-679,72.6,61-80,46.1,44-50,WA,cash_out,owner,sfr,172584,3.75,180,2023-12-01,2023
L000940,791,740+,51.2,<=60,27.6,21-35,CA,refinance,investor,sfr,531957,4.75,240,2023-03-01,2023
L000941,676,620-679,65.9,61-80,20.9,21-35,WA,cash_out,owner,sfr,303463,4.0,360,2023-11-01,2023
L000942,682,680-739,69.4,61-80,16.6,<=20,IL,cash_out,owner,sfr,187629,6.0,180,2023-01-01,2023
L000943,741,740+,62.4,61-80,28.3,21-35,NY,refinance,owner,sfr,270870,5.25,360,2023-05-01,2023
L000944,769,740+,60.4,61-80,28.4,21-35,IL,purchase,owner,condo,473633,5.0,360,2023-03-01,2023
L000945,626,620-679,46.8,<=60,29.2,21-35,FL,refinance,investor,condo,365773,4.75,360,2023-09-01,2023
L000946,740,740+,72.7,61-80,12.7,<=20,CA,purchase,investor,sfr,297562,6.25,240,2023-03-01,2023
L000947,790,740+,64.9,61-80,32.7,21-35,TX,refinance,investor,sfr,355689,3.75,360,2023-04-01,2023
L000948,793,740+,84.9,81-100,43.0,36-43,WA,refinance,owner,townhouse,147408,7.5,240,2023-04-01,2023
L000949,658,620-679,69.7,61-80,26.8,21-35,GA,purchase,owner,sfr,347250,8.0,360,2023-03-01,2023
L000950,764,740+,83.8,81-100,38.1,36-43,CA,purchase,owner,sfr,298171,3.75,360,2023-05-01,2023
L000951,778,740+,53.4,<=60,27.1,21-35,TX,purchase,owner,sfr,231093,5.5,240,2023-02-01,2023
L000952,616,<620,76.9,61-80,25.3,21-35,GA,refinance,investor,sfr,614135,6.25,240,2023-07-01,2023
L000953,778,740+,82.1,81-100,44.9,44-50,TX,purchase,investor,sfr,93231,6.25,180,2023-07-01,2023
L000954,802,740+,82.4,81-100,39.3,36-43,WA,cash_out,owner,sfr,176726,5.25,360,2023-06-01,2023
L000955,792,740+,67.2,61-80,40.8,36-43,IL,purchase,owner,sfr,474102,5.5,240,2023-01-01,2023
L000956,789,740+,58.1,<=60,53.9,44-50,IL,purchase,owner,condo,105984,4.0,240,2023-09-01,2023
L000957,642,620-679,96.3,81-100,32.9,21-35,IL,purchase,owner,sfr,224486,4.75,240,2023-10-01,2023
L000958,699,680-739,68.5,61-80,32.8,21-35,NY,purchase,investor,sfr,217149,3.75,360,2023-05-01,2023
L000959,781,740+,53.6,<=60,34.2,21-35,WA,purchase,owner,townhouse,438819,6.25,240,2023-10-01,2023
L000960,601,<620,68.3,61-80,45.9,44-50,WA,purchase,owner,condo,132642,7.25,180,2023-05-01,2023
L000961,635,620-679,76.4,61-80,41.5,36-43,CA,purchase,owner,sfr,118979,7.0,360,2023-12-01,2023
L000962,629,620-679,60.8,61-80,25.0,21-35,FL,refinance,owner,sfr,94772,6.25,360,2023-09-01,2023
L000963,675,620-679,77.6,61-80,25.6,21-35,IL,purchase,owner,sfr,342430,6.25,360,2023-12-01,2023
L000964,607,<620,84.9,81-100,36.4,36-43,TX,purchase,owner,townhouse,394364,5.75,360,2023-07-01,2023
L000965,622,620-679,70.9,61-80,37.6,36-43,IL,purchase,owner,condo,236965,7.25,240,2023-05-01,2023
L000966,816,740+,86.7,81-100,37.2,36-43,CA,purchase,owner,sfr,205154,3.75,360,2023-12-01,2023
L000967,696,680-739,69.8,61-80,37.9,36-43,NY,refinance,owner,townhouse,623342,5.5,360,2023-10-01,2023
L000968,775,740+,64.6,61-80,31.3,21-35,FL,purchase,owner,sfr,422856,5.0,180,2023-04-01,2023
L000969,598,<620,95.3,81-100,38.6,36-43,IL,refinance,owner,sfr,538417,6.25,360,2023-08-01,2023
L000970,592,<620,81.0,81-100,38.8,36-43,FL,purchase,owner,sfr,174145,5.75,360,2023-10-01,2023
L000971,809,740+,73.3,61-80,24.9,21-35,IL,refinance,owner,sfr,177653,5.5,360,2023-03-01,2023
L000972,810,740+,44.8,<=60,21.7,21-35,NY,refinance,owner,sfr,171800,5.25,180,2023-01-01,2023
L000973,583,<620,51.0,<=60,35.1,36-43,WA,refinance,owner,sfr,450311,6.75,180,2023-07-01,2023
L000974,638,620-679,46.8,<=60,29.3,21-35,GA,refinance,owner,sfr,361741,6.5,360,2023-09-01,2023
L000975,699,680-739,71.0,61-80,20.0,21-35,FL,purchase,owner,townhouse,163491,6.25,240,2023-04-01,2023
L000976,734,680-739,71.2,61-80,40.0,36-43,IL,purchase,owner,sfr,302713,5.25,240,2023-08-01,2023
L000977,781,740+,77.8,61-80,36.8,36-43,FL,purchase,owner,sfr,342959,3.0,360,2023-02-01,2023
L000978,582,<620,87.1,81-100,45.6,44-50,NY,refinance,owner,sfr,488912,7.25,360,2023-05-01,2023
L000979,611,<620,48.8,<=60,32.5,21-35,TX,cash_out,owner,townhouse,199820,4.5,240,2023-10-01,2023
L000980,585,<620,51.5,<=60,33.7,21-35,IL,purchase,second_home,condo,256359,7.5,240,2023-01-01,2023
L000981,723,680-739,58.0,<=60,20.0,21-35,CA,refinance,owner,sfr,333387,6.0,360,2023-08-01,2023
L000982,709,680-739,78.5,61-80,45.7,44-50,IL,purchase,investor,sfr,207883,4.75,360,2023-05-01,2023
L000983,707,680-739,75.9,61-80,38.5,36-43,GA,cash_out,owner,sfr,111512,5.0,240,2023-05-01,2023
L000984,628,620-679,56.1,<=60,41.0,36-43,NY,refinance,owner,townhouse,313911,6.0,240,2023-03-01,2023
L000985,761,740+,61.1,61-80,30.7,21-35,FL,purchase,investor,sfr,140299,6.5,360,2023-08-01,2023
L000986,799,740+,77.3,61-80,32.4,21-35,NY,refinance,owner,sfr,425804,6.25,240,2023-09-01,2023
L000987,747,740+,72.6,61-80,35.9,36-43,NY,cash_out,owner,sfr,418022,7.75,240,2023-03-01,2023
L000988,816,740+,86.8,81-100,26.1,21-35,CA,purchase,owner,sfr,526885,6.0,180,2023-09-01,2023
L000989,778,740+,59.5,<=60,26.0,21-35,IL,refinance,second_home,sfr,320590,4.25,360,2023-07-01,2023
L000990,600,<620,69.6,61-80,50.9,44-50,FL,refinance,owner,townhouse,554917,5.75,240,2023-10-01,2023
L000991,770,740+,56.8,<=60,36.0,36-43,FL,refinance,investor,sfr,390862,7.75,240,2023-05-01,2023
L000992,728,680-739,88.8,81-100,26.7,21-35,IL,refinance,owner,sfr,527461,7.5,360,2023-11-01,2023
L000993,719,680-739,86.9,81-100,20.1,21-35,NY,purchase,owner,sfr,608593,6.0,180,2023-02-01,2023
L000994,628,620-679,78.9,61-80,22.3,21-35,IL,cash_out,owner,sfr,573917,8.5,240,2023-03-01,2023
L000995,663,620-679,86.2,81-100,35.9,36-43,NY,purchase,owner,sfr,237774,4.75,240,2023-11-01,2023
L000996,665,620-679,92.2,81-100,24.3,21-35,WA,purchase,owner,sfr,353436,8.5,360,2023-12-01,2023
L000997,605,<620,93.4,81-100,23.1,21-35,TX,refinance,owner,condo,123202,7.25,180,2023-12-01,2023
L000998,660,620-679,97.1,81-100,31.0,21-35,GA,purchase,owner,sfr,309774,6.75,360,2023-11-01,2023
L000999,619,<620,61.1,61-80,36.1,36-43,TX,cash_out,owner,sfr,301442,6.25,240,2023-05-01,2023
L001000,689,680-739,59.9,<=60,44.4,44-50,GA,purchase,owner,condo,310477,4.25,360,2023-09-01,2023
L001001,789,740+,91.0,81-100,25.5,21-35,GA,purchase,owner,sfr,268165,5.75,360,2023-04-01,2023
L001002,758,740+,65.5,61-80,26.6,21-35,CA,refinance,owner,sfr,229160,8.0,240,2023-11-01,2023
L001003,643,620-679,45.5,<=60,36.2,36-43,NY,refinance,second_home,sfr,321796,6.0,360,2023-02-01,2023
L001004,719,680-739,65.1,61-80,28.5,21-35,NY,purchase,owner,sfr,272399,5.0,360,2023-03-01,2023
L001005,794,740+,87.2,81-100,40.4,36-43,FL,purchase,owner,sfr,115275,4.75,360,2023-06-01,2023
L001006,807,740+,65.0,61-80,28.6,21-35,TX,purchase,investor,townhouse,186407,5.25,360,2023-11-01,2023
L001007,653,620-679,83.3,81-100,20.9,21-35,CA,purchase,owner,sfr,505378,5.25,360,2023-09-01,2023
L001008,653,620-679,76.5,61-80,26.4,21-35,TX,cash_out,owner,sfr,226400,7.0,360,2023-02-01,2023
L001009,593,<620,51.8,<=60,18.9,<=20,CA,cash_out,owner,sfr,168678,6.0,360,2023-04-01,2023
L001010,763,740+,78.7,61-80,28.1,21-35,GA,refinance,second_home,sfr,509821,7.0,360,2023-06-01,2023
L001011,649,620-679,72.1,61-80,37.2,36-43,FL,cash_out,owner,sfr,258453,4.75,360,2023-12-01,2023
L001012,665,620-679,63.8,61-80,33.3,21-35,NY,purchase,owner,townhouse,416999,7.25,360,2023-01-01,2023
L001013,672,620-679,50.6,<=60,31.8,21-35,IL,refinance,investor,sfr,138751,5.25,360,2023-08-01,2023
L001014,603,<620,95.9,81-100,21.3,21-35,IL,purchase,second_home,sfr,104299,7.0,240,2023-06-01,2023
L001015,604,<620,58.3,<=60,26.0,21-35,CA,purchase,second_home,sfr,432493,7.0,240,2023-12-01,2023
L001016,719,680-739,41.5,<=60,29.3,21-35,WA,purchase,owner,sfr,437842,5.75,360,2023-02-01,2023
L001017,683,680-739,84.4,81-100,35.0,36-43,IL,purchase,owner,sfr,529009,5.75,180,2023-12-01,2023
L001018,658,620-679,65.3,61-80,55.0,44-50,IL,purchase,investor,sfr,641026,7.75,240,2023-09-01,2023
L001019,771,740+,89.7,81-100,26.6,21-35,CA,cash_out,owner,sfr,449192,4.5,180,2023-08-01,2023
L001020,631,620-679,70.4,61-80,41.3,36-43,GA,purchase,owner,condo,564548,8.0,180,2023-06-01,2023
L001021,679,620-679,71.7,61-80,22.4,21-35,IL,cash_out,owner,condo,188365,3.5,360,2023-03-01,2023
L001022,655,620-679,80.7,81-100,23.5,21-35,IL,cash_out,owner,sfr,599677,6.75,360,2023-06-01,2023
L001023,698,680-739,73.7,61-80,15.0,<=20,FL,refinance,owner,sfr,123545,4.25,360,2023-08-01,2023
L001024,611,<620,73.6,61-80,25.7,21-35,IL,refinance,owner,sfr,323291,6.75,240,2023-09-01,2023
L001025,819,740+,88.2,81-100,42.2,36-43,CA,refinance,investor,townhouse,160311,3.25,360,2023-05-01,2023
L001026,650,620-679,58.4,<=60,32.5,21-35,TX,purchase,owner,sfr,625683,5.0,180,2023-03-01,2023
L001027,631,620-679,80.3,81-100,43.7,44-50,GA,purchase,owner,sfr,127318,5.25,360,2023-07-01,2023
L001028,747,740+,76.3,61-80,28.2,21-35,NY,purchase,owner,sfr,404177,5.0,360,2023-10-01,2023
L001029,710,680-739,47.9,<=60,42.3,36-43,FL,purchase,owner,condo,176405,3.5,360,2023-05-01,2023
L001030,758,740+,88.6,81-100,27.7,21-35,GA,refinance,owner,sfr,180328,5.75,360,2023-01-01,2023
L001031,817,740+,83.5,81-100,40.7,36-43,WA,purchase,owner,sfr,540880,4.5,360,2023-01-01,2023
L001032,747,740+,95.0,81-100,47.4,44-50,IL,refinance,second_home,sfr,110246,5.0,360,2023-02-01,2023
L001033,698,680-739,65.5,61-80,30.7,21-35,CA,refinance,second_home,sfr,336702,6.25,360,2023-05-01,2023
L001034,657,620-679,55.5,<=60,20.6,21-35,IL,purchase,owner,condo,267396,5.0,360,2023-07-01,2023
L001035,721,680-739,115.0,100+,49.3,44-50,GA,refinance,owner,sfr,123115,6.0,360,2023-01-01,2023
L001036,798,740+,56.8,<=60,24.9,21-35,IL,refinance,owner,sfr,272435,5.5,240,2023-04-01,2023
L001037,711,680-739,60.1,61-80,27.6,21-35,WA,refinance,owner,condo,142541,7.25,240,2023-12-01,2023
L001038,712,680-739,80.3,81-100,29.9,21-35,IL,cash_out,owner,sfr,554147,7.0,240,2023-06-01,2023
L001039,607,<620,65.5,61-80,40.9,36-43,NY,purchase,investor,condo,383866,6.5,240,2023-04-01,2023
L001040,685,680-739,78.2,61-80,38.9,36-43,FL,refinance,owner,condo,81014,6.5,360,2023-04-01,2023
L001041,751,740+,52.1,<=60,38.6,36-43,IL,purchase,owner,sfr,636847,6.0,180,2023-01-01,2023
L001042,777,740+,46.5,<=60,30.3,21-35,CA,purchase,owner,sfr,591013,5.5,360,2023-05-01,2023
L001043,798,740+,63.8,61-80,31.0,21-35,IL,refinance,owner,sfr,574121,2.75,240,2023-06-01,2023
L001044,735,680-739,82.1,81-100,40.1,36-43,NY,purchase,owner,sfr,639610,4.5,240,2023-01-01,2023
L001045,802,740+,71.5,61-80,47.7,44-50,TX,purchase,owner,sfr,143763,5.5,240,2023-09-01,2023
L001046,594,<620,89.9,81-100,21.5,21-35,FL,refinance,owner,sfr,419731,6.0,360,2023-01-01,2023
L001047,720,680-739,68.1,61-80,44.0,44-50,GA,cash_out,owner,sfr,455305,5.0,360,2023-12-01,2023
L001048,641,620-679,74.8,61-80,41.5,36-43,IL,refinance,owner,condo,428292,5.5,360,2023-05-01,2023
L001049,664,620-679,58.4,<=60,38.7,36-43,GA,cash_out,owner,condo,549713,5.25,360,2023-05-01,2023
L001050,807,740+,50.1,<=60,26.5,21-35,WA,refinance,owner,sfr,149436,5.25,360,2023-03-01,2023
L001051,742,740+,53.8,<=60,33.7,21-35,WA,purchase,owner,condo,515254,7.25,360,2023-05-01,2023
L001052,686,680-739,60.1,61-80,36.4,36-43,FL,purchase,owner,sfr,400619,6.75,360,2023-03-01,2023
L001053,806,740+,101.4,100+,27.1,21-35,IL,purchase,owner,sfr,232964,6.5,360,2023-02-01,2023
L001054,675,620-679,52.7,<=60,43.5,44-50,FL,purchase,owner,sfr,378422,4.75,360,2023-01-01,2023
L001055,814,740+,58.8,<=60,28.7,21-35,CA,purchase,owner,condo,649103,7.25,240,2023-12-01,2023
L001056,650,620-679,92.5,81-100,46.8,44-50,GA,cash_out,owner,sfr,347839,7.25,360,2023-02-01,2023
L001057,647,620-679,62.0,61-80,19.5,<=20,CA,purchase,investor,sfr,236374,5.0,360,2023-01-01,2023
L001058,734,680-739,80.8,81-100,20.6,21-35,NY,purchase,owner,condo,207967,5.25,240,2023-09-01,2023
L001059,804,740+,37.9,<=60,15.9,<=20,FL,cash_out,owner,sfr,629114,6.25,360,2023-01-01,2023
L001060,598,<620,57.4,<=60,39.4,36-43,GA,cash_out,owner,townhouse,424491,6.25,360,2023-10-01,2023
L001061,755,740+,79.7,61-80,24.8,21-35,IL,purchase,owner,sfr,305637,4.5,240,2023-01-01,2023
L001062,679,620-679,46.5,<=60,25.6,21-35,WA,refinance,owner,condo,395556,4.75,240,2023-10-01,2023
L001063,789,740+,74.7,61-80,41.2,36-43,TX,cash_out,owner,sfr,305324,5.0,360,2023-09-01,2023
L001064,767,740+,72.5,61-80,48.6,44-50,TX,purchase,owner,sfr,175778,6.75,360,2023-11-01,2023
L001065,620,620-679,63.5,61-80,26.2,21-35,IL,purchase,owner,condo,496489,6.5,240,2023-04-01,2023
L001066,741,740+,67.9,61-80,45.2,44-50,TX,refinance,owner,townhouse,324041,5.25,360,2023-10-01,2023
L001067,814,740+,82.5,81-100,37.8,36-43,NY,refinance,owner,sfr,460467,6.5,360,2023-11-01,2023
L001068,615,<620,71.2,61-80,32.8,21-35,IL,cash_out,owner,sfr,434322,6.5,240,2023-10-01,2023
L001069,760,740+,86.7,81-100,22.1,21-35,IL,purchase,owner,condo,583410,5.75,360,2023-10-01,2023
L001070,606,<620,83.6,81-100,20.2,21-35,FL,purchase,investor,sfr,274226,6.25,360,2023-10-01,2023
L001071,619,<620,95.0,81-100,33.5,21-35,IL,cash_out,owner,sfr,608437,4.5,240,2023-10-01,2023
L001072,642,620-679,65.6,61-80,34.1,21-35,TX,purchase,owner,sfr,259349,7.0,180,2023-05-01,2023
L001073,709,680-739,74.5,61-80,26.7,21-35,GA,refinance,owner,sfr,249585,5.0,360,2023-02-01,2023
L001074,768,740+,56.1,<=60,24.0,21-35,NY,cash_out,owner,sfr,241247,7.0,240,2023-04-01,2023
L001075,606,<620,81.2,81-100,21.0,21-35,WA,refinance,owner,sfr,228602,5.25,360,2023-09-01,2023
L001076,589,<620,61.3,61-80,36.1,36-43,NY,refinance,owner,sfr,602310,5.25,180,2023-05-01,2023
L001077,753,740+,81.2,81-100,39.0,36-43,CA,purchase,owner,sfr,555513,6.75,240,2023-12-01,2023
L001078,657,620-679,67.8,61-80,39.4,36-43,FL,purchase,owner,sfr,525512,7.0,240,2023-10-01,2023
L001079,722,680-739,69.4,61-80,38.4,36-43,WA,purchase,owner,sfr,188149,5.25,240,2023-11-01,2023
L001080,681,680-739,75.4,61-80,28.0,21-35,IL,refinance,owner,sfr,295414,5.25,360,2023-05-01,2023
L001081,718,680-739,60.8,61-80,47.3,44-50,WA,purchase,owner,condo,251009,5.0,360,2023-03-01,2023
L001082,659,620-679,61.9,61-80,23.8,21-35,CA,purchase,owner,townhouse,220915,7.0,360,2023-12-01,2023
L001083,783,740+,62.6,61-80,38.0,36-43,TX,refinance,owner,condo,538217,5.75,360,2023-01-01,2023
L001084,607,<620,63.8,61-80,29.3,21-35,FL,cash_out,owner,sfr,305141,8.25,360,2023-10-01,2023
L001085,764,740+,81.2,81-100,22.8,21-35,CA,refinance,owner,sfr,581228,5.25,360,2023-07-01,2023
L001086,682,680-739,66.1,61-80,27.1,21-35,CA,refinance,owner,sfr,348641,5.75,360,2023-08-01,2023
L001087,602,<620,63.3,61-80,37.8,36-43,TX,refinance,owner,condo,204904,5.75,360,2023-03-01,2023
L001088,796,740+,84.1,81-100,42.7,36-43,GA,purchase,owner,sfr,279370,4.5,240,2023-01-01,2023
L001089,762,740+,82.2,81-100,35.8,36-43,FL,refinance,owner,sfr,537556,5.75,360,2023-01-01,2023
L001090,616,<620,69.5,61-80,8.0,<=20,CA,purchase,owner,townhouse,136513,5.5,360,2023-06-01,2023
L001091,709,680-739,108.7,100+,39.5,36-43,IL,purchase,owner,condo,395756,4.5,180,2023-03-01,2023
L001092,617,<620,56.1,<=60,13.8,<=20,FL,cash_out,owner,condo,277097,7.0,180,2023-08-01,2023
L001093,625,620-679,95.9,81-100,50.3,44-50,NY,purchase,owner,sfr,551264,6.25,240,2023-05-01,2023
L001094,651,620-679,75.7,61-80,34.9,21-35,NY,purchase,owner,sfr,542589,6.0,240,2023-01-01,2023
L001095,663,620-679,86.8,81-100,34.3,21-35,TX,purchase,owner,condo,171973,5.5,360,2023-09-01,2023
L001096,816,740+,67.3,61-80,42.0,36-43,GA,purchase,owner,sfr,624321,4.0,240,2023-12-01,2023
L001097,702,680-739,89.3,81-100,30.4,21-35,CA,cash_out,owner,sfr,139738,5.5,240,2023-02-01,2023
L001098,680,680-739,57.0,<=60,30.6,21-35,FL,cash_out,owner,sfr,337284,5.75,240,2023-09-01,2023
L001099,786,740+,83.7,81-100,29.5,21-35,CA,refinance,owner,sfr,557993,6.5,360,2023-03-01,2023
L001100,589,<620,75.7,61-80,34.1,21-35,NY,purchase,owner,condo,384838,7.75,360,2023-12-01,2023
L001101,791,740+,85.3,81-100,33.7,21-35,IL,cash_out,owner,condo,328612,4.25,240,2023-03-01,2023
L001102,588,<620,64.5,61-80,35.0,21-35,CA,refinance,owner,sfr,306140,6.0,360,2023-02-01,2023
L001103,604,<620,78.1,61-80,8.0,<=20,NY,purchase,owner,sfr,163790,7.0,360,2023-10-01,2023
L001104,587,<620,60.0,61-80,32.1,21-35,IL,refinance,owner,sfr,323664,6.75,360,2023-01-01,2023
L001105,686,680-739,66.4,61-80,18.5,<=20,TX,purchase,owner,sfr,522443,7.5,360,2023-03-01,2023
L001106,814,740+,68.1,61-80,55.0,44-50,CA,purchase,owner,sfr,101415,3.75,360,2023-03-01,2023
L001107,782,740+,62.7,61-80,40.1,36-43,NY,purchase,owner,sfr,587993,5.75,360,2023-02-01,2023
L001108,597,<620,64.4,61-80,41.3,36-43,GA,refinance,investor,sfr,636707,5.25,360,2023-04-01,2023
L001109,724,680-739,53.5,<=60,37.2,36-43,TX,refinance,owner,sfr,518436,6.5,360,2023-11-01,2023
L001110,805,740+,69.9,61-80,39.0,36-43,WA,cash_out,owner,condo,557247,5.5,360,2023-11-01,2023
L001111,785,740+,93.5,81-100,24.8,21-35,IL,purchase,owner,sfr,127487,6.25,360,2023-09-01,2023
L001112,647,620-679,114.3,100+,40.0,36-43,TX,purchase,owner,sfr,564461,6.5,360,2023-07-01,2023
L001113,723,680-739,59.3,<=60,40.7,36-43,FL,cash_out,owner,sfr,400237,6.5,360,2023-02-01,2023
L001114,664,620-679,60.4,61-80,34.6,21-35,FL,refinance,owner,sfr,602774,6.5,180,2023-01-01,2023
L001115,633,620-679,76.8,61-80,39.9,36-43,NY,refinance,owner,sfr,482970,6.5,180,2023-04-01,2023
L001116,791,740+,79.3,61-80,42.5,36-43,WA,purchase,owner,sfr,89628,6.75,360,2023-07-01,2023
L001117,700,680-739,52.5,<=60,33.1,21-35,FL,refinance,owner,sfr,148665,7.5,360,2023-12-01,2023
L001118,694,680-739,37.3,<=60,22.9,21-35,FL,refinance,owner,sfr,281996,7.75,240,2023-01-01,2023
L001119,703,680-739,75.7,61-80,40.4,36-43,GA,refinance,owner,sfr,622820,6.75,360,2023-03-01,2023
L001120,630,620-679,91.8,81-100,46.8,44-50,CA,purchase,owner,condo,373991,6.25,360,2023-09-01,2023
L001121,794,740+,93.1,81-100,22.2,21-35,WA,refinance,owner,sfr,204484,4.25,360,2023-10-01,2023
L001122,723,680-739,71.7,61-80,43.5,44-50,GA,refinance,owner,townhouse,218378,5.5,180,2023-01-01,2023
L001123,665,620-679,92.7,81-100,35.3,36-43,FL,refinance,owner,townhouse,457942,5.0,240,2023-06-01,2023
L001124,723,680-739,69.3,61-80,38.6,36-43,CA,cash_out,owner,sfr,371523,5.0,360,2023-11-01,2023
L001125,636,620-679,50.9,<=60,40.6,36-43,GA,purchase,owner,sfr,281960,6.75,360,2023-10-01,2023
L001126,696,680-739,69.9,61-80,23.4,21-35,CA,refinance,owner,townhouse,378234,6.0,180,2023-12-01,2023
L001127,759,740+,87.4,81-100,35.6,36-43,FL,refinance,owner,sfr,627949,5.75,240,2023-04-01,2023
L001128,778,740+,73.8,61-80,42.2,36-43,IL,refinance,owner,condo,501602,5.75,240,2023-11-01,2023
L001129,680,680-739,63.4,61-80,45.9,44-50,TX,purchase,owner,sfr,369299,7.75,360,2023-05-01,2023
L001130,751,740+,72.7,61-80,40.9,36-43,CA,refinance,owner,sfr,598256,5.25,360,2023-02-01,2023
L001131,696,680-739,76.9,61-80,24.6,21-35,CA,purchase,owner,condo,546162,4.25,360,2023-02-01,2023
L001132,598,<620,73.9,61-80,34.9,21-35,TX,refinance,owner,sfr,574074,7.25,360,2023-09-01,2023
L001133,814,740+,76.4,61-80,30.8,21-35,IL,purchase,investor,sfr,93084,5.75,360,2023-09-01,2023
L001134,788,740+,77.5,61-80,33.6,21-35,NY,cash_out,owner,sfr,483787,6.0,240,2023-08-01,2023
L001135,741,740+,87.9,81-100,43.0,44-50,WA,purchase,investor,sfr,412027,8.5,360,2023-12-01,2023
L001136,592,<620,73.9,61-80,20.4,21-35,CA,cash_out,owner,condo,246167,5.25,360,2023-01-01,2023
L001137,741,740+,69.6,61-80,37.7,36-43,FL,refinance,owner,sfr,258435,4.75,240,2023-05-01,2023
L001138,637,620-679,77.3,61-80,37.0,36-43,GA,refinance,owner,sfr,98058,6.75,360,2023-03-01,2023
L001139,804,740+,80.8,81-100,24.3,21-35,NY,refinance,owner,townhouse,440320,5.75,240,2023-05-01,2023
L001140,601,<620,45.8,<=60,43.2,44-50,GA,refinance,owner,sfr,300256,7.5,360,2023-11-01,2023
L001141,751,740+,89.1,81-100,27.7,21-35,NY,refinance,owner,condo,302820,7.5,240,2023-09-01,2023
