loan_id,next_3m_delinquency_prob,next_6m_delinquency_prob,next_12m_default_prob,next_12m_prepayment_prob,next_state,next_state_confidence,exception_type,exception_type_confidence,anomaly_score,anomaly_reason,top_drivers,recommended_action,confidence
L000000,0.006178376386870524,0.0031876189208272115,0.0006275073949435215,0.28915826601230843,prepaid,0.9859,none,0.6673,0.7999,prepaid_positive_balance; outlier_remaining_term_months; status_source_conflict,prepaid_positive_balance; outlier_remaining_term_months; status_source_conflict,escalate_human_review,0.795
L000000,0.0059899235114485305,0.0027605129422127624,0.0006245698219123668,0.3150038396226802,prepaid,0.9801,none,0.6649,0.2499,prepaid_positive_balance; outlier_remaining_term_months; status_source_conflict,prepaid_positive_balance; outlier_remaining_term_months; status_source_conflict,reconcile_record,0.787
L000000,0.005598770680005652,0.002621898093290196,0.0005480834116391761,0.39015216314120654,prepaid,0.9743,none,0.665,0.2499,prepaid_positive_balance; outlier_remaining_term_months; status_source_conflict,prepaid_positive_balance; outlier_remaining_term_months; status_source_conflict,reconcile_record,0.761
L000000,0.0057689286153043045,0.0029156730777645558,0.0006371899254457089,0.3761760024514138,prepaid,0.9752,none,0.6645,0.2499,prepaid_positive_balance; outlier_remaining_term_months; status_source_conflict,prepaid_positive_balance; outlier_remaining_term_months; status_source_conflict,reconcile_record,0.765
L000000,0.0061199936625584974,0.0027947698759873984,0.0006838817092775987,0.31999461177924426,prepaid,0.9756,none,0.66,0.2499,prepaid_positive_balance; outlier_remaining_term_months; status_source_conflict,prepaid_positive_balance; outlier_remaining_term_months; status_source_conflict,reconcile_record,0.785
L000001,0.17069721893800208,0.25607059582357344,0.40573479846365196,0.0018597634774249507,default,0.9368,none,0.7063,0.7639,outlier_remaining_term_months; status_source_conflict,outlier_remaining_term_months; status_source_conflict,escalate_human_review,0.644
L000001,0.15891815365501968,0.2362996457375838,0.389261570324315,0.0018087667844869908,default,0.9357,none,0.7078,0.7639,outlier_remaining_term_months; status_source_conflict,outlier_remaining_term_months; status_source_conflict,escalate_human_review,0.661
L000001,0.16013213713251664,0.22729807080152353,0.4049626318028629,0.0018104195688826146,default,0.9337,none,0.6964,0.7639,outlier_remaining_term_months; status_source_conflict,outlier_remaining_term_months; status_source_conflict,escalate_human_review,0.658
L000001,0.1481576152019044,0.25526274767638174,0.4583615157228911,0.0018142178195259893,default,0.9379,none,0.6911,0.7639,outlier_remaining_term_months; status_source_conflict,outlier_remaining_term_months; status_source_conflict,escalate_human_review,0.634
L000002,0.007340465840298685,0.00281280338481831,0.00032755309092565526,0.483755658323322,prepaid,0.9847,none,0.7103,0.2259,prepaid_positive_balance; status_source_conflict,prepaid_positive_balance; status_source_conflict,reconcile_record,0.751
L000003,0.00690286483561334,0.0025600219734665123,0.0002351788678134468,0.6972646947760058,prepaid,0.9918,none,0.628,0.8059,prepaid_positive_balance; balance_source_conflict; status_source_conflict,prepaid_positive_balance; balance_source_conflict; status_source_conflict,escalate_human_review,0.785
L000003,0.006092074806914399,0.002388686709982046,0.00022140213380695997,0.707549478710459,prepaid,0.9918,none,0.6359,0.8059,prepaid_positive_balance; balance_source_conflict; status_source_conflict,prepaid_positive_balance; balance_source_conflict; status_source_conflict,escalate_human_review,0.788
L000004,0.00809183410816351,0.0029717687878596157,0.0008640081430781061,0.502005223068116,prepaid,0.9825,none,0.7397,0.2259,prepaid_positive_balance; status_source_conflict,prepaid_positive_balance; status_source_conflict,reconcile_record,0.746
L000004,0.00779520051736968,0.0029717687878596157,0.000907044710061377,0.5325465351890571,prepaid,0.9831,none,0.7308,0.2259,prepaid_positive_balance; status_source_conflict,prepaid_positive_balance; status_source_conflict,reconcile_record,0.756
L000004,0.008796175484952559,0.002962260428941481,0.0008616358863173026,0.5589778715266586,prepaid,0.9828,none,0.7345,0.2259,prepaid_positive_balance; status_source_conflict,prepaid_positive_balance; status_source_conflict,reconcile_record,0.765
L000004,0.007334141704215571,0.003007066364755708,0.0008968612072318798,0.4793446193004751,prepaid,0.9773,none,0.724,0.2259,prepaid_positive_balance; status_source_conflict,prepaid_positive_balance; status_source_conflict,reconcile_record,0.753
L000005,0.0071776819758014926,0.0015834999296727333,0.0002473891745133566,0.7761403452015365,prepaid,0.9872,none,0.7922,0.2259,prepaid_positive_balance; status_source_conflict,prepaid_positive_balance; status_source_conflict,reconcile_record,0.843
L000005,0.00783817273985712,0.0015752631001556894,0.0002467355659856105,0.8000018679380084,prepaid,0.9925,none,0.7913,0.2259,prepaid_positive_balance; status_source_conflict,prepaid_positive_balance; status_source_conflict,reconcile_record,0.851
L000005,0.007362350503251979,0.0014025034640280463,0.00027060804837222705,0.7634363092212819,prepaid,0.9818,none,0.615,0.2259,prepaid_positive_balance; status_source_conflict,prepaid_positive_balance; status_source_conflict,reconcile_record,0.838
L000006,0.010005099438888589,0.0033900311739499117,0.0006048435321369384,0.6351215733471477,prepaid,0.8415,none,0.7993,0.2259,prepaid_positive_balance; status_source_conflict,prepaid_positive_balance; status_source_conflict,reconcile_record,0.792
L000006,0.011303306259938485,0.003288657485135527,0.00044552818658581184,0.6856400450194541,prepaid,0.8277,none,0.68,0.2259,prepaid_positive_balance; status_source_conflict,prepaid_positive_balance; status_source_conflict,reconcile_record,0.809
L000006,0.011088120829615878,0.003097053094151186,0.000448713031938606,0.3981811992155664,prepaid,0.8354,none,0.7991,0.2259,prepaid_positive_balance; status_source_conflict,prepaid_positive_balance; status_source_conflict,reconcile_record,0.78
L000006,0.011278374826438196,0.0031667157595033917,0.0005955937742173605,0.6706830678574929,prepaid,0.8383,none,0.7993,0.2259,prepaid_positive_balance; status_source_conflict,prepaid_positive_balance; status_source_conflict,reconcile_record,0.804
L000007,0.06956061897573142,0.08738752010038535,0.0005614432250687587,0.8553540696056835,current,0.7804,none,0.7813,0.1149,status_source_conflict,status_source_conflict,reconcile_record,0.854
L000007,0.09355015158045843,0.0876776459230253,0.001386556060749961,0.8199309541258307,current,0.7482,none,0.7745,0.1149,status_source_conflict,status_source_conflict,reconcile_record,0.833
L000007,0.009368786226331324,0.0033308438769528124,0.0003290899945748586,0.8215330819053598,prepaid,0.9425,none,0.7276,0.2259,prepaid_positive_balance; status_source_conflict,prepaid_positive_balance; status_source_conflict,reconcile_record,0.857
L000007,0.008661135577062792,0.0032679740752680846,0.0003290899945748586,0.8301507684591662,prepaid,0.9382,none,0.7263,0.2259,prepaid_positive_balance; status_source_conflict,prepaid_positive_balance; status_source_conflict,reconcile_record,0.86
L000007,0.008191181905241257,0.002929887646698621,0.0003290899945748586,0.8301507684591662,prepaid,0.9382,none,0.7259,0.2259,prepaid_positive_balance; status_source_conflict,prepaid_positive_balance; status_source_conflict,reconcile_record,0.86
L000008,0.007159413991084457,0.0029124865310779517,0.0003380868800053991,0.28047683468282103,prepaid,0.7878,none,0.6598,0.2499,prepaid_positive_balance; outlier_remaining_term_months; status_source_conflict,prepaid_positive_balance; outlier_remaining_term_months; status_source_conflict,reconcile_record,0.799
L000008,0.006391523371028839,0.002558209672965399,0.0002779802751889389,0.25572116622365143,prepaid,0.9428,none,0.6547,0.2499,prepaid_positive_balance; outlier_remaining_term_months; status_source_conflict,prepaid_positive_balance; outlier_remaining_term_months; status_source_conflict,reconcile_record,0.808
L000008,0.006391523371028839,0.0024912904520470597,0.0003051805021414954,0.2648308419349507,prepaid,0.9428,none,0.6597,0.2499,prepaid_positive_balance; outlier_remaining_term_months; status_source_conflict,prepaid_positive_balance; outlier_remaining_term_months; status_source_conflict,reconcile_record,0.804
L000009,0.006122732624131631,0.001843151661592651,0.0006308520539777597,0.8649611054709084,prepaid,0.8199,source_conflict,0.6215,0.8059,prepaid_positive_balance; balance_source_conflict; status_source_conflict,prepaid_positive_balance; balance_source_conflict; status_source_conflict,escalate_human_review,0.844
L000009,0.005616827085889773,0.0016945754541765141,0.000644730290872345,0.8267618264223177,prepaid,0.827,source_conflict,0.6184,0.8059,prepaid_positive_balance; balance_source_conflict; status_source_conflict,prepaid_positive_balance; balance_source_conflict; status_source_conflict,escalate_human_review,0.83
L000009,0.006168393962906319,0.0014437230181113727,0.0006438719785533013,0.806725436254383,prepaid,0.831,source_conflict,0.6184,0.8059,prepaid_positive_balance; balance_source_conflict; status_source_conflict,prepaid_positive_balance; balance_source_conflict; status_source_conflict,escalate_human_review,0.823
L000010,0.010380697891801668,0.0033896671011712687,0.0006592370567381538,0.7387738033250478,prepaid,0.9781,none,0.7949,0.2259,prepaid_positive_balance; status_source_conflict,prepaid_positive_balance; status_source_conflict,reconcile_record,0.827
L000010,0.01102441627973933,0.0033244952153751845,0.0007959968660356809,0.6762060830723456,prepaid,0.9774,none,0.7653,0.2259,prepaid_positive_balance; status_source_conflict,prepaid_positive_balance; status_source_conflict,reconcile_record,0.806
L000010,0.009914442872679737,0.0030224724192526933,0.0007334198645175156,0.7364249242303528,prepaid,0.9783,none,0.7677,0.2259,prepaid_positive_balance; status_source_conflict,prepaid_positive_balance; status_source_conflict,reconcile_record,0.827
L000011,0.021478000376184286,0.017300511379815753,0.0018365261898128495,0.0245074148201951,current,0.7817,none,0.7473,0.1149,status_source_conflict,status_source_conflict,reconcile_record,0.937
L000011,0.02425013494617226,0.018653424610652242,0.001820661859070794,0.027427948062755933,current,0.7786,none,0.7628,0.1149,status_source_conflict,status_source_conflict,reconcile_record,0.935
L000012,0.07802091550367721,0.12127725645738978,0.011363262029727997,0.3660144177996079,current,0.6667,none,0.776,0.2139,outlier_remaining_term_months; status_source_conflict,outlier_remaining_term_months; status_source_conflict,reconcile_record,0.734
L000012,0.1518280289838484,0.15653406575106876,0.00992034029941737,0.3117834724250675,current,0.7296,none,0.7376,0.2139,outlier_remaining_term_months; status_source_conflict,outlier_remaining_term_months; status_source_conflict,reconcile_record,0.716
L000012,0.10688722157473705,0.10989988588520343,0.01074990036009659,0.2504789431274505,current,0.7402,none,0.777,0.2139,outlier_remaining_term_months; status_source_conflict,outlier_remaining_term_months; status_source_conflict,reconcile_record,0.769
L000012,0.11553347462755408,0.11645457553834763,0.012601487921575102,0.2544407750158865,current,0.7169,missing_docs,0.8911,0.2139,outlier_remaining_term_months; status_source_conflict,outlier_remaining_term_months; status_source_conflict,reconcile_record,0.761
L000015,0.02907294057900335,0.02497494253524386,0.0007274500206068854,0.0019491715081976144,current,0.7691,none,0.7076,0.1149,status_source_conflict,status_source_conflict,reconcile_record,0.94
L000015,0.03934581307313192,0.04629896639252857,0.0015548556152393843,0.002559865151751275,current,0.737,none,0.6839,0.1149,status_source_conflict,status_source_conflict,reconcile_record,0.929
L000015,0.033855175711650774,0.026843416229375274,0.0009668701818142749,0.0018334081203001853,current,0.7428,none,0.6928,0.1149,status_source_conflict,status_source_conflict,reconcile_record,0.938
L000016,0.01096533103103993,0.004355229206670714,0.006270435872629251,0.36205767663368277,prepaid,0.9953,none,0.7569,0.2259,prepaid_positive_balance; status_source_conflict,prepaid_positive_balance; status_source_conflict,reconcile_record,0.79
L000016,0.011584860021176457,0.0036844339733920744,0.002808153923898157,0.47285368364837127,prepaid,0.9894,none,0.6196,0.2259,prepaid_positive_balance; status_source_conflict,prepaid_positive_balance; status_source_conflict,reconcile_record,0.753
L000016,0.010915695670582799,0.0036763410829236723,0.003020792627702886,0.46197466392146885,prepaid,0.9972,none,0.7558,0.2259,prepaid_positive_balance; status_source_conflict,prepaid_positive_balance; status_source_conflict,reconcile_record,0.756
L000017,0.05547371881294589,0.026097510188491074,0.005866607676658826,0.06100252990413698,current,0.6921,none,0.7229,0.1149,status_source_conflict,status_source_conflict,reconcile_record,0.908
L000017,0.043914878986061445,0.02680622882138725,0.0033412317942664634,0.057717539124551916,current,0.6543,none,0.6146,0.1149,status_source_conflict,status_source_conflict,reconcile_record,0.914
L000017,0.06158825080590203,0.03469144158787,0.005015099440760032,0.04036930245535403,current,0.6819,none,0.7355,0.1149,status_source_conflict,status_source_conflict,reconcile_record,0.91
L000017,0.0560973557656565,0.03270551065871835,0.0038722655421872883,0.06501207685778532,current,0.6882,none,0.717,0.1149,status_source_conflict,status_source_conflict,reconcile_record,0.905
L000017,0.07368297163673408,0.03694640803805984,0.005478316282897095,0.05381291784728467,current,0.6215,none,0.7258,0.1149,status_source_conflict,status_source_conflict,reconcile_record,0.901
L000018,0.010813376449845091,0.0033470819838947604,0.00075393656078992,0.0835705485866297,prepaid,0.9638,none,0.6778,0.2259,prepaid_positive_balance; status_source_conflict,prepaid_positive_balance; status_source_conflict,reconcile_record,0.89
L000018,0.010832848628634649,0.0031997400939980467,0.000779019383434001,0.07620646409040066,prepaid,0.9638,none,0.6838,0.2259,prepaid_positive_balance; status_source_conflict,prepaid_positive_balance; status_source_conflict,reconcile_record,0.892
L000018,0.01093676203225067,0.003207487081898408,0.000779019383434001,0.08347251906209485,prepaid,0.9637,none,0.6808,0.2259,prepaid_positive_balance; status_source_conflict,prepaid_positive_balance; status_source_conflict,reconcile_record,0.89
L000019,0.037832613781807994,0.01962116823441844,0.008564568730261657,0.009963369153192556,current,0.7502,none,0.8092,0.1149,status_source_conflict,status_source_conflict,reconcile_record,0.933
L000019,0.039351510284373836,0.019517026169114743,0.00700239262499417,0.012104133794853167,current,0.7558,none,0.797,0.1149,status_source_conflict,status_source_conflict,reconcile_record,0.933
L000019,0.039244268957045865,0.019689711541270413,0.0072530242629136035,0.009267712328432482,current,0.758,none,0.7904,0.1149,status_source_conflict,status_source_conflict,reconcile_record,0.933
L000020,0.1185278367818226,0.4387563082455006,0.8085254436653813,0.017698160975337936,current,0.6953,none,0.7031,0.2379,future_update; outlier_remaining_term_months; status_source_conflict,future_update; outlier_remaining_term_months; status_source_conflict,reconcile_record,0.644
L000020,0.23311870564244938,0.5786866330200752,0.8919104220307457,0.06230196277126532,60_dpd,0.4593,none,0.6064,0.7639,outlier_remaining_term_months; status_source_conflict,outlier_remaining_term_months; status_source_conflict,escalate_human_review,0.648
L000020,0.14036486566508533,0.3910989780383651,0.8508953259515654,0.0011132812238346713,default,0.9271,none,0.6317,0.7639,outlier_remaining_term_months; status_source_conflict,outlier_remaining_term_months; status_source_conflict,escalate_human_review,0.697
L000021,0.016278764064268775,0.007335998450476701,0.0006592628653892562,0.8900594442566304,current,0.7867,none,0.7781,0.6649,status_source_conflict,status_source_conflict,reconcile_record,0.913
L000021,0.0060924004152666375,0.001307426903268869,0.00040969080976493874,0.8728046710212226,prepaid,0.9667,none,0.7999,0.2259,prepaid_positive_balance; status_source_conflict,prepaid_positive_balance; status_source_conflict,reconcile_record,0.876
L000021,0.0061223634927213555,0.0015538768483576697,0.0004096568229560457,0.8803647887315935,prepaid,0.9573,missing_docs,0.8162,0.2259,prepaid_positive_balance; status_source_conflict,prepaid_positive_balance; status_source_conflict,reconcile_record,0.879
L000021,0.006933482895780971,0.0017715360894469227,0.00044569307807384425,0.8793963892194497,prepaid,0.968,none,0.7937,0.2259,prepaid_positive_balance; status_source_conflict,prepaid_positive_balance; status_source_conflict,reconcile_record,0.879
L000021,0.005085371998444078,0.0012345072210246753,0.0004462815969279255,0.8775557402709023,prepaid,0.9625,none,0.8139,0.2259,prepaid_positive_balance; status_source_conflict,prepaid_positive_balance; status_source_conflict,reconcile_record,0.879
L000021,0.005118621848032571,0.0013692193533380384,0.0004462815969279255,0.8775557402709023,prepaid,0.9625,none,0.8139,0.2259,prepaid_positive_balance; status_source_conflict,prepaid_positive_balance; status_source_conflict,reconcile_record,0.879
L000022,0.017203548541164175,0.01936602599344152,0.0004250041546075065,0.03380702087859761,current,0.8523,none,0.6945,0.6649,status_source_conflict,status_source_conflict,reconcile_record,0.936
L000022,0.017954791258553163,0.016996898483398543,0.0004027341314282598,0.02690668568012951,current,0.8571,none,0.6941,0.1149,status_source_conflict,status_source_conflict,reconcile_record,0.938
L000022,0.01820785781044837,0.016402432463309382,0.0003510748501320009,0.021370640142514764,current,0.8238,none,0.5518,0.1149,status_source_conflict,status_source_conflict,reconcile_record,0.94
L000022,0.01974659076765428,0.01877886793901296,0.000359878722697695,0.024392257363273075,current,0.8276,none,0.6406,0.1149,status_source_conflict,status_source_conflict,reconcile_record,0.938
L000023,0.0063732863016520945,0.0025752081899490216,0.0005321517958940168,0.8188188774481312,prepaid,0.8718,none,0.7167,0.2499,prepaid_positive_balance; outlier_remaining_term_months; status_source_conflict,prepaid_positive_balance; outlier_remaining_term_months; status_source_conflict,reconcile_record,0.834
L000023,0.006862877521251705,0.0020836229288965476,0.0005756500807007276,0.8251378573697498,prepaid,0.8731,missing_docs,0.8233,0.2499,prepaid_positive_balance; outlier_remaining_term_months; status_source_conflict,prepaid_positive_balance; outlier_remaining_term_months; status_source_conflict,reconcile_record,0.836
L000023,0.006563422057659661,0.0020171319394791053,0.000732142746889793,0.839445850488992,prepaid,0.7188,none,0.7478,0.2739,prepaid_positive_balance; outlier_remaining_term_months; outlier_paydown_rate,prepaid_positive_balance; outlier_remaining_term_months; outlier_paydown_rate,reconcile_record,0.817
L000023,0.005357436485475435,0.0024585501154447335,0.0004451525979903366,0.8229471332619687,prepaid,0.8718,none,0.8278,0.2739,prepaid_positive_balance; outlier_remaining_term_months; outlier_paydown_rate,prepaid_positive_balance; outlier_remaining_term_months; outlier_paydown_rate,reconcile_record,0.811
L000023,0.006161140201627066,0.0025459298361708528,0.00044589020242042217,0.8318417128359016,prepaid,0.8794,none,0.8315,0.2499,prepaid_positive_balance; outlier_remaining_term_months; status_source_conflict,prepaid_positive_balance; outlier_remaining_term_months; status_source_conflict,reconcile_record,0.838
L000025,0.05520421353191223,0.016799357798205627,0.000997131322009725,0.008755419453738002,current,0.6805,none,0.6731,0.1149,status_source_conflict,status_source_conflict,reconcile_record,0.931
L000026,0.008510362514214042,0.0022801593341697547,0.0006866315475781562,0.7594999216401309,prepaid,0.9144,none,0.8511,0.2499,prepaid_positive_balance; outlier_remaining_term_months; status_source_conflict,prepaid_positive_balance; outlier_remaining_term_months; status_source_conflict,reconcile_record,0.812
L000026,0.008510362514214042,0.0022801593341697547,0.0006866315475781562,0.7594999216401309,prepaid,0.9144,none,0.8511,0.2499,prepaid_positive_balance; outlier_remaining_term_months; status_source_conflict,prepaid_positive_balance; outlier_remaining_term_months; status_source_conflict,reconcile_record,0.812
L000026,0.008510362514214042,0.0022801593341697547,0.0006866315475781562,0.7596274112243346,prepaid,0.9144,none,0.8511,0.2499,prepaid_positive_balance; outlier_remaining_term_months; status_source_conflict,prepaid_positive_balance; outlier_remaining_term_months; status_source_conflict,reconcile_record,0.812
L000026,0.008416186469592895,0.0025623315845093946,0.001010766792182984,0.716899343933196,prepaid,0.911,none,0.8406,0.2499,prepaid_positive_balance; outlier_remaining_term_months; status_source_conflict,prepaid_positive_balance; outlier_remaining_term_months; status_source_conflict,reconcile_record,0.796
L000026,0.008345086437127551,0.0026116875610756093,0.0006715875007482461,0.7426862165925034,prepaid,0.9164,none,0.8511,0.2499,prepaid_positive_balance; outlier_remaining_term_months; status_source_conflict,prepaid_positive_balance; outlier_remaining_term_months; status_source_conflict,reconcile_record,0.806
L000027,0.007894778208134745,0.0023582773079619604,0.001144536067585792,0.5828375609496734,prepaid,0.9305,none,0.6132,0.8239,prepaid_positive_balance; outlier_remaining_term_months; outlier_paydown_rate,prepaid_positive_balance; outlier_remaining_term_months; outlier_paydown_rate,escalate_human_review,0.726
L000027,0.007550615184170585,0.0025403226481446263,0.0014899289255614866,0.637654248003826,prepaid,0.8667,none,0.7305,0.8239,prepaid_positive_balance; outlier_remaining_term_months; outlier_paydown_rate,prepaid_positive_balance; outlier_remaining_term_months; outlier_paydown_rate,escalate_human_review,0.745
L000027,0.007775628502780741,0.0027470184768019212,0.0011912807148477997,0.5947374827518969,prepaid,0.9674,none,0.7868,0.7999,prepaid_positive_balance; outlier_remaining_term_months; status_source_conflict,prepaid_positive_balance; outlier_remaining_term_months; status_source_conflict,escalate_human_review,0.754
L000027,0.007489299381959291,0.0025890895714417053,0.0011899128593902354,0.6216742023419041,prepaid,0.964,none,0.6428,0.7999,prepaid_positive_balance; outlier_remaining_term_months; status_source_conflict,prepaid_positive_balance; outlier_remaining_term_months; status_source_conflict,escalate_human_review,0.764
L000028,0.23306023888630775,0.34733530411619734,0.15247761205168678,0.002501556494422226,current,0.6113,none,0.6322,0.7639,outlier_remaining_term_months; balance_source_conflict,outlier_remaining_term_months; balance_source_conflict,escalate_human_review,0.678
L000028,0.22938773733008197,0.2345121280720123,0.13303389580414496,0.0023900266626161112,current,0.5593,none,0.6914,0.7639,outlier_remaining_term_months; balance_source_conflict,outlier_remaining_term_months; balance_source_conflict,escalate_human_review,0.726
L000028,0.20420873502177617,0.22628765351260927,0.12171513215366943,0.0029510866018579267,current,0.5821,none,0.6335,0.7639,outlier_remaining_term_months; balance_source_conflict,outlier_remaining_term_months; balance_source_conflict,escalate_human_review,0.741
L000028,0.2581991719830696,0.29681438660570064,0.1334672473550337,0.003966556625562266,current,0.5465,none,0.6503,0.7639,outlier_remaining_term_months; balance_source_conflict,outlier_remaining_term_months; balance_source_conflict,escalate_human_review,0.694
L000028,0.17917539837923788,0.2920117815596074,0.19188407876476896,0.003883783290481576,current,0.5326,none,0.655,0.7639,outlier_remaining_term_months; balance_source_conflict,outlier_remaining_term_months; balance_source_conflict,escalate_human_review,0.703
L000029,0.14528858675315567,0.21301820471637709,0.015641771713919436,0.1040432036019936,current,0.771,none,0.6852,0.1149,status_source_conflict,status_source_conflict,reconcile_record,0.793
L000029,0.17472015383776907,0.22661140852521755,0.014684310365122404,0.1144695242338376,current,0.7651,none,0.6918,0.1149,status_source_conflict,status_source_conflict,reconcile_record,0.775
L000029,0.1615613383761453,0.21004095215293814,0.014372416018910412,0.11141915977708505,current,0.7741,missing_docs,0.8829,0.1149,status_source_conflict,status_source_conflict,reconcile_record,0.786
L000029,0.1847135964256743,0.2598068379581795,0.015384531696338806,0.1805331594180378,current,0.7377,none,0.6783,0.1149,status_source_conflict,status_source_conflict,reconcile_record,0.736
L000030,0.006915339727760928,0.0012834043092063423,0.000734550746722693,0.8299985037022627,prepaid,0.9393,none,0.8075,0.2499,prepaid_positive_balance; outlier_remaining_term_months; status_source_conflict,prepaid_positive_balance; outlier_remaining_term_months; status_source_conflict,reconcile_record,0.838
L000030,0.006920543530738326,0.0012833959599829999,0.0007718735617834217,0.8619519600309736,prepaid,0.9396,none,0.8025,0.2499,prepaid_positive_balance; outlier_remaining_term_months; status_source_conflict,prepaid_positive_balance; outlier_remaining_term_months; status_source_conflict,reconcile_record,0.848
L000030,0.006920543530738326,0.0012833959599829999,0.0007718735617834217,0.8619519600309736,prepaid,0.9396,none,0.799,0.2499,prepaid_positive_balance; outlier_remaining_term_months; status_source_conflict,prepaid_positive_balance; outlier_remaining_term_months; status_source_conflict,reconcile_record,0.848
L000031,0.07080459118488874,0.09656660830190462,0.004734457549790094,0.06947869457839721,current,0.7461,none,0.7595,0.2139,outlier_remaining_term_months; status_source_conflict,outlier_remaining_term_months; status_source_conflict,reconcile_record,0.851
L000031,0.06811770558058176,0.08770713236076116,0.0035979794619867924,0.06734953457433862,current,0.7681,none,0.7673,0.2139,outlier_remaining_term_months; status_source_conflict,outlier_remaining_term_months; status_source_conflict,reconcile_record,0.857
L000031,0.09144407060666955,0.11531979734126586,0.006453440222807409,0.07422164530129878,current,0.6571,none,0.7817,0.2139,outlier_remaining_term_months; status_source_conflict,outlier_remaining_term_months; status_source_conflict,reconcile_record,0.835
L000032,0.2247222667248802,0.25962582349720686,0.010394828602339643,0.019695765124000737,current,0.4453,missing_docs,0.8095,0.1149,status_source_conflict,status_source_conflict,reconcile_record,0.78
L000032,0.19072591992056975,0.25313167716719637,0.008052557650569094,0.02148960306421639,current,0.6736,none,0.6054,0.1149,status_source_conflict,status_source_conflict,reconcile_record,0.794
L000032,0.1392379298916215,0.2129123485651926,0.004126867860142258,0.023123319710825,current,0.669,none,0.6102,0.1149,status_source_conflict,status_source_conflict,reconcile_record,0.827
L000032,0.13900826153141288,0.22158423584161283,0.0046635096666199525,0.03239922974861275,current,0.6641,none,0.5966,0.1149,status_source_conflict,status_source_conflict,reconcile_record,0.821
L000032,0.12916368095452016,0.188988192618283,0.004313541108484562,0.03817826172668563,current,0.6528,none,0.6182,0.1149,status_source_conflict,status_source_conflict,reconcile_record,0.834
L000033,0.09108688903484312,0.06291819309628809,0.004426253384215653,0.42510950600683445,current,0.6805,none,0.8111,0.1149,status_source_conflict,status_source_conflict,reconcile_record,0.756
L000033,0.07277216277721908,0.06206566911474217,0.004482574870561627,0.4271009680911228,current,0.7021,none,0.8012,0.1149,status_source_conflict,status_source_conflict,reconcile_record,0.762
L000033,0.0779408590588409,0.07460416581558683,0.004415625142958263,0.45236519426986516,current,0.7151,none,0.7971,0.1149,status_source_conflict,status_source_conflict,reconcile_record,0.747
L000033,0.07269699304360051,0.07504663319480535,0.005204102973046723,0.4286395679831827,current,0.7075,none,0.8004,0.1149,status_source_conflict,status_source_conflict,reconcile_record,0.756
L000033,0.06835734671808724,0.06807160954109255,0.005058489836021591,0.5320800677208125,current,0.711,none,0.8013,0.1149,status_source_conflict,status_source_conflict,reconcile_record,0.747
L000034,0.059404904289423466,0.06407226391431346,0.006070144681807985,0.06297406971697345,current,0.5931,none,0.5679,0.2199,balance_source_conflict; status_source_conflict,balance_source_conflict; status_source_conflict,reconcile_record,0.863
L000035,0.00989413015109585,0.00241757977066916,0.0006955993825248242,0.8392841051836539,prepaid,0.8382,none,0.6852,0.2499,prepaid_positive_balance; outlier_remaining_term_months; status_source_conflict,prepaid_positive_balance; outlier_remaining_term_months; status_source_conflict,reconcile_record,0.839
L000035,0.00882620811070681,0.002314619116237379,0.0006997321600873382,0.7862549885581019,prepaid,0.8383,none,0.6792,0.2499,prepaid_positive_balance; outlier_remaining_term_months; status_source_conflict,prepaid_positive_balance; outlier_remaining_term_months; status_source_conflict,reconcile_record,0.821
L000036,0.12096381646067127,0.05062541285899432,0.010577118609817198,0.01724755379102561,current,0.7205,none,0.6133,0.1149,status_source_conflict,status_source_conflict,reconcile_record,0.89
L000036,0.1044302802154818,0.052599072007274435,0.009383905253748484,0.017653253313776113,current,0.7408,none,0.7267,0.1149,status_source_conflict,status_source_conflict,reconcile_record,0.896
L000036,0.10281909678996926,0.04453062753391501,0.009830007074222631,0.022478372384271375,current,0.7111,none,0.6086,0.1149,status_source_conflict,status_source_conflict,reconcile_record,0.897
L000036,0.10393931646699285,0.04508018908703287,0.0076824219054566975,0.01766918975654097,current,0.6965,none,0.7188,0.1149,status_source_conflict,status_source_conflict,reconcile_record,0.899
L000036,0.12301726351049565,0.06189700757762582,0.00826604147932614,0.017883456624000548,current,0.6733,none,0.6685,0.1149,status_source_conflict,status_source_conflict,reconcile_record,0.886
L000037,0.016006250412218016,0.004489360818125094,0.0014076454794149477,0.7830179215789413,prepaid,0.748,none,0.7218,0.2499,prepaid_positive_balance; outlier_remaining_term_months; status_source_conflict,prepaid_positive_balance; outlier_remaining_term_months; status_source_conflict,reconcile_record,0.817
L000037,0.015494312838327662,0.003919927650472872,0.0008870127670692485,0.8035816165329982,prepaid,0.9125,none,0.7373,0.2499,prepaid_positive_balance; outlier_remaining_term_months; status_source_conflict,prepaid_positive_balance; outlier_remaining_term_months; status_source_conflict,reconcile_record,0.824
L000038,0.10839543189467449,0.11020271334439603,0.008827268703376722,0.1771799513937948,current,0.6505,none,0.8542,0.1149,status_source_conflict,status_source_conflict,reconcile_record,0.819
L000038,0.10019823712601417,0.10722280203277475,0.008761359875437863,0.17306417037968172,current,0.6567,none,0.8363,0.1149,status_source_conflict,status_source_conflict,reconcile_record,0.824
L000039,0.1060893304170016,0.08129912312390342,0.008347570584861394,0.047289729316043534,current,0.7468,none,0.6425,0.6649,status_source_conflict,status_source_conflict,reconcile_record,0.875
L000039,0.09739050211547857,0.09824455322097236,0.002528885958676358,0.03896056206205107,current,0.6897,none,0.6546,0.1149,status_source_conflict,status_source_conflict,reconcile_record,0.877
L000039,0.09698696874035316,0.08782656784018877,0.005643909307170507,0.04249467421539437,current,0.6974,none,0.6441,0.1149,status_source_conflict,status_source_conflict,reconcile_record,0.879
L000040,0.005607940985008415,0.0012834607469957035,0.00041032267292112796,0.35018749144484357,prepaid,0.982,source_conflict,0.6856,0.7999,prepaid_positive_balance; outlier_remaining_term_months; balance_source_conflict,prepaid_positive_balance; outlier_remaining_term_months; balance_source_conflict,escalate_human_review,0.775
L000040,0.005760333953648192,0.0013779428218997289,0.00040958990811211727,0.5111715706665177,prepaid,0.9812,source_conflict,0.682,0.7999,prepaid_positive_balance; outlier_remaining_term_months; balance_source_conflict,prepaid_positive_balance; outlier_remaining_term_months; balance_source_conflict,escalate_human_review,0.726
L000042,0.33861787360715717,0.6663660966414008,0.013385445906629065,0.05027497012713783,current,0.5831,none,0.8177,0.1149,status_source_conflict,status_source_conflict,reconcile_record,0.702
L000042,0.3264358795420464,0.7283564021302068,0.014236422066529045,0.04015911248040887,current,0.5233,none,0.7862,0.1149,status_source_conflict,status_source_conflict,reconcile_record,0.732
L000042,0.3450534512372478,0.6622114708771095,0.015167879440970282,0.06993052754462281,current,0.537,none,0.6632,0.1149,status_source_conflict,status_source_conflict,reconcile_record,0.691
L000043,0.007347285540702487,0.0024796095089256137,0.0015380110598677199,0.8468279506817424,prepaid,0.6735,none,0.6907,0.2259,prepaid_positive_balance; status_source_conflict,prepaid_positive_balance; status_source_conflict,reconcile_record,0.867
L000044,0.03207771088513755,0.031408337385374976,0.009003468259725284,0.00534995908492072,current,0.769,none,0.8054,0.1149,status_source_conflict,status_source_conflict,reconcile_record,0.933
L000044,0.024303060479115016,0.021502317698474743,0.012724513829741857,0.00984029043733374,current,0.7782,none,0.8111,0.1149,status_source_conflict,status_source_conflict,reconcile_record,0.936
L000044,0.02134428415395402,0.024031438707603478,0.011703162870325115,0.0073305977379671304,current,0.7431,none,0.6665,0.1149,status_source_conflict,status_source_conflict,reconcile_record,0.938
L000045,0.022534195480071958,0.01248088588132521,0.0004400880237787482,0.08049548291978444,current,0.7211,none,0.8213,0.1149,status_source_conflict,status_source_conflict,reconcile_record,0.919
L000045,0.017986928193231385,0.0055505419512632504,0.00039157590224909615,0.12337074003044675,current,0.7283,missing_docs,0.8788,0.1149,status_source_conflict,status_source_conflict,reconcile_record,0.908
L000045,0.017867154267458052,0.005735499953116448,0.00046211659896230124,0.15716129015496214,current,0.6868,none,0.7151,0.1149,status_source_conflict,status_source_conflict,reconcile_record,0.896
L000045,0.016826967237529952,0.006358375398620175,0.0009349062620926073,0.11887942417269766,current,0.6379,none,0.6273,0.2139,outlier_paydown_rate; status_source_conflict,outlier_paydown_rate; status_source_conflict,reconcile_record,0.886
L000045,0.020725749493662016,0.007205454056458495,0.0005845033805900276,0.11241935616962616,current,0.6798,none,0.7967,0.2139,outlier_paydown_rate; status_source_conflict,outlier_paydown_rate; status_source_conflict,reconcile_record,0.887
L000046,0.013780116839106904,0.006781941984817786,0.0007642612581406386,0.03842751829696527,current,0.7398,none,0.6717,0.1149,status_source_conflict,status_source_conflict,reconcile_record,0.939
L000046,0.022008058041083103,0.012135026523082593,0.0020108002748988993,0.04338952798262471,current,0.7257,none,0.6742,0.1149,status_source_conflict,status_source_conflict,reconcile_record,0.932
L000047,0.25677527151476925,0.3215775806088517,0.8189946714251864,0.00018304292028921342,default,0.9807,none,0.6936,0.6649,status_source_conflict,status_source_conflict,reconcile_record,0.694
L000047,0.21765816735735366,0.3329486966431117,0.827925540600908,0.00015670820296687202,default,0.9761,none,0.692,0.6649,status_source_conflict,status_source_conflict,reconcile_record,0.707
L000047,0.22579645037911536,0.33617783945710006,0.828564612246065,0.00019147211474902936,default,0.9715,none,0.6932,0.6649,status_source_conflict,status_source_conflict,reconcile_record,0.703
L000047,0.22579645037911536,0.3267576700745017,0.8230514726698942,0.0002212482231424732,default,0.9717,none,0.6943,0.6649,status_source_conflict,status_source_conflict,reconcile_record,0.705
L000048,0.13164829881572596,0.2465943392596653,0.0025331324901224127,0.004795858884435393,current,0.6419,none,0.832,0.1149,status_source_conflict,status_source_conflict,reconcile_record,0.825
L000048,0.1231039425667907,0.268481592533784,0.003495283189778297,0.005229729716980498,current,0.6045,none,0.7905,0.1149,status_source_conflict,status_source_conflict,reconcile_record,0.82
L000048,0.13948272654036944,0.2523795216194747,0.0031897729749035923,0.0075671042276888685,current,0.6353,none,0.8068,0.1149,status_source_conflict,status_source_conflict,reconcile_record,0.819
L000048,0.08753244800259806,0.254654675694506,0.0028270932625329374,0.007607235978473949,current,0.6351,none,0.82,0.1149,status_source_conflict,status_source_conflict,reconcile_record,0.837
L000048,0.08869803163789587,0.2590189951026112,0.0029500807735772776,0.009527761194136591,current,0.637,none,0.7899,0.1149,status_source_conflict,status_source_conflict,reconcile_record,0.834
L000049,0.0068025224083291015,0.0018848197452040517,0.001709835108049545,0.6889415634889383,prepaid,0.8997,none,0.8346,0.2259,prepaid_positive_balance; status_source_conflict,prepaid_positive_balance; status_source_conflict,reconcile_record,0.811
L000049,0.006208959502645151,0.002076098261929269,0.0014514630619044374,0.5669312562191827,prepaid,0.8893,none,0.8338,0.2259,prepaid_positive_balance; status_source_conflict,prepaid_positive_balance; status_source_conflict,reconcile_record,0.769
L000050,0.023390088071483347,0.0099318309822077,0.0012945856417106735,0.009896723366414041,current,0.5163,missing_docs,0.8631,0.7639,outlier_remaining_term_months; status_source_conflict,outlier_remaining_term_months; status_source_conflict,escalate_human_review,0.921
L000050,0.02244798098756924,0.009393795369206358,0.001235501888440106,0.009724157401340007,current,0.7581,none,0.6451,0.7639,outlier_remaining_term_months; status_source_conflict,outlier_remaining_term_months; status_source_conflict,escalate_human_review,0.921
L000050,0.022745215222209722,0.01338924563396446,0.0006529212746366206,0.009781332332197685,current,0.7667,none,0.6408,0.7639,outlier_remaining_term_months; status_source_conflict,outlier_remaining_term_months; status_source_conflict,escalate_human_review,0.92
L000051,0.0263110858392975,0.03527543864122408,0.0025124089721951805,0.14042468230672886,current,0.741,none,0.6472,0.1149,status_source_conflict,status_source_conflict,reconcile_record,0.889
L000051,0.02373245497899833,0.04757135208714783,0.002770782653394187,0.1500536098595878,current,0.7117,none,0.7352,0.1149,status_source_conflict,status_source_conflict,reconcile_record,0.882
L000051,0.0240715733254255,0.03997182330199773,0.002516758618269136,0.19961471052946367,current,0.7513,none,0.743,0.1149,status_source_conflict,status_source_conflict,reconcile_record,0.867
L000051,0.0229693494871135,0.04512728883736578,0.0025608853199352902,0.19340411670556712,current,0.7382,none,0.7274,0.1149,status_source_conflict,status_source_conflict,reconcile_record,0.868
L000052,0.08387463870303108,0.12175820880468635,0.014950249513641508,0.0006549262204466601,current,0.7059,none,0.7096,0.6649,status_source_conflict,status_source_conflict,reconcile_record,0.882
L000052,0.17081701140025563,0.23778201601993007,0.09756856144408717,0.0007780022650443278,current,0.3929,none,0.6707,0.7759,dpd_status_break; status_source_conflict,dpd_status_break; status_source_conflict,escalate_human_review,0.747
L000052,0.08271502438489677,0.15590557918955233,0.1120852214909891,0.0009567796503331342,current,0.6255,none,0.6887,0.6649,status_source_conflict,status_source_conflict,reconcile_record,0.837
L000052,0.11125118188106432,0.16020149384208493,0.07777689005080038,0.0008841791970994931,current,0.6106,none,0.7008,0.6649,status_source_conflict,status_source_conflict,reconcile_record,0.838
L000052,0.10186765342010191,0.12410814673991637,0.05475044848096814,0.0008244590457132779,current,0.6075,missing_docs,0.7823,0.6649,status_source_conflict,status_source_conflict,reconcile_record,0.861
L000053,0.30006476090508377,0.49128261925452205,0.8648534547647658,0.0007146380727489152,default,0.9702,none,0.7467,0.7639,outlier_remaining_term_months; status_source_conflict,outlier_remaining_term_months; status_source_conflict,escalate_human_review,0.611
L000053,0.24339610577335033,0.4706636202158145,0.8340724187621976,0.0008134522930242113,default,0.9695,none,0.7341,0.7639,outlier_remaining_term_months; status_source_conflict,outlier_remaining_term_months; status_source_conflict,escalate_human_review,0.628
L000053,0.3043279401170401,0.4827412454681042,0.8679567785144808,0.0007124109573743057,default,0.9588,none,0.619,0.7639,outlier_remaining_term_months; status_source_conflict,outlier_remaining_term_months; status_source_conflict,escalate_human_review,0.614
L000053,0.30006476090508377,0.49128261925452205,0.8648534547647658,0.0007146380727489152,default,0.9702,none,0.7467,0.7639,outlier_remaining_term_months; status_source_conflict,outlier_remaining_term_months; status_source_conflict,escalate_human_review,0.611
L000053,0.292633692027971,0.49128261925452205,0.8647417715995739,0.0006934576952404204,default,0.9702,none,0.7467,0.7639,outlier_remaining_term_months; status_source_conflict,outlier_remaining_term_months; status_source_conflict,escalate_human_review,0.614
L000054,0.007658595518375738,0.0017893769643979839,0.0007880481954051184,0.9601545512785709,prepaid,0.8885,none,0.7285,0.2499,prepaid_positive_balance; outlier_remaining_term_months; status_source_conflict,prepaid_positive_balance; outlier_remaining_term_months; status_source_conflict,reconcile_record,0.883
L000054,0.008027590659801792,0.0017279062384037678,0.0009266912365687949,0.9618889777129093,prepaid,0.9034,none,0.7444,0.2499,prepaid_positive_balance; outlier_remaining_term_months; status_source_conflict,prepaid_positive_balance; outlier_remaining_term_months; status_source_conflict,reconcile_record,0.883
L000054,0.008350818333907844,0.0018101642964126407,0.0009266912365687949,0.9590248686040584,prepaid,0.8986,none,0.7277,0.7999,prepaid_positive_balance; outlier_remaining_term_months; status_source_conflict,prepaid_positive_balance; outlier_remaining_term_months; status_source_conflict,escalate_human_review,0.882
L000055,0.008645208820155665,0.0019780222835529813,0.001686303040821593,0.867788835114395,prepaid,0.7524,none,0.5999,0.2499,prepaid_positive_balance; outlier_remaining_term_months; status_source_conflict,prepaid_positive_balance; outlier_remaining_term_months; status_source_conflict,reconcile_record,0.85
L000056,0.011768003801570129,0.0032971412111328867,0.0007367210244456366,0.42078458488634535,prepaid,0.9053,none,0.85,0.2259,prepaid_positive_balance; status_source_conflict,prepaid_positive_balance; status_source_conflict,reconcile_record,0.772
L000056,0.00981646981256879,0.0032971412111328867,0.0007091065965133262,0.384637254072487,prepaid,0.9012,none,0.8484,0.2259,prepaid_positive_balance; status_source_conflict,prepaid_positive_balance; status_source_conflict,reconcile_record,0.785
L000056,0.00981646981256879,0.0032971412111328867,0.0007113973516210394,0.4266557829959292,prepaid,0.9012,none,0.8484,0.2259,prepaid_positive_balance; status_source_conflict,prepaid_positive_balance; status_source_conflict,reconcile_record,0.77
L000057,0.07968153506648544,0.0504110666920459,0.0011419415804718237,0.18581187160362092,current,0.4408,none,0.6936,0.7639,outlier_remaining_term_months; status_source_conflict,outlier_remaining_term_months; status_source_conflict,escalate_human_review,0.825
L000057,0.07699715626030997,0.04134692246554496,0.000930569381044028,0.11022889728878908,current,0.7555,none,0.7596,0.7639,outlier_remaining_term_months; status_source_conflict,outlier_remaining_term_months; status_source_conflict,escalate_human_review,0.856
L000057,0.07110522894651597,0.039542891044761226,0.0008800026063867258,0.11919824737093306,current,0.7562,none,0.7408,0.7639,outlier_remaining_term_months; status_source_conflict,outlier_remaining_term_months; status_source_conflict,escalate_human_review,0.856
L000057,0.06411862635021591,0.039951665062388654,0.0013208924719561351,0.22607495816289191,current,0.4914,none,0.6962,0.7639,outlier_remaining_term_months; status_source_conflict,outlier_remaining_term_months; status_source_conflict,escalate_human_review,0.82
L000058,0.06875303825708512,0.06945650488595938,0.011348489126005501,0.018421785034046647,current,0.748,source_conflict,0.7252,0.2139,outlier_remaining_term_months; balance_source_conflict,outlier_remaining_term_months; balance_source_conflict,reconcile_record,0.877
L000058,0.04609034654560538,0.06155102917099874,0.005387427833871306,0.02325177964104017,current,0.7793,source_conflict,0.7201,0.2139,outlier_remaining_term_months; balance_source_conflict,outlier_remaining_term_months; balance_source_conflict,reconcile_record,0.888
L000058,0.05705280270096349,0.08318981564155095,0.007228683660354441,0.028178813892407912,current,0.7531,source_conflict,0.7322,0.7639,outlier_remaining_term_months; balance_source_conflict,outlier_remaining_term_months; balance_source_conflict,escalate_human_review,0.874
L000058,0.05969484597013002,0.07986871343153003,0.00682319085575388,0.02719241202660377,current,0.7464,source_conflict,0.732,0.7639,outlier_remaining_term_months; balance_source_conflict,outlier_remaining_term_months; balance_source_conflict,escalate_human_review,0.875
L000059,0.00801308248760821,0.0021675679926323166,0.0024058310795219678,0.9048984356045793,prepaid,0.82,source_conflict,0.6771,0.2799,prepaid_positive_balance; outlier_remaining_term_months; balance_source_conflict,prepaid_positive_balance; outlier_remaining_term_months; balance_source_conflict,reconcile_record,0.832
L000059,0.009380518583053643,0.0022908675974618624,0.0025414175818142155,0.8372733792156567,prepaid,0.8287,source_conflict,0.6662,0.2799,prepaid_positive_balance; outlier_remaining_term_months; balance_source_conflict,prepaid_positive_balance; outlier_remaining_term_months; balance_source_conflict,reconcile_record,0.808
L000059,0.009380518583053643,0.0022908675974618624,0.0025414175818142155,0.8372733792156567,prepaid,0.8287,source_conflict,0.661,0.2799,prepaid_positive_balance; outlier_remaining_term_months; balance_source_conflict,prepaid_positive_balance; outlier_remaining_term_months; balance_source_conflict,reconcile_record,0.808
L000059,0.009319894143885133,0.002192924006546035,0.0024465035472590805,0.8728795189852838,prepaid,0.8243,source_conflict,0.6764,0.8299,prepaid_positive_balance; outlier_remaining_term_months; balance_source_conflict,prepaid_positive_balance; outlier_remaining_term_months; balance_source_conflict,escalate_human_review,0.82
L000060,0.03640338476161011,0.020030951791283353,0.0008927607230795847,0.9362917979362648,current,0.7274,none,0.6559,0.6649,status_source_conflict,status_source_conflict,reconcile_record,0.917
L000060,0.01190224302600801,0.002655326773779773,0.00026663591646841324,0.9267872549267814,prepaid,0.9244,none,0.6297,0.7759,prepaid_positive_balance; status_source_conflict,prepaid_positive_balance; status_source_conflict,escalate_human_review,0.893
L000060,0.007758691881500395,0.0016947371159149987,0.0002906500762789324,0.9254491621733661,prepaid,0.9303,none,0.6753,0.7759,prepaid_positive_balance; status_source_conflict,prepaid_positive_balance; status_source_conflict,escalate_human_review,0.895
L000060,0.011123180393825614,0.002764579012470541,0.0003044670816652777,0.9218630251469624,prepaid,0.9366,none,0.6495,0.2259,prepaid_positive_balance; status_source_conflict,prepaid_positive_balance; status_source_conflict,reconcile_record,0.892
L000061,0.011690571649496419,0.00230739694788741,0.004339760684363601,0.5243280114214429,prepaid,0.9452,none,0.7211,0.2499,prepaid_positive_balance; outlier_remaining_term_months; status_source_conflict,prepaid_positive_balance; outlier_remaining_term_months; status_source_conflict,reconcile_record,0.727
L000061,0.010875973246459938,0.0022993652152091255,0.003890627175434843,0.522318506985889,prepaid,0.9452,none,0.7334,0.2499,prepaid_positive_balance; outlier_remaining_term_months; status_source_conflict,prepaid_positive_balance; outlier_remaining_term_months; status_source_conflict,reconcile_record,0.727
L000062,0.05009530656808218,0.05162099739787523,0.0007781856309453926,0.26255699753641987,current,0.7029,none,0.7873,0.1149,status_source_conflict,status_source_conflict,reconcile_record,0.832
L000062,0.04791372010030342,0.044240173262885624,0.0008008703681119058,0.3556771854845384,current,0.6992,none,0.7501,0.1149,status_source_conflict,status_source_conflict,reconcile_record,0.803
L000063,0.009055681110137078,0.004105974930956311,0.0002903568975166697,0.6392078223939434,prepaid,0.976,none,0.7312,0.2499,prepaid_positive_balance; outlier_remaining_term_months; status_source_conflict,prepaid_positive_balance; outlier_remaining_term_months; status_source_conflict,reconcile_record,0.769
L000063,0.008311243845311136,0.002978637460479331,0.00030662747459828257,0.5831624780001107,prepaid,0.976,none,0.7281,0.2499,prepaid_positive_balance; outlier_remaining_term_months; status_source_conflict,prepaid_positive_balance; outlier_remaining_term_months; status_source_conflict,reconcile_record,0.75
L000063,0.008311243845311136,0.003086937969259512,0.00030662747459828257,0.5926505870890272,prepaid,0.976,none,0.7281,0.2499,prepaid_positive_balance; outlier_remaining_term_months; status_source_conflict,prepaid_positive_balance; outlier_remaining_term_months; status_source_conflict,reconcile_record,0.753
L000063,0.007570411226100331,0.0031242229917026565,0.00028181990537606746,0.6435136252172781,prepaid,0.9407,none,0.6714,0.8239,prepaid_positive_balance; outlier_remaining_term_months; outlier_paydown_rate,prepaid_positive_balance; outlier_remaining_term_months; outlier_paydown_rate,escalate_human_review,0.747
L000063,0.009391499795463762,0.004225178389211806,0.0002934958830568564,0.6398626591934464,prepaid,0.8737,none,0.6751,0.8239,prepaid_positive_balance; outlier_remaining_term_months; outlier_paydown_rate,prepaid_positive_balance; outlier_remaining_term_months; outlier_paydown_rate,escalate_human_review,0.745
L000064,0.008672982465889274,0.002525265820766031,0.0005864304253358289,0.8980543444933767,prepaid,0.9763,none,0.646,0.2259,prepaid_positive_balance; status_source_conflict,prepaid_positive_balance; status_source_conflict,reconcile_record,0.884
L000064,0.022055832357832875,0.02976054007532691,0.0013546513867378068,0.7634754709503931,current,0.621,none,0.5338,0.1251,missing_core,missing_core,reconcile_record,0.848
L000064,0.009143841292921081,0.001980129131188891,0.0005841582938210875,0.889483138545037,prepaid,0.9641,none,0.5914,0.2259,prepaid_positive_balance; status_source_conflict,prepaid_positive_balance; status_source_conflict,reconcile_record,0.881
L000064,0.007843824002887809,0.001652926902018714,0.0006335885057265597,0.892278032015152,prepaid,0.9723,none,0.6575,0.2259,prepaid_positive_balance; status_source_conflict,prepaid_positive_balance; status_source_conflict,reconcile_record,0.883
L000064,0.008033350892899365,0.0022986374648020194,0.0005826178246274523,0.9016911876448894,prepaid,0.9742,none,0.6448,0.2259,prepaid_positive_balance; status_source_conflict,prepaid_positive_balance; status_source_conflict,reconcile_record,0.886
L000065,0.01675140092508263,0.012958115263379102,0.0010930287325591629,0.005251245404320977,current,0.7956,none,0.4927,0.7699,balance_source_conflict; status_source_conflict,balance_source_conflict; status_source_conflict,escalate_human_review,0.917
L000065,0.01645698744724049,0.011299055409072006,0.0011090241964413095,0.003960609794895286,current,0.789,none,0.4912,0.7699,balance_source_conflict; status_source_conflict,balance_source_conflict; status_source_conflict,escalate_human_review,0.919
L000065,0.018302967154380668,0.015233112780280828,0.0013289953444312137,0.005574994559473227,current,0.6887,none,0.5592,0.1149,balance_source_conflict,balance_source_conflict,reconcile_record,0.946
L000065,0.017463612170402844,0.026425187613137627,0.0016509234761549949,0.0030040394112884616,current,0.7916,none,0.4999,0.7699,balance_source_conflict; status_source_conflict,balance_source_conflict; status_source_conflict,escalate_human_review,0.913
L000066,0.13345043034730164,0.07411661541480069,0.0024816428303381295,0.2948245528965367,current,0.6728,none,0.6106,0.7639,outlier_remaining_term_months; status_source_conflict,outlier_remaining_term_months; status_source_conflict,escalate_human_review,0.76
L000066,0.09346729962124684,0.06736517980415288,0.0019641986791083836,0.3480874310580034,current,0.6747,none,0.6158,0.7639,outlier_remaining_term_months; status_source_conflict,outlier_remaining_term_months; status_source_conflict,escalate_human_review,0.758
L000066,0.08750448534492583,0.04722647538426788,0.0019462873821780378,0.42051440911646426,current,0.7114,none,0.6045,0.2139,outlier_remaining_term_months; status_source_conflict,outlier_remaining_term_months; status_source_conflict,reconcile_record,0.741
L000067,0.03540000317840266,0.044237804925774706,0.009335074409636672,0.17822548557760562,current,0.724,none,0.8034,0.2379,outlier_remaining_term_months; outlier_paydown_rate; status_source_conflict,outlier_remaining_term_months; outlier_paydown_rate; status_source_conflict,reconcile_record,0.818
L000067,0.017670011494494563,0.022173378235772413,0.005469977154894408,0.20104517572006161,current,0.7366,none,0.7892,0.2139,outlier_remaining_term_months; status_source_conflict,outlier_remaining_term_months; status_source_conflict,reconcile_record,0.85
L000068,0.012969805450149042,0.006643791032851121,0.0019626742094262096,0.05715852712187963,prepaid,0.9704,none,0.7806,0.7759,prepaid_positive_balance; status_source_conflict,prepaid_positive_balance; status_source_conflict,escalate_human_review,0.897
L000070,0.008241983802939943,0.003528569643218974,0.002294563403662521,0.6273239970790166,prepaid,0.956,none,0.768,0.2499,prepaid_positive_balance; outlier_remaining_term_months; status_source_conflict,prepaid_positive_balance; outlier_remaining_term_months; status_source_conflict,reconcile_record,0.765
L000070,0.010370371762825372,0.003681776698992036,0.002294563403662521,0.6283227708459597,prepaid,0.9566,none,0.7711,0.7999,prepaid_positive_balance; outlier_remaining_term_months; status_source_conflict,prepaid_positive_balance; outlier_remaining_term_months; status_source_conflict,escalate_human_review,0.764
L000070,0.008241983802939943,0.003528569643218974,0.002294563403662521,0.6273239970790166,prepaid,0.956,none,0.768,0.7999,prepaid_positive_balance; outlier_remaining_term_months; status_source_conflict,prepaid_positive_balance; outlier_remaining_term_months; status_source_conflict,escalate_human_review,0.765
L000071,0.03858288926926163,0.04494278161133899,0.0008785131299465632,0.0010054321135406583,default,0.9731,none,0.7309,0.6649,status_source_conflict,status_source_conflict,reconcile_record,0.93
L000071,0.03922515779134061,0.05805915465103767,0.0008785131299465632,0.0010507294203259555,default,0.9731,none,0.7293,0.6649,status_source_conflict,status_source_conflict,reconcile_record,0.925
L000071,0.050909834606512105,0.06010203155605944,0.0008794719238198711,0.0010947892653857068,default,0.9731,none,0.7295,0.6649,status_source_conflict,status_source_conflict,reconcile_record,0.921
L000073,0.18527206241730432,0.20088028650427278,0.17865137696451794,0.05643690109387133,current,0.7164,none,0.691,0.2139,outlier_remaining_term_months; status_source_conflict,outlier_remaining_term_months; status_source_conflict,reconcile_record,0.718
L000073,0.22980437873771953,0.2513024285051548,0.23749272654216427,0.0215803544720253,current,0.6599,missing_docs,0.8629,0.2139,outlier_remaining_term_months; status_source_conflict,outlier_remaining_term_months; status_source_conflict,reconcile_record,0.677
L000073,0.2781729925931975,0.26465973966536216,0.25536689673251006,0.019882578564840134,current,0.6631,none,0.6901,0.2139,outlier_remaining_term_months; status_source_conflict,outlier_remaining_term_months; status_source_conflict,reconcile_record,0.65
L000073,0.23300348769520066,0.28041126581721115,0.22053555208853684,0.050964188111621726,current,0.6979,none,0.7021,0.2139,outlier_remaining_term_months; status_source_conflict,outlier_remaining_term_months; status_source_conflict,reconcile_record,0.662
L000073,0.31071353641934835,0.23904390261921046,0.2457454817479159,0.01991300705065493,current,0.6798,none,0.6773,0.2139,outlier_remaining_term_months; status_source_conflict,outlier_remaining_term_months; status_source_conflict,reconcile_record,0.65
L000073,0.31298763666888313,0.3323984337784542,0.1635443020767248,0.018279370071801564,current,0.6571,none,0.5674,0.2139,outlier_remaining_term_months; status_source_conflict,outlier_remaining_term_months; status_source_conflict,reconcile_record,0.646
L000074,0.011912052238067086,0.00405945878344583,0.0012362387118527568,0.12392190581048595,prepaid,0.9703,none,0.8786,0.2499,prepaid_positive_balance; outlier_remaining_term_months; status_source_conflict,prepaid_positive_balance; outlier_remaining_term_months; status_source_conflict,reconcile_record,0.85
L000074,0.01230142054227123,0.004225125467855018,0.0012318537930138401,0.12594014571538,prepaid,0.9691,none,0.8728,0.2499,prepaid_positive_balance; outlier_remaining_term_months; status_source_conflict,prepaid_positive_balance; outlier_remaining_term_months; status_source_conflict,reconcile_record,0.85
L000075,0.028828021264047526,0.06681257892382322,0.01496385594323469,0.005848239558047071,current,0.7995,none,0.7679,0.2139,outlier_remaining_term_months; status_source_conflict,outlier_remaining_term_months; status_source_conflict,reconcile_record,0.895
L000075,0.027968451191946696,0.04701539845209839,0.01291577981969007,0.00481718017230717,current,0.8014,none,0.7594,0.2139,outlier_remaining_term_months; status_source_conflict,outlier_remaining_term_months; status_source_conflict,reconcile_record,0.904
L000075,0.027571905215791965,0.04332220433900804,0.015150553216197826,0.004492647015530655,current,0.6806,none,0.7607,0.2139,outlier_remaining_term_months; status_source_conflict,outlier_remaining_term_months; status_source_conflict,reconcile_record,0.905
L000075,0.02868130064131451,0.03580290583509144,0.013943157425385856,0.0048798417500163106,current,0.8015,none,0.7572,0.2139,outlier_remaining_term_months; status_source_conflict,outlier_remaining_term_months; status_source_conflict,reconcile_record,0.907
L000075,0.025539202981114173,0.03955428321055222,0.015024664739650334,0.004325034708215857,current,0.6842,none,0.7602,0.7639,outlier_remaining_term_months; status_source_conflict,outlier_remaining_term_months; status_source_conflict,escalate_human_review,0.907
L000077,0.05573433610340117,0.06469068489634698,0.0006462945079135706,0.23459872300667536,current,0.7196,none,0.6886,0.6649,status_source_conflict,status_source_conflict,reconcile_record,0.835
L000077,0.06335217221071703,0.05873083337833276,0.0005069550609766466,0.22559079550737673,current,0.7375,none,0.6849,0.6649,status_source_conflict,status_source_conflict,reconcile_record,0.838
L000078,0.07879579194995236,0.03883551445002184,0.0014560176435566392,0.05163905944874381,current,0.6488,none,0.7688,0.7639,outlier_remaining_term_months; status_source_conflict,outlier_remaining_term_months; status_source_conflict,escalate_human_review,0.877
L000078,0.06970248181518962,0.045484127387548985,0.0015903152473201992,0.06673739843198952,current,0.673,none,0.759,0.7639,outlier_remaining_term_months; status_source_conflict,outlier_remaining_term_months; status_source_conflict,escalate_human_review,0.872
L000078,0.05675962252967904,0.03643470350645978,0.0031071736639533263,0.05923358860448722,current,0.649,none,0.7123,0.2139,outlier_remaining_term_months; status_source_conflict,outlier_remaining_term_months; status_source_conflict,reconcile_record,0.882
L000078,0.055644185111476833,0.08851529871454723,0.0024229540214847673,0.04518972834050433,current,0.601,none,0.7018,0.2139,outlier_remaining_term_months; status_source_conflict,outlier_remaining_term_months; status_source_conflict,reconcile_record,0.869
L000079,0.05712388224174825,0.0641288349202614,0.00327820547742678,0.012466355111713382,current,0.6549,none,0.8168,0.1149,status_source_conflict,status_source_conflict,reconcile_record,0.912
L000079,0.05835408067477745,0.09063699707479399,0.004479254238223472,0.008245713733154695,current,0.6087,missing_docs,0.8473,0.1149,status_source_conflict,status_source_conflict,reconcile_record,0.903
L000079,0.057200956480937336,0.07766551973990087,0.004031085138093954,0.008290435696014578,current,0.6174,missing_docs,0.84,0.1149,status_source_conflict,status_source_conflict,reconcile_record,0.908
L000079,0.04813984608144661,0.06620431768871769,0.0033540343867694646,0.011708485742886493,current,0.6361,none,0.8078,0.1149,status_source_conflict,status_source_conflict,reconcile_record,0.915
L000079,0.06320059046463954,0.08606048932552228,0.006247125873537081,0.006896692075652442,current,0.6107,none,0.797,0.6649,status_source_conflict,status_source_conflict,reconcile_record,0.903
L000080,0.008457816504588494,0.0020636234886249705,0.0004570845359476272,0.9406258818185399,prepaid,0.7171,data_break,0.7948,0.8569,negative_balance; outlier_remaining_term_months; outlier_balance_ratio,negative_balance; outlier_remaining_term_months; outlier_balance_ratio,escalate_human_review,0.819
L000080,0.009358871271162786,0.003154402549323957,0.000572096511465053,0.9254985680262887,prepaid,0.7507,none,0.5907,0.8239,prepaid_positive_balance; outlier_remaining_term_months; outlier_paydown_rate,prepaid_positive_balance; outlier_remaining_term_months; outlier_paydown_rate,escalate_human_review,0.845
L000080,0.007995277320778314,0.0032512910798082537,0.00048330510125958455,0.8952969813550032,prepaid,0.8829,none,0.6511,0.7999,prepaid_positive_balance; outlier_remaining_term_months; status_source_conflict,prepaid_positive_balance; outlier_remaining_term_months; status_source_conflict,escalate_human_review,0.859
L000080,0.008033821242790624,0.003394873137596333,0.0005624436700244565,0.9192738734904777,prepaid,0.8854,missing_docs,0.7877,0.7999,prepaid_positive_balance; outlier_remaining_term_months; status_source_conflict,prepaid_positive_balance; outlier_remaining_term_months; status_source_conflict,escalate_human_review,0.868
L000082,0.289195432492869,0.43702290521170467,0.8082898786393526,0.0003117289613230809,default,0.9823,none,0.6577,0.7639,outlier_remaining_term_months; status_source_conflict,outlier_remaining_term_months; status_source_conflict,escalate_human_review,0.615
L000082,0.3361919177058516,0.44683385945339754,0.8103690917862686,0.00042709737838802944,default,0.9805,none,0.6592,0.7639,outlier_remaining_term_months; status_source_conflict,outlier_remaining_term_months; status_source_conflict,escalate_human_review,0.595
L000082,0.36618515141776853,0.4692469716686711,0.8519326608645916,0.0005194906796856111,default,0.9814,none,0.6526,0.7639,outlier_remaining_term_months; status_source_conflict,outlier_remaining_term_months; status_source_conflict,escalate_human_review,0.592
L000082,0.3276466577220107,0.4497512435942795,0.8251167996162666,0.000426849691758554,default,0.9818,none,0.6577,0.7639,outlier_remaining_term_months; status_source_conflict,outlier_remaining_term_months; status_source_conflict,escalate_human_review,0.603
L000083,0.07147386297101936,0.07991693321498085,0.01390632617551911,0.015821887183723394,current,0.5174,none,0.7427,0.1149,status_source_conflict,status_source_conflict,reconcile_record,0.896
L000083,0.041336144399187466,0.05717949998442414,0.010388488181971542,0.022163858827426733,current,0.7093,none,0.7503,0.1149,status_source_conflict,status_source_conflict,reconcile_record,0.914
L000083,0.058088204028860314,0.09132031194672496,0.01366001691187966,0.020860439291855038,current,0.7405,none,0.768,0.1149,status_source_conflict,status_source_conflict,reconcile_record,0.896
L000083,0.046811693055760405,0.0762143568562554,0.012704724314874169,0.028353081193957533,current,0.7613,none,0.7771,0.1149,status_source_conflict,status_source_conflict,reconcile_record,0.903
L000084,0.01595546602565269,0.004843724348971106,0.00048648223440638004,0.11179951097608276,prepaid,0.981,none,0.6273,0.2259,prepaid_positive_balance; status_source_conflict,prepaid_positive_balance; status_source_conflict,reconcile_record,0.877
L000084,0.01342353257939525,0.004673949934762725,0.00045317802022153564,0.07938299201285365,prepaid,0.9825,none,0.7349,0.2259,prepaid_positive_balance; status_source_conflict,prepaid_positive_balance; status_source_conflict,reconcile_record,0.89
L000085,0.071707005624274,0.0795095500300846,0.024605546416324453,0.040997013452980326,current,0.6775,none,0.8567,0.7639,outlier_remaining_term_months; status_source_conflict,outlier_remaining_term_months; status_source_conflict,escalate_human_review,0.86
L000086,0.11365068121472001,0.11518803061289344,0.02189508000167467,0.0019151563370652666,current,0.7077,none,0.8453,0.2139,outlier_remaining_term_months; status_source_conflict,outlier_remaining_term_months; status_source_conflict,reconcile_record,0.848
L000086,0.07091259827430868,0.13202713376631814,0.023083635689040496,0.002162886579550313,current,0.6961,none,0.8362,0.2139,outlier_remaining_term_months; status_source_conflict,outlier_remaining_term_months; status_source_conflict,reconcile_record,0.856
L000086,0.10023856271800342,0.13617060992347652,0.02479207984472796,0.001718033506853437,current,0.63,none,0.8068,0.2139,outlier_remaining_term_months; status_source_conflict,outlier_remaining_term_months; status_source_conflict,reconcile_record,0.844
L000086,0.08515671284964911,0.10461748264257266,0.030683261369030008,0.0019721351081177217,current,0.6914,none,0.8355,0.2139,outlier_remaining_term_months; status_source_conflict,outlier_remaining_term_months; status_source_conflict,reconcile_record,0.858
L000088,0.07212350549565313,0.12109067743223349,0.006043580289831298,0.004129623224363696,current,0.7743,none,0.6936,0.1149,status_source_conflict,status_source_conflict,reconcile_record,0.889
L000088,0.08183573196036287,0.144551704530039,0.007492090860164449,0.004069183268993797,current,0.7416,none,0.656,0.1149,status_source_conflict,status_source_conflict,reconcile_record,0.877
L000088,0.05383556649752641,0.17702977659074112,0.006154350892360536,0.004544367742105664,current,0.76,none,0.673,0.1149,status_source_conflict,status_source_conflict,reconcile_record,0.875
L000088,0.06406502527326392,0.1813394806016472,0.009996140101344942,0.005419257809049313,current,0.723,none,0.6339,0.1149,status_source_conflict,status_source_conflict,reconcile_record,0.869
L000088,0.09893656948190895,0.3132869237895291,0.12874627529524674,0.0047688077616115,60_dpd,0.5491,none,0.6255,0.1149,status_source_conflict,status_source_conflict,reconcile_record,0.769
L000088,0.06667670798084059,0.1442281034060808,0.032195793409034175,0.0032687494752301084,90_dpd,0.5194,none,0.6184,0.6649,status_source_conflict,status_source_conflict,reconcile_record,0.874
L000089,0.10812216926466334,0.13275827038775545,0.004470757920988011,0.010188588802947929,current,0.4723,none,0.6371,0.7759,dpd_status_break; status_source_conflict,dpd_status_break; status_source_conflict,escalate_human_review,0.834
L000089,0.05064640148702332,0.0662706827101291,0.001714302854253197,0.012089904394328138,current,0.7386,none,0.6848,0.1149,status_source_conflict,status_source_conflict,reconcile_record,0.915
L000089,0.06955076218216215,0.10248560302280812,0.0029113372121346392,0.013788129577805952,current,0.6563,none,0.5953,0.1149,status_source_conflict,status_source_conflict,reconcile_record,0.894
L000089,0.05723211370889402,0.09837068350052398,0.0028493257291219904,0.01929424371120482,current,0.6815,none,0.5733,0.1149,status_source_conflict,status_source_conflict,reconcile_record,0.898
L000090,0.03769808972004548,0.018181233019507623,0.0006870420772861801,0.06864470988713034,current,0.6546,none,0.5738,0.7639,outlier_remaining_term_months; status_source_conflict,outlier_remaining_term_months; status_source_conflict,escalate_human_review,0.892
L000091,0.009182488875067287,0.003336665001573104,0.0005795968180619839,0.6521150514149734,prepaid,0.9756,none,0.6829,0.2259,prepaid_positive_balance; status_source_conflict,prepaid_positive_balance; status_source_conflict,reconcile_record,0.798
L000091,0.009612537150603577,0.003286723970554887,0.0006531779042918364,0.7676139796157692,prepaid,0.9828,none,0.7873,0.2259,prepaid_positive_balance; status_source_conflict,prepaid_positive_balance; status_source_conflict,reconcile_record,0.838
L000092,0.296502404587113,0.2759460291501237,0.005700429091607058,0.003985243543083367,current,0.5046,none,0.6415,0.7879,outlier_remaining_term_months; outlier_paydown_rate; status_source_conflict,outlier_remaining_term_months; outlier_paydown_rate; status_source_conflict,escalate_human_review,0.708
L000092,0.2417982769106788,0.2521792994576793,0.004197059460620642,0.005420235811884608,current,0.5609,none,0.5576,0.7639,outlier_remaining_term_months; status_source_conflict,outlier_remaining_term_months; status_source_conflict,escalate_human_review,0.76
L000092,0.22810097535898444,0.21745629712146022,0.004395139685644507,0.004893914994051589,current,0.571,none,0.6344,0.7639,outlier_remaining_term_months; status_source_conflict,outlier_remaining_term_months; status_source_conflict,escalate_human_review,0.777
L000092,0.18813245115626817,0.17199389181649735,0.005014241588553332,0.004967172498098418,current,0.5825,none,0.6439,0.7639,outlier_remaining_term_months; status_source_conflict,outlier_remaining_term_months; status_source_conflict,escalate_human_review,0.807
L000093,0.02166241543751028,0.10111062023766447,0.008835217200119807,0.03208754422334459,current,0.6573,source_conflict,0.6843,0.1149,balance_source_conflict,balance_source_conflict,reconcile_record,0.903
L000093,0.037004322721422456,0.11391823189283821,0.008459003480868053,0.04546559605627013,current,0.6558,source_conflict,0.6815,0.1149,balance_source_conflict,balance_source_conflict,reconcile_record,0.889
L000093,0.03672389852373547,0.1464657967581435,0.014426833899561169,0.04195696938301075,current,0.6354,source_conflict,0.6615,0.1149,balance_source_conflict,balance_source_conflict,reconcile_record,0.876
L000094,0.12097105644489951,0.1582168262648109,0.002393982807649862,0.3126882185010577,current,0.7471,none,0.5138,0.2139,outlier_remaining_term_months; status_source_conflict,outlier_remaining_term_months; status_source_conflict,reconcile_record,0.728
L000094,0.1187152924841862,0.15094188514137724,0.0025261561647192806,0.40767440242155045,current,0.7269,none,0.6886,0.2139,outlier_remaining_term_months; status_source_conflict,outlier_remaining_term_months; status_source_conflict,reconcile_record,0.698
L000094,0.16719947450988462,0.1920031658941919,0.004785306467068429,0.3998394177351437,current,0.7461,none,0.6695,0.2139,outlier_remaining_term_months; status_source_conflict,outlier_remaining_term_months; status_source_conflict,reconcile_record,0.669
L000094,0.16944932553290068,0.16061377191686885,0.005787500892389383,0.4035713244459827,current,0.7428,none,0.6541,0.2139,outlier_remaining_term_months; status_source_conflict,outlier_remaining_term_months; status_source_conflict,reconcile_record,0.677
L000096,0.031599795554791525,0.019147670223294368,0.002116339421533641,0.02706696137533428,current,0.7762,none,0.7783,0.2139,outlier_remaining_term_months; status_source_conflict,outlier_remaining_term_months; status_source_conflict,reconcile_record,0.908
L000096,0.03681353918842306,0.019329974797745727,0.0021701667493874565,0.028075299455021723,current,0.7691,none,0.7726,0.2139,outlier_remaining_term_months; status_source_conflict,outlier_remaining_term_months; status_source_conflict,reconcile_record,0.906
L000096,0.03048575181234298,0.012898192572766283,0.0016589714551585668,0.02682193968273062,current,0.7576,none,0.7618,0.2139,outlier_remaining_term_months; status_source_conflict,outlier_remaining_term_months; status_source_conflict,reconcile_record,0.911
L000096,0.03499541437946487,0.0160428670175462,0.002135821092225458,0.02706696137533428,current,0.7781,none,0.7575,0.2139,outlier_remaining_term_months; status_source_conflict,outlier_remaining_term_months; status_source_conflict,reconcile_record,0.908
L000096,0.02720059938406563,0.013192141087805838,0.00158049079917039,0.024295159224902874,current,0.7681,none,0.7545,0.2139,outlier_remaining_term_months; status_source_conflict,outlier_remaining_term_months; status_source_conflict,reconcile_record,0.913
L000097,0.1494249227400563,0.16072472457493436,0.16297753216662744,0.3087733219053301,current,0.6437,none,0.5205,0.7639,outlier_remaining_term_months; status_source_conflict,outlier_remaining_term_months; status_source_conflict,escalate_human_review,0.662
L000097,0.14691626706706776,0.14274015421756603,0.1302859644693524,0.33635411292612954,current,0.6541,none,0.518,0.2139,outlier_remaining_term_months; status_source_conflict,outlier_remaining_term_months; status_source_conflict,reconcile_record,0.672
L000097,0.15198541395457665,0.14277486071347126,0.14443948520315317,0.3311197995050997,current,0.653,none,0.5257,0.2139,outlier_remaining_term_months; status_source_conflict,outlier_remaining_term_months; status_source_conflict,reconcile_record,0.667
L000098,0.009347032640479556,0.002730504847869252,0.00038229182649566936,0.3795072644739444,prepaid,0.9823,none,0.7597,0.2259,prepaid_positive_balance; status_source_conflict,prepaid_positive_balance; status_source_conflict,reconcile_record,0.787
L000098,0.008896719478385478,0.0023866689087187385,0.00038229182649566936,0.3795072644739444,prepaid,0.9823,none,0.7641,0.2259,prepaid_positive_balance; status_source_conflict,prepaid_positive_balance; status_source_conflict,reconcile_record,0.787
L000098,0.009019225101128202,0.0024807544480015776,0.00038229182649566936,0.3795072644739444,prepaid,0.9823,none,0.7622,0.2259,prepaid_positive_balance; status_source_conflict,prepaid_positive_balance; status_source_conflict,reconcile_record,0.787
L000098,0.00915277589205762,0.0023718092402472074,0.0003822949010276175,0.3795072644739444,prepaid,0.9823,none,0.7666,0.2259,prepaid_positive_balance; status_source_conflict,prepaid_positive_balance; status_source_conflict,reconcile_record,0.787
L000098,0.009205665238977848,0.0024585797290621507,0.0003509954347642081,0.3988623608397317,prepaid,0.9823,none,0.7622,0.2259,prepaid_positive_balance; status_source_conflict,prepaid_positive_balance; status_source_conflict,reconcile_record,0.781
L000099,0.1246589626284268,0.2761952932238741,0.0035679762879507718,0.20163900819169825,current,0.6902,none,0.7482,0.1149,status_source_conflict,status_source_conflict,reconcile_record,0.748
L000099,0.12214914788249272,0.27420323183277157,0.004141954638338626,0.2058614785983778,current,0.6642,none,0.6941,0.1149,status_source_conflict,status_source_conflict,reconcile_record,0.748
L000099,0.13980371536907402,0.28373940603941644,0.0030283042165306392,0.22262164599160328,current,0.7061,none,0.7001,0.1149,status_source_conflict,status_source_conflict,reconcile_record,0.733
L000100,0.056905885124374576,0.10591544223832106,0.0054074768489943215,0.04472300228939231,current,0.7508,none,0.6661,0.1149,balance_source_conflict,balance_source_conflict,reconcile_record,0.886
L000100,0.05113257956581929,0.05705409830555611,0.005428286514413981,0.04715641100916943,current,0.7089,none,0.5117,0.2679,balance_exceeds_original; outlier_paydown_rate; balance_source_conflict,balance_exceeds_original; outlier_paydown_rate; balance_source_conflict,reconcile_record,0.826
L000100,0.07775651551481107,0.10107346110087019,0.007897469534327914,0.05119695043978337,current,0.709,none,0.6656,0.2139,outlier_paydown_rate; balance_source_conflict,outlier_paydown_rate; balance_source_conflict,reconcile_record,0.853
L000100,0.05330178453694168,0.09065596270611746,0.00501072301754829,0.06905947437921052,current,0.7979,none,0.6711,0.2199,balance_source_conflict; status_source_conflict,balance_source_conflict; status_source_conflict,reconcile_record,0.854
L000102,0.043760956238143654,0.0248198818996108,0.002451940766707627,0.0343176205889425,current,0.7307,none,0.6611,0.1149,status_source_conflict,status_source_conflict,reconcile_record,0.923
L000102,0.03618013643066986,0.024954820997249164,0.002408220408104063,0.011418570798728905,current,0.6447,missing_docs,0.8576,0.1149,status_source_conflict,status_source_conflict,reconcile_record,0.934
L000102,0.04834578495266859,0.044174503893844,0.004468929115858066,0.009555464099377705,current,0.6858,none,0.6502,0.1149,status_source_conflict,status_source_conflict,reconcile_record,0.923
L000104,0.010684326196965738,0.00273762525891431,0.0008249932939611277,0.5068007159031267,prepaid,0.9192,none,0.6688,0.7999,prepaid_positive_balance; outlier_remaining_term_months; status_source_conflict,prepaid_positive_balance; outlier_remaining_term_months; status_source_conflict,escalate_human_review,0.722
L000104,0.01059797387083286,0.00265871553918382,0.0009004211911968117,0.5417789430261711,prepaid,0.9334,none,0.8079,0.7999,prepaid_positive_balance; outlier_remaining_term_months; status_source_conflict,prepaid_positive_balance; outlier_remaining_term_months; status_source_conflict,escalate_human_review,0.735
L000104,0.01144620506524587,0.00265871553918382,0.0009004211911968117,0.5323901250036916,prepaid,0.9335,none,0.8124,0.7999,prepaid_positive_balance; outlier_remaining_term_months; status_source_conflict,prepaid_positive_balance; outlier_remaining_term_months; status_source_conflict,escalate_human_review,0.731
L000104,0.012226997139548163,0.002999980612905921,0.0008811929162918349,0.5744789051397973,prepaid,0.9303,none,0.8143,0.7999,prepaid_positive_balance; outlier_remaining_term_months; status_source_conflict,prepaid_positive_balance; outlier_remaining_term_months; status_source_conflict,escalate_human_review,0.745
L000104,0.010249017046486775,0.00265871553918382,0.0009403832564598831,0.5355051551590965,prepaid,0.9295,none,0.8118,0.7999,prepaid_positive_balance; outlier_remaining_term_months; status_source_conflict,prepaid_positive_balance; outlier_remaining_term_months; status_source_conflict,escalate_human_review,0.733
L000105,0.29744098263223595,0.6869574476394845,0.9727319934144131,0.0005226622988635508,default,0.9423,none,0.7033,0.7639,outlier_remaining_term_months; status_source_conflict,outlier_remaining_term_months; status_source_conflict,escalate_human_review,0.713
L000106,0.026010165304909263,0.019651286531559415,0.0009527820919084246,0.06672584063959619,current,0.7153,none,0.5476,0.6649,status_source_conflict,status_source_conflict,reconcile_record,0.92
L000107,0.0071252595749684315,0.002683011384654592,0.0009326603096562015,0.4335780667703504,prepaid,0.9869,none,0.7439,0.2499,prepaid_positive_balance; outlier_remaining_term_months; status_source_conflict,prepaid_positive_balance; outlier_remaining_term_months; status_source_conflict,reconcile_record,0.745
L000107,0.0071252595749684315,0.002683011384654592,0.0009326603096562015,0.4335780667703504,prepaid,0.9837,none,0.7439,0.2499,prepaid_positive_balance; outlier_remaining_term_months; status_source_conflict,prepaid_positive_balance; outlier_remaining_term_months; status_source_conflict,reconcile_record,0.745
L000107,0.007894958470090557,0.0025277989274032405,0.0009300563441286964,0.4248155661383877,prepaid,0.9836,none,0.7472,0.2499,prepaid_positive_balance; outlier_remaining_term_months; status_source_conflict,prepaid_positive_balance; outlier_remaining_term_months; status_source_conflict,reconcile_record,0.748
L000107,0.007894958470090557,0.0025277989274032405,0.0009300563441286964,0.4248155661383877,prepaid,0.9836,none,0.7472,0.2499,prepaid_positive_balance; outlier_remaining_term_months; status_source_conflict,prepaid_positive_balance; outlier_remaining_term_months; status_source_conflict,reconcile_record,0.748
L000108,0.04950531248443454,0.03520749166350235,0.0020478428202445353,0.2302739354394089,current,0.756,none,0.6608,0.1149,status_source_conflict,status_source_conflict,reconcile_record,0.849
L000108,0.0624532857741264,0.031946830886964796,0.0028878921872159424,0.16932739703541885,current,0.778,none,0.7322,0.1149,status_source_conflict,status_source_conflict,reconcile_record,0.867
L000108,0.06813887200997608,0.06450820596528838,0.00220021908655952,0.18374028614560156,current,0.8031,none,0.708,0.1149,status_source_conflict,status_source_conflict,reconcile_record,0.849
L000108,0.06366696988942018,0.08021212763518343,0.0030997375886782854,0.1555133850798765,current,0.7648,none,0.6123,0.2139,outlier_paydown_rate; status_source_conflict,outlier_paydown_rate; status_source_conflict,reconcile_record,0.83
L000108,0.040448525022987535,0.02941844538779559,0.002900677617728781,0.20855901103564176,current,0.7057,none,0.6232,0.2139,outlier_paydown_rate; status_source_conflict,outlier_paydown_rate; status_source_conflict,reconcile_record,0.837
L000109,0.05229638668740034,0.09080629235782345,0.11616498065660052,0.14974009554534215,current,0.7842,none,0.8613,0.6649,status_source_conflict,status_source_conflict,reconcile_record,0.817
L000109,0.056884657244299364,0.07743023271386547,0.13645381618971864,0.09801170128304043,current,0.7321,none,0.856,0.1149,status_source_conflict,status_source_conflict,reconcile_record,0.831
L000109,0.04539149693598455,0.0731947557993822,0.09650629628475332,0.12066633901210373,current,0.7503,none,0.8465,0.1149,status_source_conflict,status_source_conflict,reconcile_record,0.842
L000109,0.04921230755279599,0.0741433730280449,0.0857833910442949,0.09963828182189993,current,0.6844,none,0.8185,0.1149,status_source_conflict,status_source_conflict,reconcile_record,0.852
L000109,0.050891082484062815,0.05100032076035322,0.20044549998252123,0.0016777250009636484,default,0.888,none,0.6534,0.6649,status_source_conflict,status_source_conflict,reconcile_record,0.854
L000110,0.07970944054202979,0.09236084422708617,0.0015893954762834315,0.44242508400479247,current,0.6602,none,0.793,0.2139,outlier_remaining_term_months; status_source_conflict,outlier_remaining_term_months; status_source_conflict,reconcile_record,0.72
L000110,0.06371453491852964,0.088387934101793,0.002175859498243258,0.47244477229398524,current,0.6527,none,0.7669,0.2139,outlier_remaining_term_months; status_source_conflict,outlier_remaining_term_months; status_source_conflict,reconcile_record,0.717
L000110,0.12142014050203542,0.1611724366579053,0.0017646092633149119,0.40010439217943955,current,0.627,none,0.7753,0.2139,outlier_remaining_term_months; status_source_conflict,outlier_remaining_term_months; status_source_conflict,reconcile_record,0.697
L000110,0.061314001791549756,0.1077834902443117,0.0018567423906803709,0.5207168542029667,current,0.6621,none,0.755,0.2139,outlier_remaining_term_months; status_source_conflict,outlier_remaining_term_months; status_source_conflict,reconcile_record,0.709
L000111,0.006313035017887943,0.002875929267139953,0.00029400580093627473,0.8577277491371941,prepaid,0.9372,none,0.6784,0.7759,prepaid_positive_balance; status_source_conflict,prepaid_positive_balance; status_source_conflict,escalate_human_review,0.871
L000111,0.006562208107185212,0.001887020322748293,0.0002771683989954592,0.8762479281039172,prepaid,0.935,none,0.7158,0.7999,prepaid_positive_balance; outlier_paydown_rate; status_source_conflict,prepaid_positive_balance; outlier_paydown_rate; status_source_conflict,escalate_human_review,0.854
L000111,0.006409553857479288,0.0029538770066738925,0.0002886268300812367,0.8363941183119997,prepaid,0.85,none,0.7963,0.7999,prepaid_positive_balance; outlier_paydown_rate; status_source_conflict,prepaid_positive_balance; outlier_paydown_rate; status_source_conflict,escalate_human_review,0.839
L000112,0.030387632867347997,0.019252849071792037,0.0007952739550134108,0.03948502604091132,current,0.727,none,0.6579,0.6649,status_source_conflict,status_source_conflict,reconcile_record,0.929
L000112,0.026774131400761302,0.02284983130855092,0.0007935037455112639,0.027638961269909623,current,0.7695,none,0.6627,0.6649,status_source_conflict,status_source_conflict,reconcile_record,0.933
L000112,0.025090971176947575,0.01191072753808895,0.0007532655497820254,0.02761756052647737,current,0.797,none,0.6536,0.1149,status_source_conflict,status_source_conflict,reconcile_record,0.937
L000112,0.028736251162160758,0.021365414437955577,0.0008515451821474797,0.025862531967880655,current,0.7869,none,0.618,0.1149,status_source_conflict,status_source_conflict,reconcile_record,0.933
L000112,0.03144632300688907,0.028159366704387623,0.0022248180683087184,0.01965829081189843,current,0.7035,none,0.5445,0.2139,outlier_paydown_rate; status_source_conflict,outlier_paydown_rate; status_source_conflict,reconcile_record,0.907
L000112,0.02543172623959514,0.01526660516616706,0.0008626803892265472,0.02824468766586218,current,0.6927,none,0.5824,0.2139,outlier_paydown_rate; status_source_conflict,outlier_paydown_rate; status_source_conflict,reconcile_record,0.912
L000113,0.013194013463849035,0.004248857177084834,0.001898441546149882,0.41107747760213503,prepaid,0.9724,none,0.7928,0.2259,prepaid_positive_balance; status_source_conflict,prepaid_positive_balance; status_source_conflict,reconcile_record,0.774
L000113,0.012155253903743968,0.0042347254136054216,0.0031433795023728256,0.5536426134743656,prepaid,0.9783,none,0.8126,0.2259,prepaid_positive_balance; status_source_conflict,prepaid_positive_balance; status_source_conflict,reconcile_record,0.761
L000113,0.011494709917901075,0.0042478018215473595,0.0025224926853676605,0.5458239574131327,prepaid,0.9759,none,0.8137,0.2259,prepaid_positive_balance; status_source_conflict,prepaid_positive_balance; status_source_conflict,reconcile_record,0.759
L000115,0.011302205290813912,0.0015682561168836168,0.00030156451511891827,0.4689681371419649,prepaid,0.9512,none,0.7715,0.2259,prepaid_positive_balance; status_source_conflict,prepaid_positive_balance; status_source_conflict,reconcile_record,0.755
L000115,0.011505546477622905,0.0016032707570441986,0.0003116880423932654,0.4716083933289122,prepaid,0.9471,none,0.7682,0.2259,prepaid_positive_balance; status_source_conflict,prepaid_positive_balance; status_source_conflict,reconcile_record,0.754
L000115,0.010677162037550062,0.001611272799909273,0.000313129552354762,0.44355508503665275,prepaid,0.9453,none,0.7696,0.2259,prepaid_positive_balance; status_source_conflict,prepaid_positive_balance; status_source_conflict,reconcile_record,0.764
L000115,0.0103874438003551,0.0016069991630714108,0.00031311283801355416,0.4769110072305987,prepaid,0.9455,none,0.7737,0.2259,prepaid_positive_balance; status_source_conflict,prepaid_positive_balance; status_source_conflict,reconcile_record,0.753
L000116,0.04144442469370567,0.05184541156008737,0.001187798678232246,0.010816900538020058,current,0.8351,none,0.6464,0.1149,status_source_conflict,status_source_conflict,reconcile_record,0.923
L000116,0.03335109100462499,0.018160640538790834,0.0009992875766508204,0.019790851245160543,current,0.8285,none,0.679,0.1149,status_source_conflict,status_source_conflict,reconcile_record,0.935
L000116,0.029672101847824196,0.022856330548902248,0.0018300582414130856,0.026957585006516346,current,0.7779,none,0.6096,0.1149,status_source_conflict,status_source_conflict,reconcile_record,0.931
L000118,0.24972090589729254,0.6622997285948798,0.1354617333635495,0.018765557040941645,60_dpd,0.3965,none,0.6818,0.7879,outlier_remaining_term_months; outlier_paydown_rate; status_source_conflict,outlier_remaining_term_months; outlier_paydown_rate; status_source_conflict,escalate_human_review,0.652
L000118,0.1047888652442674,0.36633805379958356,0.018279828056771596,0.021393408569540546,current,0.6388,none,0.7577,0.7639,outlier_remaining_term_months; status_source_conflict,outlier_remaining_term_months; status_source_conflict,escalate_human_review,0.758
L000118,0.17898114603063364,0.5139862279903776,0.016671712069316263,0.01894548047653356,current,0.6545,none,0.7516,0.7639,outlier_remaining_term_months; status_source_conflict,outlier_remaining_term_months; status_source_conflict,escalate_human_review,0.691
L000118,0.16695038466725143,0.4794341091761307,0.021244061883701038,0.016540581389346682,current,0.6939,none,0.7122,0.7639,outlier_remaining_term_months; status_source_conflict,outlier_remaining_term_months; status_source_conflict,escalate_human_review,0.697
L000119,0.05933074742474015,0.0309459279350638,0.08068662033361189,0.2117223870875031,current,0.7654,none,0.7743,0.2139,outlier_remaining_term_months; status_source_conflict,outlier_remaining_term_months; status_source_conflict,reconcile_record,0.802
L000119,0.06830714963315261,0.030870302333109653,0.08593102165511497,0.21085120570515467,current,0.732,missing_docs,0.8374,0.2139,outlier_remaining_term_months; status_source_conflict,outlier_remaining_term_months; status_source_conflict,reconcile_record,0.798
L000119,0.06104505205015633,0.04052035706129876,0.02625865071621002,0.20895648829206384,current,0.7223,none,0.7596,0.2139,outlier_remaining_term_months; status_source_conflict,outlier_remaining_term_months; status_source_conflict,reconcile_record,0.818
L000119,0.056967044975282655,0.038560347818979906,0.04799441351353706,0.21218797491976185,current,0.7313,none,0.7452,0.2139,outlier_remaining_term_months; status_source_conflict,outlier_remaining_term_months; status_source_conflict,reconcile_record,0.811
L000120,0.008172224235890367,0.003239238276808788,0.0003828083221971024,0.34918165153947617,prepaid,0.9879,none,0.7575,0.2259,prepaid_positive_balance; status_source_conflict,prepaid_positive_balance; status_source_conflict,reconcile_record,0.798
L000120,0.008194499921358032,0.003262739869405533,0.0003828083221971024,0.3853062189535363,prepaid,0.9851,none,0.7615,0.2259,prepaid_positive_balance; status_source_conflict,prepaid_positive_balance; status_source_conflict,reconcile_record,0.785
L000120,0.0080450737529145,0.0028795811253908726,0.0003828083221971024,0.38658563315997424,prepaid,0.9851,none,0.7569,0.2259,prepaid_positive_balance; status_source_conflict,prepaid_positive_balance; status_source_conflict,reconcile_record,0.785
L000120,0.0076391368227824675,0.0037489553976247218,0.00039125992274242015,0.2866966915495284,prepaid,0.9846,none,0.784,0.2259,prepaid_positive_balance; status_source_conflict,prepaid_positive_balance; status_source_conflict,reconcile_record,0.82
L000121,0.09031921666023102,0.17998408592761148,0.006846622131313932,0.013931613695410787,current,0.6961,none,0.7233,0.1149,status_source_conflict,status_source_conflict,reconcile_record,0.858
L000121,0.10267343482410807,0.1575977927652874,0.011294421221217404,0.011201771685857988,current,0.6882,none,0.7203,0.1149,status_source_conflict,status_source_conflict,reconcile_record,0.861
L000121,0.09399645973247972,0.12515707370864257,0.01723089963583792,0.011216323867209414,current,0.7126,none,0.7113,0.1149,status_source_conflict,status_source_conflict,reconcile_record,0.873
L000121,0.0745854448482145,0.13580846048456116,0.006532550922131053,0.016314524676947374,current,0.7014,none,0.7247,0.1149,status_source_conflict,status_source_conflict,reconcile_record,0.878
L000121,0.09809285529225069,0.14558374368751953,0.01524453220812381,0.01170204949445254,current,0.6893,none,0.7068,0.1149,status_source_conflict,status_source_conflict,reconcile_record,0.866
L000122,0.027837641449507677,0.0060899950601170745,0.0017223229821094685,0.02215432496811492,current,0.65,none,0.6661,0.7639,outlier_remaining_term_months; status_source_conflict,outlier_remaining_term_months; status_source_conflict,escalate_human_review,0.916
L000123,0.0074480267693710295,0.0033556080584612098,0.0003864711033851165,0.9024364180718455,prepaid,0.9288,none,0.8355,0.2499,prepaid_positive_balance; outlier_remaining_term_months; status_source_conflict,prepaid_positive_balance; outlier_remaining_term_months; status_source_conflict,reconcile_record,0.862
L000123,0.00873282607466141,0.0033003405503976312,0.00036831136358293076,0.9036793570414869,prepaid,0.9289,none,0.8285,0.7999,prepaid_positive_balance; outlier_remaining_term_months; status_source_conflict,prepaid_positive_balance; outlier_remaining_term_months; status_source_conflict,escalate_human_review,0.862
L000123,0.00873282607466141,0.0033003405503976312,0.00036831136358293076,0.9036793570414869,prepaid,0.9289,none,0.8285,0.7999,prepaid_positive_balance; outlier_remaining_term_months; status_source_conflict,prepaid_positive_balance; outlier_remaining_term_months; status_source_conflict,escalate_human_review,0.862
L000124,0.0682054063549794,0.03402596720783538,0.0009760905354490942,0.08103057092877151,current,0.8194,none,0.8096,0.1149,status_source_conflict,status_source_conflict,reconcile_record,0.896
L000124,0.04708220558568638,0.03248198777803928,0.000878786604470524,0.09973825030396227,current,0.8539,none,0.7772,0.1149,status_source_conflict,status_source_conflict,reconcile_record,0.897
L000124,0.04974004018910588,0.028625734481884702,0.0009076042544662495,0.0898125684174147,current,0.844,none,0.7815,0.1149,status_source_conflict,status_source_conflict,reconcile_record,0.901
L000124,0.047026227755483097,0.03164527049793761,0.000925959056326229,0.079929989915154,current,0.8443,none,0.8,0.1149,status_source_conflict,status_source_conflict,reconcile_record,0.904
L000124,0.09225380560631186,0.044602395086653236,0.0009449321293953666,0.08095904861925961,current,0.8357,none,0.7858,0.1149,status_source_conflict,status_source_conflict,reconcile_record,0.884
L000125,0.054644169979188605,0.0248677425036103,0.0020477680832173893,0.3735671169233883,current,0.7649,none,0.6111,0.7939,outlier_remaining_term_months; balance_source_conflict; status_source_conflict,outlier_remaining_term_months; balance_source_conflict; status_source_conflict,escalate_human_review,0.746
L000125,0.04536704327380461,0.019025194486390645,0.0009612352117020052,0.40475726763961867,current,0.768,none,0.5933,0.2439,outlier_remaining_term_months; balance_source_conflict; status_source_conflict,outlier_remaining_term_months; balance_source_conflict; status_source_conflict,reconcile_record,0.742
L000125,0.0762222222398898,0.03188266558981457,0.0013441237947475818,0.38903065725376124,current,0.6981,missing_docs,0.8759,0.2439,outlier_remaining_term_months; balance_source_conflict; status_source_conflict,outlier_remaining_term_months; balance_source_conflict; status_source_conflict,reconcile_record,0.732
L000126,0.035576365447469865,0.02577763095306128,0.0783807112013571,0.03002637087283612,current,0.7388,none,0.6172,0.2139,outlier_remaining_term_months; status_source_conflict,outlier_remaining_term_months; status_source_conflict,reconcile_record,0.877
L000126,0.040616339231880634,0.02681519107538158,0.05616745610009786,0.025327155009138912,current,0.7552,missing_docs,0.8232,0.2139,outlier_remaining_term_months; status_source_conflict,outlier_remaining_term_months; status_source_conflict,reconcile_record,0.884
L000126,0.05137398498174406,0.03441792819551908,0.08448830490777555,0.02920702127634453,current,0.7339,none,0.6015,0.2139,outlier_remaining_term_months; status_source_conflict,outlier_remaining_term_months; status_source_conflict,reconcile_record,0.866
L000127,0.011450104379110477,0.003511932506991798,0.0011956940019774984,0.5579311925743055,prepaid,0.9482,none,0.8611,0.2259,prepaid_positive_balance; status_source_conflict,prepaid_positive_balance; status_source_conflict,reconcile_record,0.764
L000127,0.011575218363109005,0.003524219024768091,0.0011980210531434279,0.6312009873064023,prepaid,0.9477,none,0.8573,0.2259,prepaid_positive_balance; status_source_conflict,prepaid_positive_balance; status_source_conflict,reconcile_record,0.789
L000127,0.01106584540203729,0.0037888256722485255,0.0009836501363618027,0.6251439759884764,prepaid,0.9492,none,0.8164,0.2259,prepaid_positive_balance; status_source_conflict,prepaid_positive_balance; status_source_conflict,reconcile_record,0.788
L000130,0.010768748841911856,0.00512710534450535,0.0014174045055436984,0.3624394461405265,prepaid,0.9722,none,0.8835,0.2259,prepaid_positive_balance; status_source_conflict,prepaid_positive_balance; status_source_conflict,reconcile_record,0.791
L000130,0.01202836025697126,0.005311983147251949,0.0011024162104493647,0.3425797150946523,prepaid,0.9708,none,0.8814,0.2259,prepaid_positive_balance; status_source_conflict,prepaid_positive_balance; status_source_conflict,reconcile_record,0.797
L000130,0.012392310083051401,0.006098524803443914,0.0011119274353136156,0.29505345742865,prepaid,0.967,none,0.8842,0.2259,prepaid_positive_balance; status_source_conflict,prepaid_positive_balance; status_source_conflict,reconcile_record,0.814
L000130,0.01202836025697126,0.005205340149321821,0.001291113304738846,0.3425797150946523,prepaid,0.9708,none,0.8814,0.2259,prepaid_positive_balance; status_source_conflict,prepaid_positive_balance; status_source_conflict,reconcile_record,0.797
L000131,0.11261991850806401,0.16334412540043766,0.00022662143661313953,0.013241813978199497,current,0.6981,none,0.7242,0.1149,status_source_conflict,status_source_conflict,reconcile_record,0.859
L000131,0.07936018996335349,0.11241518419446095,0.00046187862357914474,0.02438633676337781,current,0.6162,none,0.6961,0.1149,status_source_conflict,status_source_conflict,reconcile_record,0.884
L000131,0.07179441642844708,0.05699301132986959,0.00027184577730969957,0.02692326176189266,current,0.6662,none,0.7459,0.1149,status_source_conflict,status_source_conflict,reconcile_record,0.906
L000132,0.020041620573860493,0.004808117422366572,0.0019374821143032718,0.6916983778162171,prepaid,0.7872,none,0.8038,0.7999,prepaid_positive_balance; outlier_remaining_term_months; status_source_conflict,prepaid_positive_balance; outlier_remaining_term_months; status_source_conflict,escalate_human_review,0.782
L000132,0.01829434781042599,0.005199248507747481,0.0013499945728347497,0.6162021509365011,prepaid,0.9226,none,0.8287,0.2499,prepaid_positive_balance; outlier_remaining_term_months; status_source_conflict,prepaid_positive_balance; outlier_remaining_term_months; status_source_conflict,reconcile_record,0.757
L000133,0.11115062850226413,0.09626473678411374,0.011816141366366432,0.016928607869051707,current,0.6429,source_conflict,0.5272,0.1149,balance_source_conflict,balance_source_conflict,reconcile_record,0.878
L000133,0.10376149430491105,0.07669544831534471,0.012398385031802866,0.07918219143984073,current,0.6467,source_conflict,0.4933,0.1149,balance_source_conflict,balance_source_conflict,reconcile_record,0.865
L000133,0.08082151425323743,0.09235649571793418,0.009759882707632722,0.06735831746572489,current,0.6756,none,0.5365,0.2199,balance_source_conflict; status_source_conflict,balance_source_conflict; status_source_conflict,reconcile_record,0.843
L000135,0.22697320511706284,0.40491153713268035,0.012502424499963407,0.16948923549791775,60_dpd,0.379,none,0.6857,0.6649,status_source_conflict,status_source_conflict,reconcile_record,0.675
L000135,0.2249612291467669,0.233875396534879,0.0063411200424615234,0.06245066397711632,90_dpd,0.5213,none,0.683,0.6649,status_source_conflict,status_source_conflict,reconcile_record,0.775
L000135,0.21012832407658202,0.2640243796258553,0.006150790441253576,0.059128884759244014,90_dpd,0.419,none,0.7255,0.6649,status_source_conflict,status_source_conflict,reconcile_record,0.771
L000136,0.009710295024178056,0.0018907080556032707,0.0013324573523029028,0.8405569119577733,prepaid,0.9662,none,0.7741,0.2259,prepaid_positive_balance; status_source_conflict,prepaid_positive_balance; status_source_conflict,reconcile_record,0.864
L000136,0.008682105284907836,0.0018252324350490727,0.0013819322951860561,0.8239348132716889,prepaid,0.9661,none,0.7741,0.2259,prepaid_positive_balance; status_source_conflict,prepaid_positive_balance; status_source_conflict,reconcile_record,0.858
L000137,0.039273696858163384,0.029620027964532124,0.00043934469667075113,0.19072769865458203,current,0.7594,none,0.7248,0.2139,outlier_remaining_term_months; status_source_conflict,outlier_remaining_term_months; status_source_conflict,reconcile_record,0.845
L000137,0.05890088688774789,0.038083692425980725,0.00075232071213965,0.21437612251946633,current,0.702,none,0.698,0.2139,outlier_remaining_term_months; status_source_conflict,outlier_remaining_term_months; status_source_conflict,reconcile_record,0.827
L000137,0.04408958744030658,0.04044541907779547,0.00048362647134291004,0.19350970561371314,current,0.6103,none,0.678,0.2139,outlier_remaining_term_months; status_source_conflict,outlier_remaining_term_months; status_source_conflict,reconcile_record,0.839
L000137,0.036469599434325733,0.04660649289088009,0.00043506565368096883,0.18920374852954694,current,0.6038,none,0.5827,0.2139,outlier_remaining_term_months; status_source_conflict,outlier_remaining_term_months; status_source_conflict,reconcile_record,0.841
L000137,0.0345568377505041,0.035751860003734,0.00048303798777222314,0.18690749655001393,current,0.7506,none,0.6795,0.2139,outlier_remaining_term_months; status_source_conflict,outlier_remaining_term_months; status_source_conflict,reconcile_record,0.846
L000138,0.009764237842287533,0.002125198985385312,0.0007082921580772892,0.7050849497897783,prepaid,0.9126,none,0.7783,0.2259,prepaid_positive_balance; status_source_conflict,prepaid_positive_balance; status_source_conflict,reconcile_record,0.816
L000138,0.009717878594971285,0.0020430066120685833,0.0006928459772645473,0.7073802216288559,prepaid,0.9169,none,0.7735,0.2259,prepaid_positive_balance; status_source_conflict,prepaid_positive_balance; status_source_conflict,reconcile_record,0.817
L000138,0.009104532015933973,0.0020430066120685833,0.0007211631606453204,0.7465431927895168,prepaid,0.917,none,0.7735,0.2259,prepaid_positive_balance; status_source_conflict,prepaid_positive_balance; status_source_conflict,reconcile_record,0.831
L000139,0.2534293847866031,0.6432558646039965,0.9405462825201084,0.00040724743025905675,default,0.8683,none,0.6902,0.7639,outlier_remaining_term_months; status_source_conflict,outlier_remaining_term_months; status_source_conflict,escalate_human_review,0.702
L000139,0.20390045820549643,0.685520323922063,0.9459951479392937,0.00044366627944767166,default,0.8928,none,0.7244,0.7639,outlier_remaining_term_months; status_source_conflict,outlier_remaining_term_months; status_source_conflict,escalate_human_review,0.736
L000139,0.20390045820549643,0.685520323922063,0.9459951479392937,0.00044366627944767166,default,0.8928,none,0.7244,0.7639,outlier_remaining_term_months; status_source_conflict,outlier_remaining_term_months; status_source_conflict,escalate_human_review,0.736
L000139,0.2487166587614856,0.6990498662031874,0.944089644647285,0.0005025615137147032,default,0.8936,none,0.7306,0.7639,outlier_remaining_term_months; status_source_conflict,outlier_remaining_term_months; status_source_conflict,escalate_human_review,0.724
L000140,0.1480818447830743,0.26870166565826803,0.4168281393142619,0.13393098173349685,current,0.7329,none,0.7568,0.2139,outlier_remaining_term_months; status_source_conflict,outlier_remaining_term_months; status_source_conflict,reconcile_record,0.597
L000140,0.1583257096193594,0.2654213669316756,0.3816127435315682,0.12237716227754429,current,0.7111,none,0.7555,0.2139,outlier_remaining_term_months; status_source_conflict,outlier_remaining_term_months; status_source_conflict,reconcile_record,0.611
L000140,0.23340115851429075,0.3064622114664777,0.408835377087376,0.09885684899737053,current,0.6726,none,0.744,0.2139,outlier_remaining_term_months; status_source_conflict,outlier_remaining_term_months; status_source_conflict,reconcile_record,0.569
L000140,0.1937921590386015,0.29595910377418794,0.45963016391071654,0.07964537680633914,current,0.7116,none,0.7331,0.2139,outlier_remaining_term_months; status_source_conflict,outlier_remaining_term_months; status_source_conflict,reconcile_record,0.576
L000141,0.21870314731968046,0.31129726934137375,0.6183098568128388,0.0015567577910987433,default,0.9755,none,0.6394,0.7639,outlier_paydown_rate; status_source_conflict,outlier_paydown_rate; status_source_conflict,escalate_human_review,0.616
L000141,0.23550378662152646,0.17545271428811016,0.5187292223116852,0.0028657051574293153,default,0.9685,none,0.6585,0.6649,status_source_conflict,status_source_conflict,reconcile_record,0.647
L000141,0.2809110614042858,0.27273806539726375,0.6100399653055751,0.002115736845369345,default,0.9768,none,0.6438,0.6649,status_source_conflict,status_source_conflict,reconcile_record,0.629
L000142,0.04713743472556414,0.02134643264656796,0.0035814851072232365,0.020370325899699542,current,0.6569,source_conflict,0.6451,0.2439,outlier_remaining_term_months; balance_source_conflict; status_source_conflict,outlier_remaining_term_months; balance_source_conflict; status_source_conflict,reconcile_record,0.874
L000142,0.050403487259553494,0.02482532969622153,0.0037928553752443143,0.017085570838625927,current,0.6391,source_conflict,0.4528,0.2439,outlier_remaining_term_months; balance_source_conflict; status_source_conflict,outlier_remaining_term_months; balance_source_conflict; status_source_conflict,reconcile_record,0.872
L000142,0.048771781353353645,0.02032925507159368,0.0034789000545688373,0.020211001364905317,current,0.6608,source_conflict,0.6314,0.2439,outlier_remaining_term_months; balance_source_conflict; status_source_conflict,outlier_remaining_term_months; balance_source_conflict; status_source_conflict,reconcile_record,0.874
L000144,0.0076774328940434665,0.0013463098735032354,0.0003542307928228497,0.7441515622388657,prepaid,0.817,none,0.748,0.2259,prepaid_positive_balance; status_source_conflict,prepaid_positive_balance; status_source_conflict,reconcile_record,0.831
L000144,0.007293256122416234,0.0011638077949044365,0.00038378894589991545,0.722070815718418,prepaid,0.9512,none,0.7581,0.2499,prepaid_positive_balance; outlier_paydown_rate; status_source_conflict,prepaid_positive_balance; outlier_paydown_rate; status_source_conflict,reconcile_record,0.8
L000146,0.00810372693675371,0.00221748425584683,0.0008391936808848935,0.46001217647789877,prepaid,0.9649,none,0.8035,0.7999,prepaid_positive_balance; outlier_remaining_term_months; status_source_conflict,prepaid_positive_balance; outlier_remaining_term_months; status_source_conflict,escalate_human_review,0.735
L000146,0.007813704213554214,0.0022096385175766043,0.0008680220000957978,0.5513968056379158,prepaid,0.9518,none,0.784,0.7999,prepaid_positive_balance; outlier_remaining_term_months; status_source_conflict,prepaid_positive_balance; outlier_remaining_term_months; status_source_conflict,escalate_human_review,0.739
L000147,0.024819036699726682,0.013626951841071419,0.000879269393047146,0.06144097133388341,current,0.7702,none,0.7134,0.1149,status_source_conflict,status_source_conflict,reconcile_record,0.925
L000148,0.011295833123252405,0.004531770996910368,0.003639368807192536,0.788220736730862,prepaid,0.8216,none,0.7865,0.7999,prepaid_positive_balance; outlier_paydown_rate; status_source_conflict,prepaid_positive_balance; outlier_paydown_rate; status_source_conflict,escalate_human_review,0.819
L000148,0.00938274673209888,0.00607574411959975,0.0017663138623988297,0.8322948613071972,prepaid,0.9478,none,0.8344,0.7999,prepaid_positive_balance; outlier_paydown_rate; status_source_conflict,prepaid_positive_balance; outlier_paydown_rate; status_source_conflict,escalate_human_review,0.836
L000148,0.011599376240866087,0.006166343625768504,0.0022670312048640186,0.8371482954036598,prepaid,0.9647,none,0.8502,0.7759,prepaid_positive_balance; status_source_conflict,prepaid_positive_balance; status_source_conflict,escalate_human_review,0.86
L000149,0.03616326847198271,0.031070660808060365,0.0012958971066926266,0.3797387108722594,current,0.7975,none,0.8662,0.1149,status_source_conflict,status_source_conflict,reconcile_record,0.803
L000149,0.03711681933466575,0.03206663312029794,0.0011964363149950163,0.4121579788892502,current,0.8012,none,0.8724,0.1149,status_source_conflict,status_source_conflict,reconcile_record,0.791
L000149,0.036659973177441935,0.028371877293843054,0.001123940976373126,0.41913611819938174,current,0.7926,none,0.8723,0.1149,status_source_conflict,status_source_conflict,reconcile_record,0.79
L000150,0.008534021869132586,0.002358464049059846,0.0022935767899273014,0.5888556933608627,prepaid,0.9925,none,0.8109,0.2499,prepaid_positive_balance; outlier_remaining_term_months; status_source_conflict,prepaid_positive_balance; outlier_remaining_term_months; status_source_conflict,reconcile_record,0.752
L000150,0.008308033614603513,0.0021877741714185907,0.0022935767899273014,0.5888556933608627,prepaid,0.9925,none,0.8109,0.2499,prepaid_positive_balance; outlier_remaining_term_months; status_source_conflict,prepaid_positive_balance; outlier_remaining_term_months; status_source_conflict,reconcile_record,0.752
L000150,0.008229753367875138,0.0023350028483510306,0.0022935767899273014,0.5888556933608627,prepaid,0.9784,none,0.8143,0.2499,prepaid_positive_balance; outlier_remaining_term_months; status_source_conflict,prepaid_positive_balance; outlier_remaining_term_months; status_source_conflict,reconcile_record,0.752
L000150,0.008534021869132586,0.002358464049059846,0.0022935767899273014,0.5888556933608627,prepaid,0.9784,none,0.8109,0.2499,prepaid_positive_balance; outlier_remaining_term_months; status_source_conflict,prepaid_positive_balance; outlier_remaining_term_months; status_source_conflict,reconcile_record,0.752
L000151,0.019223761134496465,0.010825939779866955,0.0011091635921776186,0.0537711343264173,current,0.7006,none,0.8396,0.1149,status_source_conflict,status_source_conflict,reconcile_record,0.931
L000151,0.023546743913385473,0.010648084191513548,0.0010943937685017272,0.052543301451869216,current,0.713,none,0.8339,0.1149,status_source_conflict,status_source_conflict,reconcile_record,0.929
L000151,0.12965526102817115,0.03277012253370474,0.0035038357221103167,0.03191243498616827,60_dpd,0.5056,none,0.7966,0.6649,status_source_conflict,status_source_conflict,reconcile_record,0.891
L000152,0.006784709589418868,0.0033520311240726845,0.0008454220723581124,0.2591371674726466,prepaid,0.9615,none,0.7957,0.2259,prepaid_positive_balance; status_source_conflict,prepaid_positive_balance; status_source_conflict,reconcile_record,0.83
L000153,0.08538754610388027,0.23609281710824162,0.1994258025916662,0.004809222636512299,current,0.6851,none,0.5065,0.2139,outlier_remaining_term_months; status_source_conflict,outlier_remaining_term_months; status_source_conflict,reconcile_record,0.752
L000153,0.08309480311552596,0.227513780616325,0.15318363650597647,0.004746577297594319,current,0.696,none,0.5097,0.2139,outlier_remaining_term_months; status_source_conflict,outlier_remaining_term_months; status_source_conflict,reconcile_record,0.772
L000153,0.0747538582740353,0.18160928186163947,0.06697523249597619,0.004386620616605011,current,0.6605,none,0.5272,0.2139,outlier_remaining_term_months; status_source_conflict,outlier_remaining_term_months; status_source_conflict,reconcile_record,0.821
L000154,0.08390579573413655,0.19712480369741156,0.010803844560960174,0.014459127059694231,current,0.5981,missing_docs,0.7978,0.7639,outlier_remaining_term_months; status_source_conflict,outlier_remaining_term_months; status_source_conflict,escalate_human_review,0.829
L000154,0.08970920225281305,0.19134017502232714,0.009111498195579564,0.017187516455987113,current,0.5945,none,0.7585,0.7639,outlier_remaining_term_months; status_source_conflict,outlier_remaining_term_months; status_source_conflict,escalate_human_review,0.828
L000154,0.07085055220275334,0.1957759450082371,0.00777929078014494,0.018755097981005015,current,0.5998,none,0.7281,0.7639,outlier_remaining_term_months; status_source_conflict,outlier_remaining_term_months; status_source_conflict,escalate_human_review,0.833
L000154,0.07784723121618546,0.18747062744696877,0.009430526107540927,0.022520087659760647,current,0.5937,none,0.6766,0.7639,outlier_remaining_term_months; status_source_conflict,outlier_remaining_term_months; status_source_conflict,escalate_human_review,0.832
L000155,0.05253565402584167,0.028392310953584753,0.0020992133291354953,0.12098403819139804,current,0.7588,none,0.7617,0.6649,status_source_conflict,status_source_conflict,reconcile_record,0.889
L000155,0.06493173151596004,0.04402655478575995,0.002145105043631474,0.09253095577452769,current,0.748,none,0.759,0.6649,status_source_conflict,status_source_conflict,reconcile_record,0.889
L000155,0.09749284698352695,0.03597494193000219,0.002310815026634676,0.05715371905761155,90_dpd,0.7444,none,0.7443,0.6649,status_source_conflict,status_source_conflict,reconcile_record,0.893
L000155,0.02458410757454432,0.029649199462980693,0.0010649206853027982,0.055470427526928136,current,0.7144,missing_docs,0.8479,0.1149,status_source_conflict,status_source_conflict,reconcile_record,0.922
L000156,0.05664571517064895,0.13630786840055,0.027822208420331698,0.0030407456743584676,current,0.6449,none,0.6513,0.6649,status_source_conflict,status_source_conflict,reconcile_record,0.882
L000156,0.05542108347391245,0.1497687785052179,0.021280706275235442,0.004093422263504825,current,0.6204,none,0.7721,0.6649,status_source_conflict,status_source_conflict,reconcile_record,0.88
L000156,0.04744795783980497,0.1541916560014174,0.037193702753837654,0.0038697023056545026,current,0.628,none,0.7732,0.6649,status_source_conflict,status_source_conflict,reconcile_record,0.875
L000156,0.04101781328216526,0.13356247878513294,0.045737965032849985,0.005242657192085152,current,0.6708,none,0.773,0.6649,status_source_conflict,status_source_conflict,reconcile_record,0.881
L000157,0.11182024601896336,0.15124246926110405,0.0033599547233587224,0.0022915704823109366,current,0.7464,none,0.6501,0.1149,status_source_conflict,status_source_conflict,reconcile_record,0.866
L000157,0.08196703458399708,0.11634923550600168,0.00254421353694352,0.003347969605744126,current,0.7118,none,0.6486,0.1149,status_source_conflict,status_source_conflict,reconcile_record,0.889
L000157,0.0625872223309548,0.10325792762394274,0.006321652592552712,0.0062468075781390775,current,0.6488,none,0.6108,0.2379,balance_exceeds_original; outlier_paydown_rate; status_source_conflict,balance_exceeds_original; outlier_paydown_rate; status_source_conflict,reconcile_record,0.85
L000157,0.08149844247443769,0.12574231657838933,0.0033089370568883474,0.004312190134559325,current,0.7276,none,0.6331,0.2139,outlier_paydown_rate; status_source_conflict,outlier_paydown_rate; status_source_conflict,reconcile_record,0.861
L000158,0.20623235188245292,0.3806854867473262,0.040157241904084644,0.3225320634095136,current,0.5724,none,0.6571,0.7639,outlier_remaining_term_months; status_source_conflict,outlier_remaining_term_months; status_source_conflict,escalate_human_review,0.604
L000158,0.018212613173696077,0.005173405021729371,0.0013551642333886236,0.3530296627922021,prepaid,0.6584,none,0.7088,0.2499,prepaid_positive_balance; outlier_remaining_term_months; status_source_conflict,prepaid_positive_balance; outlier_remaining_term_months; status_source_conflict,reconcile_record,0.768
L000159,0.20591572952591455,0.6830621242621066,0.603997845614285,0.00067001147262099,default,0.968,none,0.8397,0.6649,status_source_conflict,status_source_conflict,reconcile_record,0.638
L000159,0.18220041249742527,0.686739333575168,0.6049356538719303,0.0006534613598820543,default,0.9619,none,0.8279,0.6649,status_source_conflict,status_source_conflict,reconcile_record,0.648
L000159,0.2195796949886379,0.6850716283438246,0.6064473845758134,0.0006542406460300727,default,0.9619,none,0.8302,0.6649,status_source_conflict,status_source_conflict,reconcile_record,0.635
L000159,0.1786359286347092,0.6829161733208906,0.6106856894080618,0.0006713662475970497,default,0.9619,none,0.8084,0.6649,status_source_conflict,status_source_conflict,reconcile_record,0.65
L000160,0.018827508448100105,0.01560469172749192,0.0029205442106936467,0.14400440484351054,current,0.7576,none,0.6541,0.2199,balance_source_conflict; status_source_conflict,balance_source_conflict; status_source_conflict,reconcile_record,0.866
L000160,0.026369350577799388,0.010350177034499955,0.0029224243688237158,0.08552964427151771,current,0.4489,none,0.644,0.8059,dpd_status_break; balance_source_conflict; status_source_conflict,dpd_status_break; balance_source_conflict; status_source_conflict,escalate_human_review,0.85
L000160,0.013703765925844644,0.01565059588981711,0.0018511389447435848,0.12190666215305136,current,0.6673,none,0.6388,0.2199,balance_source_conflict; status_source_conflict,balance_source_conflict; status_source_conflict,reconcile_record,0.876
L000160,0.013986754662256967,0.01126041452539051,0.0021942315276452977,0.09255489781285686,current,0.7292,none,0.6471,0.2199,balance_source_conflict; status_source_conflict,balance_source_conflict; status_source_conflict,reconcile_record,0.888
L000161,0.08735337967796392,0.3979916314733714,0.022357919488180222,0.027898625410843887,current,0.7289,none,0.7391,0.1149,status_source_conflict,status_source_conflict,reconcile_record,0.772
L000161,0.064218131383506,0.2505205738752672,0.012343578473942879,0.022909347636734034,current,0.7161,none,0.7453,0.1149,status_source_conflict,status_source_conflict,reconcile_record,0.838
L000161,0.19545454086514127,0.36419546270009984,0.11466252867300152,0.03718264793498844,60_dpd,0.4866,none,0.6781,0.6649,status_source_conflict,status_source_conflict,reconcile_record,0.711
L000161,0.02950212447306734,0.17563230849510303,0.014055049224871432,0.03567755322668665,current,0.7253,missing_docs,0.8935,0.1149,status_source_conflict,status_source_conflict,reconcile_record,0.871
L000162,0.013237119051796522,0.0029003671783278343,0.0003469447758295105,0.3248963534182943,prepaid,0.9817,none,0.823,0.2259,prepaid_positive_balance; status_source_conflict,prepaid_positive_balance; status_source_conflict,reconcile_record,0.804
L000162,0.04322575733845018,0.0829450345974559,0.0021514912048055833,0.5050756534363888,current,0.5786,none,0.5836,0.2286,missing_core; status_source_conflict,missing_core; status_source_conflict,reconcile_record,0.703
L000163,0.008768817558419737,0.0022623954203983827,0.0004714756611503438,0.7024866350289067,prepaid,0.9768,none,0.6338,0.8299,prepaid_positive_balance; outlier_remaining_term_months; balance_source_conflict,prepaid_positive_balance; outlier_remaining_term_months; balance_source_conflict,escalate_human_review,0.762
L000163,0.009420434396155523,0.0018489556634329856,0.0005490947423157609,0.7329865037439894,prepaid,0.8515,none,0.5201,0.8539,prepaid_positive_balance; outlier_remaining_term_months; outlier_paydown_rate,prepaid_positive_balance; outlier_remaining_term_months; outlier_paydown_rate,escalate_human_review,0.749
L000163,0.0072703224815934215,0.0029462009717362084,0.0004960303453504564,0.6918266938259264,prepaid,0.9324,none,0.6368,0.3039,prepaid_positive_balance; outlier_remaining_term_months; outlier_paydown_rate,prepaid_positive_balance; outlier_remaining_term_months; outlier_paydown_rate,reconcile_record,0.735
L000163,0.008973452798332109,0.002446086990176649,0.0004322236274504625,0.7244470127627757,prepaid,0.9534,none,0.643,0.2799,prepaid_positive_balance; outlier_remaining_term_months; balance_source_conflict,prepaid_positive_balance; outlier_remaining_term_months; balance_source_conflict,reconcile_record,0.769
L000164,0.0394388539506045,0.051334405783778216,0.006576416551579536,0.015576319120855421,current,0.6861,none,0.6511,0.2379,outlier_remaining_term_months; outlier_paydown_rate; status_source_conflict,outlier_remaining_term_months; outlier_paydown_rate; status_source_conflict,reconcile_record,0.873
L000164,0.041279708290610735,0.03931021021030872,0.006277650263791634,0.011308147250923316,current,0.6924,none,0.6473,0.2139,outlier_remaining_term_months; status_source_conflict,outlier_remaining_term_months; status_source_conflict,reconcile_record,0.902
L000164,0.042040598640129746,0.044302361832140695,0.006260837439635348,0.012065605139461455,current,0.676,none,0.5503,0.2139,outlier_remaining_term_months; status_source_conflict,outlier_remaining_term_months; status_source_conflict,reconcile_record,0.9
L000164,0.03524118473736752,0.04936439002377154,0.007486796817259865,0.019361443635333632,current,0.684,none,0.6581,0.7639,outlier_remaining_term_months; status_source_conflict,outlier_remaining_term_months; status_source_conflict,escalate_human_review,0.897
L000165,0.26115234318338726,0.43804398282493356,0.27604599810299,0.0165912222599543,60_dpd,0.4684,none,0.4843,0.7639,outlier_remaining_term_months; status_source_conflict,outlier_remaining_term_months; status_source_conflict,escalate_human_review,0.589
L000165,0.04902379643950746,0.1653461413680016,0.06087316894066821,0.010940475681624451,current,0.6604,none,0.4992,0.2139,outlier_remaining_term_months; status_source_conflict,outlier_remaining_term_months; status_source_conflict,reconcile_record,0.836
L000165,0.09477428418239736,0.22496474686385312,0.06048052179693094,0.012998875845537716,current,0.4078,source_conflict,0.4457,0.7999,dpd_status_break; outlier_remaining_term_months; status_source_conflict,dpd_status_break; outlier_remaining_term_months; status_source_conflict,escalate_human_review,0.762
L000166,0.11390256714700076,0.10993644836226418,0.014157885962121563,0.06236235210687497,current,0.6724,none,0.7526,0.6649,status_source_conflict,status_source_conflict,reconcile_record,0.855
L000166,0.11942598369625833,0.13234516592254222,0.01236407827672858,0.07165564978110928,current,0.6623,none,0.7546,0.6649,status_source_conflict,status_source_conflict,reconcile_record,0.842
L000167,0.010148001009393432,0.002177638716350031,0.0009839160328844567,0.4505065927287539,prepaid,0.9067,none,0.733,0.2259,prepaid_positive_balance; status_source_conflict,prepaid_positive_balance; status_source_conflict,reconcile_record,0.762
L000167,0.010704817695458044,0.002272696779096651,0.0009790632641893848,0.4359950493541498,prepaid,0.9027,none,0.7293,0.2259,prepaid_positive_balance; status_source_conflict,prepaid_positive_balance; status_source_conflict,reconcile_record,0.767
L000167,0.010484642283874157,0.0021698920746617795,0.0011062434921539817,0.47043455260058686,prepaid,0.9014,none,0.6939,0.2259,prepaid_positive_balance; status_source_conflict,prepaid_positive_balance; status_source_conflict,reconcile_record,0.755
L000167,0.010558050306041395,0.0021586622653858305,0.0010050981193458165,0.47043455260058686,prepaid,0.9014,none,0.6966,0.2259,prepaid_positive_balance; status_source_conflict,prepaid_positive_balance; status_source_conflict,reconcile_record,0.755
L000167,0.010717560478472226,0.0023068689312417405,0.0010989307155688736,0.47043455260058686,prepaid,0.9014,none,0.6913,0.2259,prepaid_positive_balance; status_source_conflict,prepaid_positive_balance; status_source_conflict,reconcile_record,0.755
L000168,0.11987936674786777,0.29287764065789185,0.0033090403011924985,0.1565820883015937,current,0.7603,source_conflict,0.6209,0.7639,outlier_remaining_term_months; balance_source_conflict,outlier_remaining_term_months; balance_source_conflict,escalate_human_review,0.736
L000168,0.1540163276886833,0.2921755462264104,0.0030946186394853275,0.13526798207286608,current,0.5467,source_conflict,0.6188,0.2439,outlier_remaining_term_months; balance_source_conflict; status_source_conflict,outlier_remaining_term_months; balance_source_conflict; status_source_conflict,reconcile_record,0.702
L000168,0.10339300510119538,0.2981611287776142,0.004576613581824302,0.09227797507638615,current,0.5266,source_conflict,0.546,0.2439,outlier_remaining_term_months; balance_source_conflict; status_source_conflict,outlier_remaining_term_months; balance_source_conflict; status_source_conflict,reconcile_record,0.732
L000168,0.09850825944299858,0.24120214483325228,0.005371086763415835,0.09731607760079691,current,0.7507,source_conflict,0.6161,0.2139,outlier_remaining_term_months; balance_source_conflict,outlier_remaining_term_months; balance_source_conflict,reconcile_record,0.781
L000169,0.1148215431719613,0.12821884022363425,0.018032053408910856,0.06130159440136049,current,0.6232,none,0.6674,0.7759,dpd_status_break; status_source_conflict,dpd_status_break; status_source_conflict,escalate_human_review,0.811
L000169,0.08948706656491782,0.11780208580439615,0.015099155384004538,0.07440677285024537,current,0.6527,none,0.7111,0.6649,status_source_conflict,status_source_conflict,reconcile_record,0.856
L000170,0.024744565087374146,0.01382476802308493,0.002183720024463621,0.6853065217246065,current,0.7779,none,0.8352,0.7639,outlier_remaining_term_months; status_source_conflict,outlier_remaining_term_months; status_source_conflict,escalate_human_review,0.811
L000170,0.016233684522891475,0.012185580150798422,0.0015311905046937527,0.6930523128319924,current,0.8175,none,0.8417,0.7639,outlier_remaining_term_months; status_source_conflict,outlier_remaining_term_months; status_source_conflict,escalate_human_review,0.818
L000170,0.017575865370428875,0.01150426539666058,0.0015720913947249642,0.6996828607855496,current,0.7935,none,0.8335,0.7639,outlier_remaining_term_months; status_source_conflict,outlier_remaining_term_months; status_source_conflict,escalate_human_review,0.821
L000170,0.008501773075293569,0.0021162047851237074,0.0006692736998549837,0.6697322872381538,prepaid,0.8342,none,0.8313,0.7999,prepaid_positive_balance; outlier_remaining_term_months; status_source_conflict,prepaid_positive_balance; outlier_remaining_term_months; status_source_conflict,escalate_human_review,0.78
L000171,0.0064965283260036664,0.0022701225484516216,0.0017982376825412133,0.5544362579955777,prepaid,0.9084,none,0.7729,0.2499,prepaid_positive_balance; outlier_remaining_term_months; status_source_conflict,prepaid_positive_balance; outlier_remaining_term_months; status_source_conflict,reconcile_record,0.74
L000171,0.0064651774135766,0.0023046078582651987,0.0017510899072827122,0.5965552353581199,prepaid,0.9039,none,0.782,0.2499,prepaid_positive_balance; outlier_remaining_term_months; status_source_conflict,prepaid_positive_balance; outlier_remaining_term_months; status_source_conflict,reconcile_record,0.755
L000171,0.006681159597632195,0.002321721083801215,0.0017997342939419922,0.5197183149543682,prepaid,0.9128,none,0.7684,0.2499,prepaid_positive_balance; outlier_remaining_term_months; status_source_conflict,prepaid_positive_balance; outlier_remaining_term_months; status_source_conflict,reconcile_record,0.728
L000173,0.007569009918348849,0.0009197257908253924,0.0004898261099059141,0.5882878723438502,prepaid,0.9824,none,0.7944,0.2259,prepaid_positive_balance; status_source_conflict,prepaid_positive_balance; status_source_conflict,reconcile_record,0.777
L000173,0.00820843674723855,0.0009333261424414673,0.0004922262042604323,0.5539070530794282,prepaid,0.9824,none,0.7857,0.2259,prepaid_positive_balance; status_source_conflict,prepaid_positive_balance; status_source_conflict,reconcile_record,0.764
L000174,0.011889150082701333,0.0028433209741378558,0.0033206130514884993,0.47282617352714196,prepaid,0.9868,none,0.7915,0.2259,prepaid_positive_balance; status_source_conflict,prepaid_positive_balance; status_source_conflict,reconcile_record,0.753
L000174,0.011979135176936773,0.0030062159824822544,0.0017493069380077333,0.42036045654848886,prepaid,0.9919,none,0.7957,0.2259,prepaid_positive_balance; status_source_conflict,prepaid_positive_balance; status_source_conflict,reconcile_record,0.771
L000174,0.011569403284798848,0.002638849724847767,0.001866500514685211,0.4799284915979671,prepaid,0.9879,none,0.6591,0.2259,prepaid_positive_balance; status_source_conflict,prepaid_positive_balance; status_source_conflict,reconcile_record,0.75
L000174,0.01162668319947009,0.0029776535131908984,0.0018678872281236924,0.48198463593823476,prepaid,0.9889,none,0.788,0.7759,prepaid_positive_balance; status_source_conflict,prepaid_positive_balance; status_source_conflict,escalate_human_review,0.75
L000176,0.1267782535288052,0.1260453675137665,0.01731924853906973,0.015336770663378253,current,0.7065,none,0.766,0.1149,status_source_conflict,status_source_conflict,reconcile_record,0.86
L000176,0.10152443667317101,0.19742455565739636,0.022355955241562003,0.018705403647509916,current,0.4021,none,0.6668,0.8479,balance_exceeds_original; dpd_status_break; outlier_balance_ratio,balance_exceeds_original; dpd_status_break; outlier_balance_ratio,escalate_human_review,0.733
L000176,0.09519261344036545,0.13098615880589723,0.01505522769470382,0.01718604765768296,current,0.6744,none,0.7348,0.2139,outlier_paydown_rate; status_source_conflict,outlier_paydown_rate; status_source_conflict,reconcile_record,0.846
L000176,0.12055704626658477,0.19187836216054263,0.012282255186239857,0.01591250622075112,current,0.7234,none,0.7502,0.1149,status_source_conflict,status_source_conflict,reconcile_record,0.841
L000177,0.1129488719808623,0.18180667010625692,0.0012391650795507561,0.5432422715905989,current,0.7889,none,0.7355,0.1149,status_source_conflict,status_source_conflict,reconcile_record,0.697
L000177,0.10624462894052371,0.13373797236163218,0.001445503092163158,0.46837068265148996,current,0.6155,none,0.6478,0.2259,dpd_status_break; status_source_conflict,dpd_status_break; status_source_conflict,reconcile_record,0.676
L000177,0.009997477080671014,0.0037562507391580117,0.0005384347795425864,0.3775744824425866,prepaid,0.8352,none,0.6951,0.2259,prepaid_positive_balance; status_source_conflict,prepaid_positive_balance; status_source_conflict,reconcile_record,0.787
L000177,0.012712611853803233,0.004485581343285799,0.0005081244206064085,0.40014233091523216,prepaid,0.8372,none,0.6896,0.2259,prepaid_positive_balance; status_source_conflict,prepaid_positive_balance; status_source_conflict,reconcile_record,0.778
L000178,0.048723010560828395,0.03023983251730725,0.006985465467488087,0.02117583187870622,current,0.7442,none,0.6988,0.1149,status_source_conflict,status_source_conflict,reconcile_record,0.922
L000178,0.052333905299698856,0.02114028067470619,0.003190122948146411,0.022137521684977967,current,0.5565,none,0.677,0.1149,status_source_conflict,status_source_conflict,reconcile_record,0.926
L000178,0.04464782873819223,0.02638681326496273,0.008667237686290212,0.014186162890938993,current,0.7449,none,0.6651,0.6649,status_source_conflict,status_source_conflict,reconcile_record,0.927
L000178,0.03815797387165367,0.015646329291856272,0.003280870462950433,0.019336363324882106,current,0.7339,none,0.6907,0.6649,status_source_conflict,status_source_conflict,reconcile_record,0.933
L000179,0.14843142457335107,0.1891921361757114,0.7226465502937695,0.00030147893332557036,default,0.9533,none,0.7747,0.6649,status_source_conflict,status_source_conflict,reconcile_record,0.744
L000179,0.23119779376211216,0.48095131742762814,0.7366057394576474,0.00033928112924646393,default,0.9533,none,0.7787,0.6649,status_source_conflict,status_source_conflict,reconcile_record,0.618
L000179,0.2629568859565133,0.47439217768558906,0.7384418542311181,0.00033928112924646393,default,0.9533,none,0.7768,0.6649,status_source_conflict,status_source_conflict,reconcile_record,0.61
L000179,0.24998915490258314,0.47439217768558906,0.7384418542311181,0.00033928112924646393,default,0.9533,none,0.7799,0.6649,status_source_conflict,status_source_conflict,reconcile_record,0.615
L000179,0.2768995875130931,0.4166181279417576,0.7384418542311181,0.00033101623778019544,default,0.9598,none,0.7753,0.6649,status_source_conflict,status_source_conflict,reconcile_record,0.626
L000180,0.21767497170417852,0.3970022550032073,0.5408986898444327,0.0007755369632557694,default,0.9148,none,0.4849,0.7639,outlier_remaining_term_months; status_source_conflict,outlier_remaining_term_months; status_source_conflict,escalate_human_review,0.56
L000180,0.18668110571872698,0.3762570045955451,0.5059344778662181,0.0008369943253101767,default,0.9591,none,0.427,0.7639,outlier_remaining_term_months; status_source_conflict,outlier_remaining_term_months; status_source_conflict,escalate_human_review,0.566
L000180,0.2462366861470404,0.34354583629170987,0.46004249579937523,0.0009668869926954044,default,0.9585,none,0.4311,0.7639,outlier_remaining_term_months; status_source_conflict,outlier_remaining_term_months; status_source_conflict,escalate_human_review,0.569
L000180,0.24465013762251245,0.3375048587510503,0.4970495214753263,0.0009556104504990946,default,0.9744,none,0.4945,0.7639,outlier_remaining_term_months; status_source_conflict,outlier_remaining_term_months; status_source_conflict,escalate_human_review,0.558
L000181,0.06282759874183978,0.08084439617318846,0.001958175613869593,0.36702686571201654,current,0.7714,none,0.8877,0.1149,status_source_conflict,status_source_conflict,reconcile_record,0.781
L000181,0.06939705372950639,0.1171144043579911,0.0019257076080744868,0.3848346495593277,current,0.7431,none,0.8565,0.1149,status_source_conflict,status_source_conflict,reconcile_record,0.759
L000181,0.08014879827233086,0.1103426906200171,0.0027118275132038787,0.3985929139102473,current,0.7422,none,0.853,0.1149,status_source_conflict,status_source_conflict,reconcile_record,0.753
L000182,0.01278444051800521,0.004992184173020294,0.0005697480006501194,0.38004919630111483,prepaid,0.9221,none,0.7649,0.2259,prepaid_positive_balance; status_source_conflict,prepaid_positive_balance; status_source_conflict,reconcile_record,0.785
L000182,0.013570749268645209,0.004906022177776091,0.0005541999161961411,0.35989479331471297,prepaid,0.9142,none,0.6859,0.2259,prepaid_positive_balance; status_source_conflict,prepaid_positive_balance; status_source_conflict,reconcile_record,0.792
L000183,0.012214638933036726,0.007262735692011513,0.0044403246146734856,0.17868697146811155,prepaid,0.7965,none,0.6012,0.2499,prepaid_positive_balance; outlier_paydown_rate; status_source_conflict,prepaid_positive_balance; outlier_paydown_rate; status_source_conflict,reconcile_record,0.829
L000183,0.009392227009046841,0.0059421512504629,0.002430869421165196,0.2281896277661792,prepaid,0.979,none,0.8323,0.2499,prepaid_positive_balance; outlier_paydown_rate; status_source_conflict,prepaid_positive_balance; outlier_paydown_rate; status_source_conflict,reconcile_record,0.814
L000183,0.01096012380301766,0.005400157610891024,0.0016330614207623708,0.223478087687888,prepaid,0.9932,none,0.8405,0.2259,prepaid_positive_balance; status_source_conflict,prepaid_positive_balance; status_source_conflict,reconcile_record,0.839
L000183,0.011037801044937803,0.005509255361868401,0.0024299245379147206,0.2439725227062041,prepaid,0.9932,none,0.8359,0.2259,prepaid_positive_balance; status_source_conflict,prepaid_positive_balance; status_source_conflict,reconcile_record,0.832
L000183,0.011654075795355818,0.005488719456113009,0.0024028812552654654,0.26464342617182784,prepaid,0.9842,none,0.6695,0.2259,prepaid_positive_balance; status_source_conflict,prepaid_positive_balance; status_source_conflict,reconcile_record,0.825
L000184,0.06753267192723474,0.1311396700784649,0.014374676518719284,0.0037683603221848796,current,0.7567,none,0.7216,0.1149,status_source_conflict,status_source_conflict,reconcile_record,0.884
L000184,0.045943458176441666,0.11321204727196867,0.010532942206605382,0.004009525675433399,current,0.7499,none,0.7196,0.1149,status_source_conflict,status_source_conflict,reconcile_record,0.899
L000184,0.04348883812373933,0.11319141536945809,0.015467751108470594,0.0032312810302623798,current,0.7449,none,0.7158,0.1149,status_source_conflict,status_source_conflict,reconcile_record,0.898
L000184,0.03759029670571062,0.09679637653166025,0.01384592933087194,0.003059965692273249,current,0.7432,none,0.7113,0.1149,status_source_conflict,status_source_conflict,reconcile_record,0.907
L000185,0.004813226462245372,0.001257747576164904,0.00024683551492103777,0.8871377539465853,prepaid,0.959,none,0.8178,0.2499,prepaid_positive_balance; outlier_remaining_term_months; status_source_conflict,prepaid_positive_balance; outlier_remaining_term_months; status_source_conflict,reconcile_record,0.858
L000185,0.004485480498136819,0.0010835335050949858,0.0002464117408236797,0.8876664503845039,prepaid,0.959,none,0.8173,0.2499,prepaid_positive_balance; outlier_remaining_term_months; status_source_conflict,prepaid_positive_balance; outlier_remaining_term_months; status_source_conflict,reconcile_record,0.859
L000185,0.004985358219166944,0.0013357057242219278,0.00024683551492103777,0.8871377539465853,prepaid,0.959,none,0.8178,0.2499,prepaid_positive_balance; outlier_remaining_term_months; status_source_conflict,prepaid_positive_balance; outlier_remaining_term_months; status_source_conflict,reconcile_record,0.858
L000186,0.18845458398752998,0.47291942391214975,0.620854640159128,0.00044988172008735656,default,0.9775,source_conflict,0.5197,0.7699,balance_source_conflict; status_source_conflict,balance_source_conflict; status_source_conflict,escalate_human_review,0.566
L000186,0.2902592459514282,0.5166459077625095,0.8055612329967764,0.000562168057023775,default,0.9731,missing_docs,0.7353,0.7699,balance_source_conflict; status_source_conflict,balance_source_conflict; status_source_conflict,escalate_human_review,0.591
L000187,0.08059199200973367,0.10519071441716181,0.005551356036006576,0.1029106593888147,current,0.7524,none,0.7898,0.2139,outlier_remaining_term_months; status_source_conflict,outlier_remaining_term_months; status_source_conflict,reconcile_record,0.833
L000187,0.07384296097941019,0.11776171400585471,0.003665631016671661,0.09305899299894765,current,0.7568,none,0.786,0.2139,outlier_remaining_term_months; status_source_conflict,outlier_remaining_term_months; status_source_conflict,reconcile_record,0.835
L000187,0.0631520419525676,0.10776942770541352,0.003549323786290555,0.1029276786117263,current,0.7521,none,0.7818,0.2139,outlier_remaining_term_months; status_source_conflict,outlier_remaining_term_months; status_source_conflict,reconcile_record,0.839
L000187,0.08298287734799688,0.09056829792448085,0.007601911187808081,0.0650024314912594,current,0.5674,none,0.7711,0.7639,outlier_remaining_term_months; status_source_conflict,outlier_remaining_term_months; status_source_conflict,escalate_human_review,0.85
L000188,0.006998197078780469,0.0032335095664246852,0.00015237192534214917,0.40122301345626105,prepaid,0.9752,none,0.7666,0.2259,prepaid_positive_balance; status_source_conflict,prepaid_positive_balance; status_source_conflict,reconcile_record,0.78
L000188,0.006527736796998176,0.002843103248409718,0.0001917568853555227,0.43794382003253096,prepaid,0.9751,none,0.7567,0.2259,prepaid_positive_balance; status_source_conflict,prepaid_positive_balance; status_source_conflict,reconcile_record,0.767
L000188,0.006527736796998176,0.002843103248409718,0.0001917568853555227,0.43794382003253096,prepaid,0.9751,none,0.7561,0.2259,prepaid_positive_balance; status_source_conflict,prepaid_positive_balance; status_source_conflict,reconcile_record,0.767
L000189,0.0075558465155616756,0.002162704173209797,0.00026237470022071665,0.6360342291204951,prepaid,0.8499,none,0.7936,0.2499,prepaid_positive_balance; outlier_paydown_rate; status_source_conflict,prepaid_positive_balance; outlier_paydown_rate; status_source_conflict,reconcile_record,0.769
L000189,0.005326575310929585,0.0020922681618647135,0.00022319070732249198,0.600418917887485,prepaid,0.9919,none,0.7775,0.2259,prepaid_positive_balance; status_source_conflict,prepaid_positive_balance; status_source_conflict,reconcile_record,0.781
L000189,0.005217135727084674,0.00206097519052299,0.0002198226849137099,0.5844916206714842,prepaid,0.9899,none,0.7802,0.2259,prepaid_positive_balance; status_source_conflict,prepaid_positive_balance; status_source_conflict,reconcile_record,0.776
L000189,0.004906524980542099,0.0018671605308247967,0.0002198226849137099,0.5844916206714842,prepaid,0.9899,none,0.7805,0.2259,prepaid_positive_balance; status_source_conflict,prepaid_positive_balance; status_source_conflict,reconcile_record,0.776
L000189,0.004939105924897908,0.0019415067998656197,0.00021982241659962472,0.5948798856490646,prepaid,0.9905,none,0.7648,0.2259,prepaid_positive_balance; status_source_conflict,prepaid_positive_balance; status_source_conflict,reconcile_record,0.78
L000191,0.015233751916654497,0.011783147695215865,0.0005022521338979431,0.018346348489415194,current,0.7396,source_conflict,0.5237,0.1149,balance_source_conflict,balance_source_conflict,reconcile_record,0.944
L000191,0.015069094151042415,0.010528521982193098,0.0005615172430381201,0.03379520349407789,current,0.7668,source_conflict,0.5018,0.1149,balance_source_conflict,balance_source_conflict,reconcile_record,0.939
L000191,0.014480632909846941,0.009600193052673577,0.00045178245902852506,0.03488652557212447,current,0.7147,missing_docs,0.8642,0.1149,balance_source_conflict,balance_source_conflict,reconcile_record,0.939
L000191,0.018158250979853508,0.010333888388421907,0.0005041584424261992,0.03617227296369518,current,0.7002,none,0.4737,0.1149,balance_source_conflict,balance_source_conflict,reconcile_record,0.937
L000191,0.02058880722179259,0.012303542156021452,0.0005557165049727599,0.034679324614229574,current,0.7117,source_conflict,0.5046,0.1149,balance_source_conflict,balance_source_conflict,reconcile_record,0.936
L000192,0.20172964466932186,0.5746234940346261,0.8851389200064254,6.570977860405793e-05,default,0.9399,none,0.7381,0.7639,outlier_remaining_term_months; status_source_conflict,outlier_remaining_term_months; status_source_conflict,escalate_human_review,0.676
L000192,0.168935231311681,0.5459804581633337,0.8754871617236436,8.242463763966531e-05,default,0.9287,none,0.6001,0.7639,outlier_remaining_term_months; status_source_conflict,outlier_remaining_term_months; status_source_conflict,escalate_human_review,0.674
L000192,0.19723343429622311,0.5756183898290455,0.8817382433543078,6.699462796135279e-05,default,0.9397,none,0.736,0.7639,outlier_remaining_term_months; status_source_conflict,outlier_remaining_term_months; status_source_conflict,escalate_human_review,0.677
L000193,0.0415407044728972,0.03921258546141093,0.017889659837089872,0.7670121190692468,current,0.6866,none,0.6323,0.1149,status_source_conflict,status_source_conflict,reconcile_record,0.844
L000193,0.008211934111755746,0.002873494534474929,0.0020627974696294216,0.7945974257803607,prepaid,0.7669,none,0.6475,0.7759,prepaid_positive_balance; status_source_conflict,prepaid_positive_balance; status_source_conflict,escalate_human_review,0.848
L000193,0.008597967088949577,0.00427248899398086,0.0020841876522025007,0.689455003301069,prepaid,0.911,none,0.6324,0.7759,prepaid_positive_balance; status_source_conflict,prepaid_positive_balance; status_source_conflict,escalate_human_review,0.81
L000194,0.01779442928013311,0.01139864683009289,0.0009354394236046545,0.03463219035487237,current,0.7326,none,0.6994,0.2139,outlier_paydown_rate; status_source_conflict,outlier_paydown_rate; status_source_conflict,reconcile_record,0.914
L000194,0.020496309640998172,0.008226854068967634,0.0006022502866521136,0.03765596897726276,current,0.6561,none,0.6196,0.7639,outlier_paydown_rate; status_source_conflict,outlier_paydown_rate; status_source_conflict,escalate_human_review,0.913
L000194,0.01987504720928099,0.00758891256467057,0.0005697497064893781,0.04326585488136538,current,0.7289,none,0.7182,0.6649,status_source_conflict,status_source_conflict,reconcile_record,0.935
L000195,0.07066667577466358,0.17961469642663408,0.004263059117101036,0.05073385205535206,current,0.5879,none,0.7979,0.1149,status_source_conflict,status_source_conflict,reconcile_record,0.853
L000195,0.058068224505569734,0.20038242865774317,0.0034418309146770324,0.07343879568154323,current,0.5421,none,0.7761,0.1149,status_source_conflict,status_source_conflict,reconcile_record,0.842
L000195,0.06912768052429484,0.2003443414638922,0.0035480972855568317,0.06995265439012702,current,0.6159,none,0.7947,0.1149,status_source_conflict,status_source_conflict,reconcile_record,0.84
L000195,0.100221928035553,0.29228577688545654,0.004705404055063187,0.07750956915502522,current,0.6196,none,0.7998,0.1149,status_source_conflict,status_source_conflict,reconcile_record,0.794
L000196,0.03640308454976756,0.018716489142844708,0.003607104789357239,0.08819399744182758,current,0.7357,none,0.7081,0.1149,status_source_conflict,status_source_conflict,reconcile_record,0.909
L000196,0.036534712559425586,0.02481466513312319,0.003517660287607236,0.09403667489083582,current,0.7375,none,0.7055,0.1149,status_source_conflict,status_source_conflict,reconcile_record,0.905
L000196,0.03459457186805573,0.034054842355855854,0.0036836357117363675,0.11481820402060204,current,0.7668,none,0.8153,0.1149,status_source_conflict,status_source_conflict,reconcile_record,0.894
L000197,0.06238053508379595,0.11158228304655017,0.22517469624990935,0.028976828178757092,current,0.7421,none,0.8616,0.2139,outlier_remaining_term_months; status_source_conflict,outlier_remaining_term_months; status_source_conflict,reconcile_record,0.786
L000198,0.013109171724272778,0.0031915640134519405,0.0004743517559235677,0.3706265854493063,prepaid,0.9831,none,0.7611,0.2259,prepaid_positive_balance; status_source_conflict,prepaid_positive_balance; status_source_conflict,reconcile_record,0.788
L000198,0.013315733489345045,0.003175991106405254,0.0004572507738955012,0.38646767659193076,prepaid,0.9831,none,0.7571,0.2259,prepaid_positive_balance; status_source_conflict,prepaid_positive_balance; status_source_conflict,reconcile_record,0.783
L000198,0.013993223572246603,0.0033875183288973355,0.0004354063974236104,0.40069672551365626,prepaid,0.984,none,0.7559,0.2259,prepaid_positive_balance; status_source_conflict,prepaid_positive_balance; status_source_conflict,reconcile_record,0.778
L000198,0.01259139958940264,0.0033875183288973355,0.00045694994459246886,0.40069672551365626,prepaid,0.9808,none,0.7563,0.2259,prepaid_positive_balance; status_source_conflict,prepaid_positive_balance; status_source_conflict,reconcile_record,0.778
L000198,0.011827192267686385,0.003175846294381165,0.00045666207587913055,0.3915347208309418,prepaid,0.9799,none,0.7538,0.2259,prepaid_positive_balance; status_source_conflict,prepaid_positive_balance; status_source_conflict,reconcile_record,0.782
L000199,0.08768840507764464,0.11378206753876442,0.0026009025998727383,0.23508267325398005,current,0.7496,none,0.7914,0.1149,status_source_conflict,status_source_conflict,reconcile_record,0.806
L000199,0.08907053622254475,0.14809173507470044,0.0020733038593984798,0.07634161159961945,current,0.7073,none,0.7564,0.1149,status_source_conflict,status_source_conflict,reconcile_record,0.849
L000200,0.011049939916393322,0.0035970024016884912,0.0007392075358064014,0.5581973590491591,prepaid,0.9495,none,0.8297,0.2499,prepaid_positive_balance; outlier_remaining_term_months; status_source_conflict,prepaid_positive_balance; outlier_remaining_term_months; status_source_conflict,reconcile_record,0.74
L000200,0.011091160569339868,0.0035969047589575576,0.0007378699971121601,0.5581973590491591,prepaid,0.9448,none,0.8379,0.2499,prepaid_positive_balance; outlier_remaining_term_months; status_source_conflict,prepaid_positive_balance; outlier_remaining_term_months; status_source_conflict,reconcile_record,0.74
L000200,0.011049939916393322,0.0035970024016884912,0.0007392075358064014,0.5581973590491591,prepaid,0.9448,none,0.8297,0.2499,prepaid_positive_balance; outlier_remaining_term_months; status_source_conflict,prepaid_positive_balance; outlier_remaining_term_months; status_source_conflict,reconcile_record,0.74
L000200,0.011396572589332814,0.003371572533203273,0.000738919095966974,0.5573862460196204,prepaid,0.942,none,0.8272,0.2499,prepaid_positive_balance; outlier_remaining_term_months; status_source_conflict,prepaid_positive_balance; outlier_remaining_term_months; status_source_conflict,reconcile_record,0.74
L000201,0.01919137098495448,0.0164864112793613,0.0009574268084878928,0.04882016690427742,current,0.8233,none,0.7028,0.2139,outlier_remaining_term_months; status_source_conflict,outlier_remaining_term_months; status_source_conflict,reconcile_record,0.906
L000201,0.020322123668210634,0.01872687779089006,0.0013309962666288458,0.062254675163051644,current,0.8204,none,0.8126,0.2139,outlier_remaining_term_months; status_source_conflict,outlier_remaining_term_months; status_source_conflict,reconcile_record,0.9
L000201,0.01212453696762678,0.01158248128060746,0.0011629015964859666,0.05211094896038796,current,0.8496,none,0.8229,0.2139,outlier_remaining_term_months; status_source_conflict,outlier_remaining_term_months; status_source_conflict,reconcile_record,0.909
L000201,0.01273429740716063,0.019388950305455063,0.0008078572507132165,0.04652533612467926,current,0.8268,none,0.805,0.2139,outlier_remaining_term_months; status_source_conflict,outlier_remaining_term_months; status_source_conflict,reconcile_record,0.908
L000201,0.07277208206012302,0.028790763003997456,0.005304491078374617,0.03708454822712109,60_dpd,0.4797,none,0.6718,0.7639,outlier_remaining_term_months; status_source_conflict,outlier_remaining_term_months; status_source_conflict,escalate_human_review,0.886
L000202,0.3674271652161137,0.6540210251023276,0.891279524466215,0.0023529421336096114,default,0.9522,none,0.489,0.7639,outlier_remaining_term_months; status_source_conflict,outlier_remaining_term_months; status_source_conflict,escalate_human_review,0.648
L000202,0.36862256275443567,0.677475627916869,0.8756242227223586,0.002275190016407467,default,0.951,none,0.448,0.7639,outlier_remaining_term_months; status_source_conflict,outlier_remaining_term_months; status_source_conflict,escalate_human_review,0.65
L000202,0.3861850077055034,0.6636294420896022,0.8918253960332548,0.0023419791217605336,default,0.9597,none,0.4976,0.7639,outlier_remaining_term_months; status_source_conflict,outlier_remaining_term_months; status_source_conflict,escalate_human_review,0.644
L000202,0.376878227442853,0.6666977307687904,0.8924773798631206,0.002271370985458766,default,0.9597,none,0.4958,0.7639,outlier_remaining_term_months; status_source_conflict,outlier_remaining_term_months; status_source_conflict,escalate_human_review,0.649
L000202,0.37081101647363496,0.6468981077540706,0.8863830525644181,0.0023060833753338504,default,0.939,none,0.4429,0.7639,outlier_remaining_term_months; status_source_conflict,outlier_remaining_term_months; status_source_conflict,escalate_human_review,0.642
L000203,0.07584792783955485,0.03800165749719248,0.002461019728049713,0.2559978480901643,current,0.7079,none,0.8644,0.7639,outlier_remaining_term_months; status_source_conflict,outlier_remaining_term_months; status_source_conflict,escalate_human_review,0.806
L000203,0.0581808306439954,0.03571955049006386,0.0020774748831757163,0.1579978862784006,current,0.6871,none,0.8478,0.7639,outlier_remaining_term_months; status_source_conflict,outlier_remaining_term_months; status_source_conflict,escalate_human_review,0.847
L000203,0.008461942861239267,0.0028494091353231197,0.0005283531309495545,0.09882192730785815,prepaid,0.9228,none,0.8423,0.2499,prepaid_positive_balance; outlier_remaining_term_months; status_source_conflict,prepaid_positive_balance; outlier_remaining_term_months; status_source_conflict,reconcile_record,0.862
L000204,0.010312510499123767,0.003388064588984598,0.0009541013952731819,0.5344610121494348,prepaid,0.9773,source_conflict,0.5687,0.2259,prepaid_positive_balance; balance_source_conflict,prepaid_positive_balance; balance_source_conflict,reconcile_record,0.756
L000204,0.008377180454723292,0.00368640441513605,0.001192169327275863,0.5901336800771803,prepaid,0.981,source_conflict,0.5184,0.2259,prepaid_positive_balance; balance_source_conflict,prepaid_positive_balance; balance_source_conflict,reconcile_record,0.776
L000204,0.00851688609033703,0.003354259844650561,0.0011028105360066907,0.5820261773391019,prepaid,0.9759,source_conflict,0.5452,0.2259,prepaid_positive_balance; balance_source_conflict,prepaid_positive_balance; balance_source_conflict,reconcile_record,0.774
L000205,0.03224819873380255,0.03060143478676509,0.001033107394330389,0.07073898702500465,current,0.7879,none,0.8504,0.1149,status_source_conflict,status_source_conflict,reconcile_record,0.913
L000205,0.03980160661866274,0.026534886749705153,0.0005755109330606736,0.05347606654472006,current,0.7579,none,0.8401,0.1149,status_source_conflict,status_source_conflict,reconcile_record,0.918
L000206,0.1289718516619036,0.1212479342040383,0.0013217996883704483,0.32507927258209157,current,0.6825,none,0.8157,0.1149,status_source_conflict,status_source_conflict,reconcile_record,0.758
L000206,0.09855738177066324,0.09346947892528294,0.0012191611175926852,0.32915372365826207,current,0.6999,none,0.7929,0.1149,status_source_conflict,status_source_conflict,reconcile_record,0.777
L000206,0.10652378539558317,0.09363205656543643,0.0018250674480271845,0.3607304001223887,current,0.6365,none,0.8121,0.1149,status_source_conflict,status_source_conflict,reconcile_record,0.763
L000206,0.10256449853277529,0.0799815197386906,0.0015211495961894546,0.3369126483770392,current,0.7083,none,0.8166,0.1149,status_source_conflict,status_source_conflict,reconcile_record,0.778
L000206,0.08974573548959001,0.07944976481679632,0.0015123166249662544,0.31717256845958647,current,0.6843,none,0.8068,0.1149,status_source_conflict,status_source_conflict,reconcile_record,0.789
L000207,0.3074919670420877,0.5200280207395106,0.7429312506787028,0.0005600622420409085,default,0.918,none,0.6979,0.7639,outlier_remaining_term_months; status_source_conflict,outlier_remaining_term_months; status_source_conflict,escalate_human_review,0.57
L000207,0.29209199189242,0.5172235171887372,0.7086627227943779,0.0005611679312008133,default,0.918,none,0.6924,0.7639,outlier_remaining_term_months; status_source_conflict,outlier_remaining_term_months; status_source_conflict,escalate_human_review,0.563
L000207,0.2976866145784834,0.5172235171887372,0.7128867214167033,0.0005611679312008133,default,0.918,none,0.6929,0.7639,outlier_remaining_term_months; status_source_conflict,outlier_remaining_term_months; status_source_conflict,escalate_human_review,0.562
L000208,0.013249002141161195,0.005500634715954964,0.001484914019455604,0.6318331027391507,prepaid,0.9461,none,0.7254,0.7759,prepaid_positive_balance; status_source_conflict,prepaid_positive_balance; status_source_conflict,escalate_human_review,0.788
L000209,0.005291533672937565,0.0025683521703241037,0.000581381182188238,0.32648279069843283,prepaid,0.9819,none,0.7342,0.2259,prepaid_positive_balance; status_source_conflict,prepaid_positive_balance; status_source_conflict,reconcile_record,0.807
L000209,0.005303665092789175,0.002160072796703503,0.0005348551822525978,0.49112051926409844,prepaid,0.9819,none,0.7353,0.2259,prepaid_positive_balance; status_source_conflict,prepaid_positive_balance; status_source_conflict,reconcile_record,0.749
L000209,0.005171937366626413,0.0023480904587588076,0.0006202278624692094,0.25530595340506346,prepaid,0.9819,none,0.7445,0.2259,prepaid_positive_balance; status_source_conflict,prepaid_positive_balance; status_source_conflict,reconcile_record,0.832
L000210,0.10179225008372382,0.24738390321332757,0.8890606078783105,0.00046439094303624904,default,0.9606,none,0.625,0.6649,status_source_conflict,status_source_conflict,reconcile_record,0.799
L000210,0.1307194735582857,0.25670461546831574,0.939613999578941,0.000446899792335085,default,0.9608,none,0.6158,0.6649,status_source_conflict,status_source_conflict,reconcile_record,0.803
L000210,0.105450249658268,0.24603546762249964,0.8925571302461869,0.0006345955548419211,default,0.956,none,0.6173,0.6649,status_source_conflict,status_source_conflict,reconcile_record,0.799
L000210,0.09774087731743579,0.24603546762249964,0.8947067800141241,0.000497231049614939,default,0.9606,none,0.6212,0.6649,status_source_conflict,status_source_conflict,reconcile_record,0.803
L000210,0.1191304451109092,0.24619106074444178,0.9353624700013373,0.00044699617224183046,default,0.9605,none,0.6125,0.6649,status_source_conflict,status_source_conflict,reconcile_record,0.81
L000211,0.128106368819865,0.18242678293134085,0.038959520701991636,0.015480309474521304,current,0.601,none,0.7704,0.2139,outlier_remaining_term_months; status_source_conflict,outlier_remaining_term_months; status_source_conflict,reconcile_record,0.809
L000212,0.06001103875348615,0.0604667428243561,0.001359928604262821,0.0210120347704201,current,0.6742,none,0.5371,0.7879,outlier_remaining_term_months; outlier_paydown_rate; status_source_conflict,outlier_remaining_term_months; outlier_paydown_rate; status_source_conflict,escalate_human_review,0.862
L000212,0.03633277426859055,0.044458396548168376,0.0006357945191731874,0.035226417733999364,current,0.7395,none,0.7321,0.7639,outlier_remaining_term_months; status_source_conflict,outlier_remaining_term_months; status_source_conflict,escalate_human_review,0.895
L000212,0.045690681416493094,0.04774895965797776,0.0009186352936201999,0.03767272745341711,current,0.5501,none,0.6877,0.7639,outlier_remaining_term_months; status_source_conflict,outlier_remaining_term_months; status_source_conflict,escalate_human_review,0.89
L000212,0.04862710072028741,0.03700481046267246,0.0006368931854482054,0.04413737902979346,current,0.7074,none,0.7317,0.7639,outlier_remaining_term_months; status_source_conflict,outlier_remaining_term_months; status_source_conflict,escalate_human_review,0.891
L000213,0.008053381234082337,0.0048386152998171825,0.001309523726043339,0.8060119818756838,prepaid,0.9427,missing_docs,0.8485,0.2499,prepaid_positive_balance; outlier_paydown_rate; status_source_conflict,prepaid_positive_balance; outlier_paydown_rate; status_source_conflict,reconcile_record,0.827
L000213,0.00838568899770032,0.004642747067114714,0.0008401355723662046,0.8068105703287204,prepaid,0.9673,none,0.8243,0.2259,prepaid_positive_balance; status_source_conflict,prepaid_positive_balance; status_source_conflict,reconcile_record,0.851
L000213,0.008362485497000832,0.004615747782579434,0.0013169991775470135,0.8245444649117343,prepaid,0.9727,none,0.8221,0.2259,prepaid_positive_balance; status_source_conflict,prepaid_positive_balance; status_source_conflict,reconcile_record,0.858
L000214,0.13377955082410975,0.08002872180756913,0.008254121162395107,0.02805531997583253,current,0.603,none,0.6883,0.7879,outlier_remaining_term_months; outlier_paydown_rate; status_source_conflict,outlier_remaining_term_months; outlier_paydown_rate; status_source_conflict,escalate_human_review,0.825
L000214,0.07363715668004374,0.0741761141976897,0.006629451133754819,0.053172187232749434,current,0.6553,none,0.7266,0.7639,outlier_remaining_term_months; status_source_conflict,outlier_remaining_term_months; status_source_conflict,escalate_human_review,0.863
L000214,0.07627664625600812,0.07205714208860027,0.006269356384649758,0.06757976769068245,current,0.6474,none,0.7251,0.7639,outlier_remaining_term_months; status_source_conflict,outlier_remaining_term_months; status_source_conflict,escalate_human_review,0.858
L000214,0.09876448607541881,0.07920737066094187,0.008353251430177533,0.049618957218912435,current,0.6432,none,0.7157,0.7639,outlier_remaining_term_months; status_source_conflict,outlier_remaining_term_months; status_source_conflict,escalate_human_review,0.853
L000215,0.1536074484099598,0.14743274729679112,0.005976290327938091,0.022076529936510863,current,0.6888,none,0.6965,0.7639,outlier_remaining_term_months; status_source_conflict,outlier_remaining_term_months; status_source_conflict,escalate_human_review,0.821
L000215,0.09781273771198777,0.07664544379098791,0.005168669316400045,0.014875597581048441,current,0.6669,none,0.6835,0.7639,outlier_remaining_term_months; status_source_conflict,outlier_remaining_term_months; status_source_conflict,escalate_human_review,0.868
L000215,0.14743875350635252,0.1379680785493551,0.005234026557912396,0.017088813670939285,current,0.6611,none,0.6603,0.7639,outlier_remaining_term_months; status_source_conflict,outlier_remaining_term_months; status_source_conflict,escalate_human_review,0.828
L000215,0.0809862934012187,0.11883795968530249,0.00494342881416995,0.02328656933127975,current,0.6298,none,0.6624,0.7879,outlier_remaining_term_months; outlier_paydown_rate; status_source_conflict,outlier_remaining_term_months; outlier_paydown_rate; status_source_conflict,escalate_human_review,0.832
L000215,0.08560106357039632,0.09273449561004304,0.006520827484044918,0.010370107058125884,current,0.6434,none,0.6227,0.7879,outlier_remaining_term_months; outlier_paydown_rate; status_source_conflict,outlier_remaining_term_months; outlier_paydown_rate; status_source_conflict,escalate_human_review,0.843
L000216,0.009842416900848793,0.003134006867671213,0.0005109177237330588,0.3670471925250191,prepaid,0.9835,none,0.7097,0.2499,prepaid_positive_balance; outlier_remaining_term_months; status_source_conflict,prepaid_positive_balance; outlier_remaining_term_months; status_source_conflict,reconcile_record,0.767
L000216,0.009775546157225345,0.003398932789664606,0.00040976384854533366,0.30764522939307476,prepaid,0.9764,none,0.7314,0.2499,prepaid_positive_balance; outlier_remaining_term_months; status_source_conflict,prepaid_positive_balance; outlier_remaining_term_months; status_source_conflict,reconcile_record,0.787
L000216,0.010216760815466732,0.003398932789664606,0.00040976384854533366,0.2769568906600246,prepaid,0.9757,none,0.7314,0.2499,prepaid_positive_balance; outlier_remaining_term_months; status_source_conflict,prepaid_positive_balance; outlier_remaining_term_months; status_source_conflict,reconcile_record,0.799
L000217,0.08172677435545646,0.07432896045256938,0.006422845869023735,0.0024241619811921954,current,0.7256,none,0.7872,0.2139,outlier_remaining_term_months; status_source_conflict,outlier_remaining_term_months; status_source_conflict,reconcile_record,0.879
L000217,0.03990919367804382,0.05572392280084645,0.0019023446862110277,0.009242418679335191,current,0.7405,none,0.7924,0.2139,outlier_remaining_term_months; status_source_conflict,outlier_remaining_term_months; status_source_conflict,reconcile_record,0.899
L000218,0.019255618879756627,0.024146293534782013,0.0018295663588142822,0.017782084704837758,current,0.7357,none,0.665,0.1149,status_source_conflict,status_source_conflict,reconcile_record,0.938
L000219,0.06237251232370857,0.024923044779205015,0.0017627589436114016,0.03077348820506152,current,0.6747,none,0.7686,0.1149,status_source_conflict,status_source_conflict,reconcile_record,0.918
L000219,0.0716925697989174,0.030695914576687158,0.0025160420538873933,0.04909269663189094,current,0.6363,none,0.5932,0.2286,missing_core; status_source_conflict,missing_core; status_source_conflict,reconcile_record,0.867
L000219,0.07265128875249688,0.027892680993057917,0.0016822604145789012,0.027568516637596043,current,0.6124,none,0.7239,0.1149,status_source_conflict,status_source_conflict,reconcile_record,0.915
L000219,0.050559978843480034,0.01844398388376992,0.0024224072128160336,0.03766869308238666,current,0.7186,none,0.7482,0.1149,status_source_conflict,status_source_conflict,reconcile_record,0.922
L000219,0.050346198185817446,0.016291038980089902,0.0019125732901480307,0.05735130892001244,current,0.6558,none,0.5918,0.1149,status_source_conflict,status_source_conflict,reconcile_record,0.916
L000220,0.007604458930119243,0.0020985845765646946,0.0005348667627526807,0.5776397764266882,prepaid,0.9437,none,0.8271,0.2499,prepaid_positive_balance; outlier_remaining_term_months; status_source_conflict,prepaid_positive_balance; outlier_remaining_term_months; status_source_conflict,reconcile_record,0.749
L000220,0.008529560577960857,0.0025817421668120296,0.0005120464860190963,0.6128763170922701,prepaid,0.9442,none,0.8358,0.7999,prepaid_positive_balance; outlier_remaining_term_months; status_source_conflict,prepaid_positive_balance; outlier_remaining_term_months; status_source_conflict,escalate_human_review,0.761
L000220,0.007500367149249306,0.0023368540557964774,0.0004884093636971545,0.6078213185704828,prepaid,0.9418,missing_docs,0.7712,0.7999,prepaid_positive_balance; outlier_remaining_term_months; status_source_conflict,prepaid_positive_balance; outlier_remaining_term_months; status_source_conflict,escalate_human_review,0.759
L000221,0.020710135171371446,0.013069699483171174,0.0020518982084219077,0.1200454016802155,current,0.7596,none,0.7682,0.1149,status_source_conflict,status_source_conflict,reconcile_record,0.906
L000221,0.020475876728242342,0.017803818545420607,0.00210638529379306,0.13119602887484136,current,0.758,none,0.7715,0.1149,status_source_conflict,status_source_conflict,reconcile_record,0.9
L000221,0.026949421076343058,0.015555004968699526,0.0037615647578994288,0.1050596295812757,current,0.7627,none,0.7765,0.1149,status_source_conflict,status_source_conflict,reconcile_record,0.907
L000221,0.01912488634900118,0.01908123420979096,0.0022965305864259176,0.12883639328753999,current,0.7712,none,0.7641,0.1149,status_source_conflict,status_source_conflict,reconcile_record,0.901
L000222,0.00773035952605856,0.004318929609538952,0.0009606166174947429,0.5789869748411506,prepaid,0.9789,none,0.7772,0.2259,prepaid_positive_balance; status_source_conflict,prepaid_positive_balance; status_source_conflict,reconcile_record,0.772
L000222,0.00814025842785658,0.004266017562276418,0.0012133389611167138,0.6542356387600745,prepaid,0.9721,missing_docs,0.8321,0.2259,prepaid_positive_balance; status_source_conflict,prepaid_positive_balance; status_source_conflict,reconcile_record,0.798
L000222,0.008289525719031679,0.0040576768593462015,0.0009461764119242565,0.5485921696473814,prepaid,0.9789,none,0.7772,0.2259,prepaid_positive_balance; status_source_conflict,prepaid_positive_balance; status_source_conflict,reconcile_record,0.762
L000222,0.00802366965300879,0.004385633084804539,0.0010286628894983147,0.6295422709813847,prepaid,0.9746,none,0.7848,0.7759,prepaid_positive_balance; status_source_conflict,prepaid_positive_balance; status_source_conflict,escalate_human_review,0.79
L000223,0.01023788505018025,0.0027130028107969426,0.0006796721581097284,0.16882793694544743,prepaid,0.8747,none,0.7752,0.2259,prepaid_positive_balance; status_source_conflict,prepaid_positive_balance; status_source_conflict,reconcile_record,0.86
L000223,0.010058237123525278,0.002714806658335476,0.0006796721581097284,0.1811933537213273,prepaid,0.8661,none,0.7681,0.2259,prepaid_positive_balance; status_source_conflict,prepaid_positive_balance; status_source_conflict,reconcile_record,0.856
L000223,0.010171827962102035,0.002753077192219301,0.0006806943711783715,0.18378021202487824,prepaid,0.8619,missing_docs,0.8254,0.2259,prepaid_positive_balance; status_source_conflict,prepaid_positive_balance; status_source_conflict,reconcile_record,0.855
L000223,0.010324922798252582,0.0027605709162873498,0.0006796721581097284,0.17437352953702778,prepaid,0.8676,none,0.7409,0.2259,prepaid_positive_balance; status_source_conflict,prepaid_positive_balance; status_source_conflict,reconcile_record,0.858
L000223,0.011190309530349758,0.0027580574557312734,0.0006956981825437511,0.1619773104693839,prepaid,0.8662,none,0.7315,0.2259,prepaid_positive_balance; status_source_conflict,prepaid_positive_balance; status_source_conflict,reconcile_record,0.862
L000224,0.008493430337912443,0.002293002761202628,0.0002557603500581631,0.9079695203888457,prepaid,0.8793,none,0.683,0.2259,prepaid_positive_balance; status_source_conflict,prepaid_positive_balance; status_source_conflict,reconcile_record,0.888
L000224,0.00913778354768683,0.002798266163173049,0.0002709822343329645,0.8832525550713092,prepaid,0.8813,none,0.841,0.2259,prepaid_positive_balance; status_source_conflict,prepaid_positive_balance; status_source_conflict,reconcile_record,0.879
L000224,0.00913778354768683,0.002798266163173049,0.0002709822343329645,0.8832525550713092,prepaid,0.8813,none,0.841,0.2259,prepaid_positive_balance; status_source_conflict,prepaid_positive_balance; status_source_conflict,reconcile_record,0.879
L000224,0.009147922497039452,0.0025586351992171346,0.0002697592237211787,0.9179249579807816,prepaid,0.8812,none,0.8385,0.2259,prepaid_positive_balance; status_source_conflict,prepaid_positive_balance; status_source_conflict,reconcile_record,0.891
L000224,0.009165787636621079,0.0026727511626201453,0.0002701874876293473,0.8989436552805773,prepaid,0.8768,none,0.8366,0.2259,prepaid_positive_balance; status_source_conflict,prepaid_positive_balance; status_source_conflict,reconcile_record,0.884
L000224,0.009170265916338242,0.002299453779869873,0.0002605140865684984,0.9114659030640121,prepaid,0.8742,none,0.8369,0.7759,prepaid_positive_balance; status_source_conflict,prepaid_positive_balance; status_source_conflict,escalate_human_review,0.889
L000225,0.3565249825690204,0.5020258030569328,0.913134018514787,0.0006216651830219178,default,0.8437,none,0.7138,0.7879,outlier_remaining_term_months; outlier_paydown_rate; status_source_conflict,outlier_remaining_term_months; outlier_paydown_rate; status_source_conflict,escalate_human_review,0.582
L000225,0.29219838530704645,0.49297706171963335,0.8950688121532931,0.0007081715996393761,default,0.919,none,0.6248,0.7639,outlier_remaining_term_months; status_source_conflict,outlier_remaining_term_months; status_source_conflict,escalate_human_review,0.625
L000225,0.2802277496007995,0.4548137363207754,0.8857037682175339,0.0007197055749058292,default,0.9085,none,0.5209,0.7639,outlier_remaining_term_months; status_source_conflict,outlier_remaining_term_months; status_source_conflict,escalate_human_review,0.639
L000225,0.28830341592207326,0.49297706171963335,0.8950688121532931,0.000745145833752058,default,0.9176,none,0.6247,0.7639,outlier_remaining_term_months; status_source_conflict,outlier_remaining_term_months; status_source_conflict,escalate_human_review,0.626
L000226,0.009757219074170221,0.005908478584508988,0.0013988238902275286,0.6471987028389329,prepaid,0.8767,none,0.8184,0.2259,prepaid_positive_balance; status_source_conflict,prepaid_positive_balance; status_source_conflict,reconcile_record,0.795
L000226,0.010646728741757457,0.005132582537528861,0.0018015840787901699,0.7540188648553183,prepaid,0.8645,none,0.8138,0.2259,prepaid_positive_balance; status_source_conflict,prepaid_positive_balance; status_source_conflict,reconcile_record,0.832
L000227,0.3751302944237767,0.40689007185041665,0.911306852738594,0.00036385709735229374,default,0.9813,none,0.6448,0.7639,outlier_remaining_term_months; status_source_conflict,outlier_remaining_term_months; status_source_conflict,escalate_human_review,0.631
L000227,0.4116147808382357,0.44627343934809277,0.9123799543900347,0.00036297928744747303,default,0.9813,none,0.6536,0.7639,outlier_remaining_term_months; status_source_conflict,outlier_remaining_term_months; status_source_conflict,escalate_human_review,0.605
L000227,0.4170923123601146,0.44294509533927545,0.9163541790808366,0.00034930195279191074,default,0.9767,none,0.658,0.7639,outlier_remaining_term_months; status_source_conflict,outlier_remaining_term_months; status_source_conflict,escalate_human_review,0.606
L000227,0.413071895059623,0.44294509533927545,0.9149213170067906,0.00034930195279191074,default,0.9767,none,0.6541,0.7639,outlier_remaining_term_months; status_source_conflict,outlier_remaining_term_months; status_source_conflict,escalate_human_review,0.606
L000228,0.05404204992370118,0.09466034650035704,0.585783695137278,0.0038638439196016796,current,0.7022,none,0.7593,0.2139,outlier_paydown_rate; status_source_conflict,outlier_paydown_rate; status_source_conflict,reconcile_record,0.738
L000228,0.05635207985655375,0.07804374290356812,0.5244144811271049,0.005892169424816698,current,0.6935,none,0.7809,0.1149,status_source_conflict,status_source_conflict,reconcile_record,0.744
L000228,0.05820585414763011,0.0741852304323435,0.45731868405094794,0.006081009141938175,current,0.6796,none,0.7648,0.1149,status_source_conflict,status_source_conflict,reconcile_record,0.752
L000228,0.0615617677955961,0.07105119023580109,0.4689309996941722,0.0064611335987414704,current,0.6757,none,0.7577,0.1149,status_source_conflict,status_source_conflict,reconcile_record,0.747
L000228,0.1256337166099177,0.1153418211659367,0.5485988569057678,0.0007409329638753798,default,0.8819,none,0.6406,0.6649,status_source_conflict,status_source_conflict,reconcile_record,0.717
L000228,0.13942488889677976,0.1604979652440901,0.5442394428063881,0.0007410335330442411,default,0.9094,missing_docs,0.8338,0.6649,status_source_conflict,status_source_conflict,reconcile_record,0.696
L000229,0.11697707557540986,0.06020849042159102,0.008027138562921367,0.006222463848276287,current,0.6473,none,0.7671,0.7639,outlier_remaining_term_months; status_source_conflict,outlier_remaining_term_months; status_source_conflict,escalate_human_review,0.869
L000229,0.08877987636799711,0.048290496407406514,0.007197857239317522,0.006614726101288049,current,0.664,none,0.7806,0.7639,outlier_remaining_term_months; status_source_conflict,outlier_remaining_term_months; status_source_conflict,escalate_human_review,0.884
L000229,0.10290101331134512,0.04765099387508859,0.004586851046526406,0.006886673318418854,current,0.6416,none,0.7612,0.7639,outlier_remaining_term_months; status_source_conflict,outlier_remaining_term_months; status_source_conflict,escalate_human_review,0.879
L000229,0.10332730578581621,0.045197881049621275,0.004522960827162709,0.007131643647703596,current,0.6289,none,0.7772,0.7639,outlier_remaining_term_months; status_source_conflict,outlier_remaining_term_months; status_source_conflict,escalate_human_review,0.88
L000229,0.08250613470057591,0.044767039864991996,0.004086271421595359,0.004277618035789668,current,0.6381,none,0.7707,0.7639,outlier_remaining_term_months; status_source_conflict,outlier_remaining_term_months; status_source_conflict,escalate_human_review,0.888
L000229,0.07529006861317418,0.04376960600081257,0.004491456772513514,0.005975009145949339,current,0.6202,none,0.7691,0.7639,outlier_remaining_term_months; status_source_conflict,outlier_remaining_term_months; status_source_conflict,escalate_human_review,0.891
L000230,0.16247735720298212,0.3332099043621241,0.010546824435648541,0.009234621482470966,current,0.6397,none,0.7611,0.1149,status_source_conflict,status_source_conflict,reconcile_record,0.78
L000230,0.230475309224594,0.3713956620911942,0.009777229572974751,0.009126529887715909,current,0.6205,none,0.7868,0.1149,status_source_conflict,status_source_conflict,reconcile_record,0.743
L000230,0.18583864249172455,0.2912891384111134,0.009799607291337846,0.00770307904856042,current,0.6326,none,0.7795,0.1149,status_source_conflict,status_source_conflict,reconcile_record,0.787
L000230,0.17029324480808425,0.27134304496960954,0.01847636877388142,0.007560671459407781,current,0.531,none,0.743,0.1149,status_source_conflict,status_source_conflict,reconcile_record,0.796
L000231,0.00923290590305076,0.0028356221089448895,0.0006972105042012813,0.23706504991029745,prepaid,0.9532,none,0.7243,0.7759,prepaid_positive_balance; status_source_conflict,prepaid_positive_balance; status_source_conflict,escalate_human_review,0.837
L000231,0.009314856603116874,0.0029176859601280033,0.0006901104353908162,0.2235780322777603,prepaid,0.9472,none,0.7192,0.2259,prepaid_positive_balance; status_source_conflict,prepaid_positive_balance; status_source_conflict,reconcile_record,0.841
L000231,0.00910300423367842,0.003123736414449522,0.0006812924212927073,0.2061936638166789,prepaid,0.9472,none,0.72,0.2259,prepaid_positive_balance; status_source_conflict,prepaid_positive_balance; status_source_conflict,reconcile_record,0.847
L000231,0.008990192680108203,0.0031060669402326376,0.0006910878145860129,0.22438305477678502,prepaid,0.9388,none,0.634,0.2259,prepaid_positive_balance; status_source_conflict,prepaid_positive_balance; status_source_conflict,reconcile_record,0.841
L000232,0.01293486134127316,0.005652267775843729,0.0012988333285841051,0.6163711809157665,prepaid,0.97,none,0.7237,0.2259,prepaid_positive_balance; status_source_conflict,prepaid_positive_balance; status_source_conflict,reconcile_record,0.783
L000232,0.01258566072200295,0.0058315567523778,0.0012837665409814426,0.6139363907416563,prepaid,0.9669,none,0.7284,0.2259,prepaid_positive_balance; status_source_conflict,prepaid_positive_balance; status_source_conflict,reconcile_record,0.782
L000232,0.012703635531841858,0.00530135697576703,0.0011659389502627906,0.5643196714538146,prepaid,0.9663,none,0.7271,0.2259,prepaid_positive_balance; status_source_conflict,prepaid_positive_balance; status_source_conflict,reconcile_record,0.765
L000232,0.012438768754189056,0.004879100032214325,0.0012730901069620928,0.5231469342276582,prepaid,0.9633,none,0.6174,0.2259,prepaid_positive_balance; status_source_conflict,prepaid_positive_balance; status_source_conflict,reconcile_record,0.75
L000233,0.355874224660792,0.535835219115686,0.6843137444413624,0.00018126354229672326,default,0.9787,none,0.8116,0.7639,outlier_remaining_term_months; status_source_conflict,outlier_remaining_term_months; status_source_conflict,escalate_human_review,0.538
L000233,0.35552788939874064,0.535835219115686,0.6963473092840182,0.00017190707687027838,default,0.9787,none,0.8116,0.7639,outlier_remaining_term_months; status_source_conflict,outlier_remaining_term_months; status_source_conflict,escalate_human_review,0.543
L000233,0.38840545755793593,0.5311992332753165,0.6779765166380513,0.00020450113043762286,default,0.9787,none,0.7967,0.7639,outlier_remaining_term_months; status_source_conflict,outlier_remaining_term_months; status_source_conflict,escalate_human_review,0.523
L000234,0.044235362399921783,0.1245581439359363,0.0008858527783594211,0.2820650457387055,current,0.5902,none,0.7924,0.2139,outlier_remaining_term_months; status_source_conflict,outlier_remaining_term_months; status_source_conflict,reconcile_record,0.778
L000234,0.04361326549303454,0.10477287020335002,0.0005743396219108651,0.35560963246837884,current,0.7021,none,0.8348,0.2139,outlier_remaining_term_months; status_source_conflict,outlier_remaining_term_months; status_source_conflict,reconcile_record,0.76
L000235,0.38977338344951157,0.49025529573531923,0.739755512184573,0.0013446460686339144,default,0.97,none,0.7048,0.6649,status_source_conflict,status_source_conflict,reconcile_record,0.56
L000235,0.3574425645670607,0.5114396828076146,0.7125651524086957,0.0013608388727526614,default,0.9684,none,0.7098,0.6649,status_source_conflict,status_source_conflict,reconcile_record,0.563
L000235,0.402319060137615,0.4921758896119231,0.7741434961868346,0.0013227053050595147,default,0.9754,none,0.7075,0.6649,status_source_conflict,status_source_conflict,reconcile_record,0.567
L000235,0.41931022170390303,0.49437928439538176,0.7126263755435834,0.0013430810086923442,default,0.9683,none,0.7061,0.6649,status_source_conflict,status_source_conflict,reconcile_record,0.539
L000235,0.38731815382832147,0.45711246190957017,0.6762631291567524,0.001422693356313738,default,0.9725,none,0.7054,0.6649,status_source_conflict,status_source_conflict,reconcile_record,0.551
L000236,0.0067083153097481476,0.0022160372276055773,0.0002292773451136483,0.6283436263823216,prepaid,0.9688,none,0.8863,0.2259,prepaid_positive_balance; status_source_conflict,prepaid_positive_balance; status_source_conflict,reconcile_record,0.791
L000236,0.006735979764974784,0.0022160372276055773,0.0002001602408851541,0.636681160470636,prepaid,0.9662,none,0.8863,0.2259,prepaid_positive_balance; status_source_conflict,prepaid_positive_balance; status_source_conflict,reconcile_record,0.794
L000236,0.006743162627008199,0.0021177353451096396,0.00017832521344503984,0.5742228021593921,prepaid,0.9652,none,0.8833,0.2259,prepaid_positive_balance; status_source_conflict,prepaid_positive_balance; status_source_conflict,reconcile_record,0.772
L000237,0.02365725702444191,0.007823151287214166,0.00028064129017966354,0.010791459032653059,current,0.7241,none,0.7269,0.6649,status_source_conflict,status_source_conflict,reconcile_record,0.945
L000237,0.017675558656050246,0.006561830903407335,0.00026578815666556847,0.011932580302351123,current,0.6599,none,0.6967,0.6649,status_source_conflict,status_source_conflict,reconcile_record,0.947
L000237,0.026845798130304716,0.006692033383452817,0.0004319702191659682,0.012125234606695448,current,0.6802,none,0.6911,0.6649,status_source_conflict,status_source_conflict,reconcile_record,0.944
L000237,0.028718905279387263,0.006901514875801526,0.0003783970420145335,0.009192648239938539,current,0.682,none,0.6787,0.6649,status_source_conflict,status_source_conflict,reconcile_record,0.944
L000237,0.02694400802040779,0.00673075086355308,0.00038098856948806534,0.011799686860176765,current,0.6671,none,0.6839,0.1149,status_source_conflict,status_source_conflict,reconcile_record,0.944
L000238,0.009223820394336899,0.0016874317271469586,0.0013053554129978974,0.8367946410502555,prepaid,0.9284,none,0.8067,0.2499,future_update; prepaid_positive_balance; status_source_conflict,future_update; prepaid_positive_balance; status_source_conflict,reconcile_record,0.838
L000238,0.008865479229526366,0.00162764059629982,0.0010824132685131498,0.8274349356925716,prepaid,0.9284,none,0.8118,0.2259,prepaid_positive_balance; status_source_conflict,prepaid_positive_balance; status_source_conflict,reconcile_record,0.86
L000238,0.008979346263375368,0.0016127403049515732,0.0010821054986722397,0.8415924328839856,prepaid,0.9329,none,0.8088,0.2259,prepaid_positive_balance; status_source_conflict,prepaid_positive_balance; status_source_conflict,reconcile_record,0.865
L000238,0.008898087421154515,0.0016512844633368897,0.0010820842466775654,0.8281408450744253,prepaid,0.9329,none,0.8152,0.2259,prepaid_positive_balance; status_source_conflict,prepaid_positive_balance; status_source_conflict,reconcile_record,0.86
L000238,0.008898087421154515,0.0016512844633368897,0.0010820842466775654,0.8281408450744253,prepaid,0.9329,none,0.8136,0.2259,prepaid_positive_balance; status_source_conflict,prepaid_positive_balance; status_source_conflict,reconcile_record,0.86
L000239,0.008476063571820082,0.0028073038871846904,0.0007882567149723229,0.4089736351450655,prepaid,0.9187,none,0.7871,0.2259,prepaid_positive_balance; status_source_conflict,prepaid_positive_balance; status_source_conflict,reconcile_record,0.776
L000241,0.011420879601424386,0.0027294960657557217,0.00035516688845656084,0.7019042065277682,prepaid,0.9804,none,0.694,0.2259,prepaid_positive_balance; status_source_conflict,prepaid_positive_balance; status_source_conflict,reconcile_record,0.815
L000241,0.010049573846922748,0.003044706407080166,0.0003028205955600314,0.7573125375831662,prepaid,0.9872,none,0.8017,0.2259,prepaid_positive_balance; status_source_conflict,prepaid_positive_balance; status_source_conflict,reconcile_record,0.834
L000241,0.00977561151008055,0.003117611723250776,0.0003033064256233829,0.792425273119059,prepaid,0.9872,none,0.7815,0.2259,prepaid_positive_balance; status_source_conflict,prepaid_positive_balance; status_source_conflict,reconcile_record,0.847
L000241,0.008872764944286397,0.003121135048414101,0.00030285631866809826,0.765749836780763,prepaid,0.9871,none,0.7878,0.2259,prepaid_positive_balance; status_source_conflict,prepaid_positive_balance; status_source_conflict,reconcile_record,0.838
L000242,0.0053967007363830725,0.003321343242094691,0.002271953757922028,0.6839455786005701,prepaid,0.9567,none,0.865,0.8239,prepaid_positive_balance; outlier_remaining_term_months; outlier_paydown_rate,prepaid_positive_balance; outlier_remaining_term_months; outlier_paydown_rate,escalate_human_review,0.761
L000242,0.005471317479553403,0.0032603258622146193,0.002271953757922028,0.6951982320738876,prepaid,0.975,none,0.8671,0.7999,prepaid_positive_balance; outlier_remaining_term_months; status_source_conflict,prepaid_positive_balance; outlier_remaining_term_months; status_source_conflict,escalate_human_review,0.789
L000243,0.009088376997881481,0.008083299470068327,0.00407740030986676,0.4990346504383032,prepaid,0.9768,none,0.8406,0.7999,prepaid_positive_balance; outlier_remaining_term_months; status_source_conflict,prepaid_positive_balance; outlier_remaining_term_months; status_source_conflict,escalate_human_review,0.718
L000243,0.009088376997881481,0.008083299470068327,0.00407740030986676,0.4990346504383032,prepaid,0.9768,none,0.8406,0.7999,prepaid_positive_balance; outlier_remaining_term_months; status_source_conflict,prepaid_positive_balance; outlier_remaining_term_months; status_source_conflict,escalate_human_review,0.718
L000243,0.009088376997881481,0.00755927461103702,0.0035216782302392364,0.5013931081643506,prepaid,0.9768,none,0.844,0.7999,prepaid_positive_balance; outlier_remaining_term_months; status_source_conflict,prepaid_positive_balance; outlier_remaining_term_months; status_source_conflict,escalate_human_review,0.719
L000244,0.04429121205857964,0.07564820226526135,0.00292156182227578,0.05844105099891589,current,0.7625,none,0.7946,0.1149,status_source_conflict,status_source_conflict,reconcile_record,0.896
L000244,0.06598269941813811,0.16001915022848542,0.009093723683353318,0.02874071923489989,90_dpd,0.5705,none,0.7247,0.6649,status_source_conflict,status_source_conflict,reconcile_record,0.868
L000244,0.0682874973110458,0.19443159467716561,0.008650794699124106,0.004336356542437888,90_dpd,0.3688,none,0.7406,0.6649,status_source_conflict,status_source_conflict,reconcile_record,0.863
L000245,0.01042401600987395,0.005795285639998035,0.0010772845326054192,0.5133463307512892,prepaid,0.9636,none,0.741,0.2259,prepaid_positive_balance; status_source_conflict,prepaid_positive_balance; status_source_conflict,reconcile_record,0.748
L000245,0.011685329544390742,0.006288732999104545,0.0010403350912836305,0.5228424999723934,prepaid,0.959,none,0.7258,0.2259,prepaid_positive_balance; status_source_conflict,prepaid_positive_balance; status_source_conflict,reconcile_record,0.75
L000245,0.011603968131325795,0.006197366226217467,0.0010438364633099588,0.5168644453938006,prepaid,0.9631,none,0.7129,0.2259,prepaid_positive_balance; status_source_conflict,prepaid_positive_balance; status_source_conflict,reconcile_record,0.748
L000245,0.009722303842333663,0.005882278173343118,0.0010773917158003663,0.5121963613434432,prepaid,0.9594,none,0.7141,0.2259,prepaid_positive_balance; status_source_conflict,prepaid_positive_balance; status_source_conflict,reconcile_record,0.748
L000245,0.010114390684621067,0.006199858902660212,0.001040403390258357,0.5272015013311601,prepaid,0.9593,none,0.713,0.2259,prepaid_positive_balance; status_source_conflict,prepaid_positive_balance; status_source_conflict,reconcile_record,0.753
L000246,0.03532698990888232,0.09079627065383573,0.003225922932057991,0.027547273287563557,current,0.8061,none,0.7929,0.1149,status_source_conflict,status_source_conflict,reconcile_record,0.906
L000246,0.037320924966166166,0.07445799400231379,0.005776717875903573,0.05382247643142913,current,0.7898,none,0.7981,0.1149,status_source_conflict,status_source_conflict,reconcile_record,0.9
L000246,0.04192667557226528,0.2536650731206542,0.008639086712516533,0.04120340293779392,current,0.7598,missing_docs,0.8956,0.1149,status_source_conflict,status_source_conflict,reconcile_record,0.839
L000247,0.1515252726376627,0.2421148815085615,0.027027742580749248,0.016280675244512422,current,0.7435,none,0.7665,0.1149,status_source_conflict,status_source_conflict,reconcile_record,0.808
L000247,0.15804040995146254,0.2542748828404967,0.03247920533204036,0.029382568423492125,current,0.7196,none,0.7709,0.1149,status_source_conflict,status_source_conflict,reconcile_record,0.794
L000247,0.15784494421223635,0.19620383628151172,0.12850285157452154,0.025842316578953386,current,0.7222,missing_docs,0.8752,0.1149,status_source_conflict,status_source_conflict,reconcile_record,0.782
L000249,0.09348926191085233,0.1513662220045651,0.012269211858524559,0.03040050184610299,current,0.7026,none,0.5683,0.2379,outlier_remaining_term_months; outlier_paydown_rate; status_source_conflict,outlier_remaining_term_months; outlier_paydown_rate; status_source_conflict,reconcile_record,0.811
L000249,0.09596425301245981,0.18546293514234113,0.011340011684439648,0.03882644852939372,current,0.7304,none,0.6836,0.2139,outlier_remaining_term_months; status_source_conflict,outlier_remaining_term_months; status_source_conflict,reconcile_record,0.82
L000250,0.12111769185412159,0.06959841434528179,0.04504224335316226,0.06403142237755706,current,0.7192,none,0.8071,0.1149,status_source_conflict,status_source_conflict,reconcile_record,0.855
L000250,0.13495513447946822,0.07375877356744563,0.128470857567355,0.021954310172397223,current,0.6654,none,0.7811,0.1149,status_source_conflict,status_source_conflict,reconcile_record,0.834
L000250,0.11833523675491923,0.057252892342785126,0.06944230313004796,0.17035812439777243,current,0.4675,none,0.7812,0.7759,dpd_status_break; status_source_conflict,dpd_status_break; status_source_conflict,escalate_human_review,0.778
L000250,0.03539370563090496,0.039131669494879194,0.06975400969173334,0.1356463962837298,current,0.7301,none,0.8078,0.1149,status_source_conflict,status_source_conflict,reconcile_record,0.862
L000250,0.06865086083022211,0.037695040387062013,0.05483412777210985,0.24287686854680535,current,0.7347,none,0.8092,0.1149,status_source_conflict,status_source_conflict,reconcile_record,0.819
L000251,0.07788946665463357,0.08468353621520715,0.003922872376633339,0.03627976940017554,current,0.653,none,0.6165,0.7639,outlier_remaining_term_months; status_source_conflict,outlier_remaining_term_months; status_source_conflict,escalate_human_review,0.865
L000252,0.29536601507357935,0.5333569196369252,0.8318570307834842,0.00024987752325089966,default,0.9821,none,0.6734,0.6649,status_source_conflict,status_source_conflict,reconcile_record,0.635
L000252,0.2962144758018574,0.5260820450264007,0.8131543782187697,0.00023894068002474557,default,0.9808,none,0.6638,0.6649,status_source_conflict,status_source_conflict,reconcile_record,0.625
L000252,0.3395145743324371,0.5205236526105582,0.8318570307834842,0.0002386355653738537,default,0.982,none,0.6667,0.6649,status_source_conflict,status_source_conflict,reconcile_record,0.614
L000253,0.08187467122958954,0.09563966198346857,0.0012738888734645174,0.055205246099942484,current,0.8059,none,0.7851,0.1149,status_source_conflict,status_source_conflict,reconcile_record,0.878
L000253,0.07965839535440393,0.08819003623431636,0.0014372236862804603,0.05697915527599041,current,0.8201,none,0.7571,0.1149,status_source_conflict,status_source_conflict,reconcile_record,0.881
L000253,0.07398427065207702,0.09854954298137747,0.0014512910945522438,0.05081513749392778,current,0.7841,none,0.7375,0.1149,status_source_conflict,status_source_conflict,reconcile_record,0.882
L000253,0.07082317886835973,0.11687707437845503,0.0013538307530060539,0.05522353438777825,current,0.7556,none,0.7206,0.1149,status_source_conflict,status_source_conflict,reconcile_record,0.875
L000254,0.07414031049660753,0.2741795273836817,0.011708326182208512,0.0051266828813458015,current,0.6859,none,0.6218,0.1149,status_source_conflict,status_source_conflict,reconcile_record,0.832
L000254,0.04002331986303493,0.2512482757352395,0.009596541262555621,0.004966394809198406,current,0.7047,none,0.6232,0.1149,status_source_conflict,status_source_conflict,reconcile_record,0.853
L000255,0.07996838671968247,0.25159167444413705,0.028877153232268703,0.1873078589560276,current,0.7594,none,0.7519,0.1149,status_source_conflict,status_source_conflict,reconcile_record,0.768
L000255,0.011913015043428551,0.005978984847134279,0.002694469690068839,0.2968326927149754,prepaid,0.8132,none,0.7821,0.2259,prepaid_positive_balance; status_source_conflict,prepaid_positive_balance; status_source_conflict,reconcile_record,0.813
L000255,0.012621857056312857,0.005868416583116397,0.0035964191863660823,0.1386975344023418,prepaid,0.9492,none,0.802,0.2259,prepaid_positive_balance; status_source_conflict,prepaid_positive_balance; status_source_conflict,reconcile_record,0.868
L000255,0.010283634564348143,0.006456550779945368,0.0029180986879368937,0.0876973709775301,prepaid,0.952,none,0.7959,0.2259,prepaid_positive_balance; status_source_conflict,prepaid_positive_balance; status_source_conflict,reconcile_record,0.886
L000255,0.012040554964835025,0.005611823564477228,0.004472967857849917,0.19244910412908553,prepaid,0.9518,none,0.8066,0.2259,prepaid_positive_balance; status_source_conflict,prepaid_positive_balance; status_source_conflict,reconcile_record,0.849
L000256,0.058951050256501415,0.09807535129918797,0.011746152480134732,0.03801952952126719,current,0.7086,none,0.7504,0.2379,outlier_remaining_term_months; outlier_paydown_rate; status_source_conflict,outlier_remaining_term_months; outlier_paydown_rate; status_source_conflict,reconcile_record,0.84
L000256,0.04588195886447664,0.06917915924108008,0.021263899569991685,0.06068079257857969,current,0.5262,none,0.7467,0.7999,dpd_status_break; outlier_remaining_term_months; status_source_conflict,dpd_status_break; outlier_remaining_term_months; status_source_conflict,escalate_human_review,0.831
L000256,0.043927019340747026,0.03909538851565117,0.008359647246174882,0.05337530970058315,current,0.7884,none,0.756,0.2139,outlier_remaining_term_months; status_source_conflict,outlier_remaining_term_months; status_source_conflict,reconcile_record,0.886
L000256,0.049012621780103155,0.06972130416242732,0.01813754122242633,0.07816103229550658,current,0.5968,none,0.6857,0.2379,outlier_remaining_term_months; outlier_paydown_rate; status_source_conflict,outlier_remaining_term_months; outlier_paydown_rate; status_source_conflict,reconcile_record,0.836
L000257,0.4140131230298754,0.7232745277406001,0.9572769024033588,5.0611157766746025e-05,default,0.9531,none,0.6931,0.6649,status_source_conflict,status_source_conflict,reconcile_record,0.703
L000257,0.36962996626739103,0.7045096527741599,0.9581964706852943,5.85763299290403e-05,default,0.9529,none,0.6876,0.6649,status_source_conflict,status_source_conflict,reconcile_record,0.713
L000257,0.4126104974906302,0.7070260326124057,0.9581964706852943,5.86234649379484e-05,default,0.9529,none,0.6834,0.6649,status_source_conflict,status_source_conflict,reconcile_record,0.698
L000259,0.034299393986298075,0.029484707173484715,0.00860206299283074,0.1337839512874847,current,0.7386,none,0.6686,0.2139,outlier_remaining_term_months; status_source_conflict,outlier_remaining_term_months; status_source_conflict,reconcile_record,0.864
L000259,0.04009992822515248,0.042974798921373514,0.015145301338351645,0.07181379520083984,current,0.6856,none,0.5932,0.2619,outlier_remaining_term_months; outlier_balance_ratio; outlier_paydown_rate,outlier_remaining_term_months; outlier_balance_ratio; outlier_paydown_rate,reconcile_record,0.829
L000259,0.028925539602274192,0.034048250615548586,0.014046210773769411,0.1100154103719867,current,0.7215,none,0.6602,0.2379,outlier_remaining_term_months; outlier_paydown_rate; status_source_conflict,outlier_remaining_term_months; outlier_paydown_rate; status_source_conflict,reconcile_record,0.846
L000259,0.03670698563500796,0.034164760080933936,0.011169058347724303,0.12456802996187773,current,0.7345,none,0.644,0.2139,outlier_remaining_term_months; status_source_conflict,outlier_remaining_term_months; status_source_conflict,reconcile_record,0.864
L000260,0.14085799840911492,0.2585674536514592,0.027633699413550167,0.017921841862734378,current,0.7183,none,0.7221,0.1149,status_source_conflict,status_source_conflict,reconcile_record,0.805
L000260,0.1382967502165117,0.25718138714626104,0.03087722672538909,0.016725562892602932,current,0.7053,none,0.722,0.1149,status_source_conflict,status_source_conflict,reconcile_record,0.805
L000260,0.12443006083442713,0.1896551629151052,0.03338644152248069,0.018073550157380214,current,0.6919,none,0.7058,0.1149,status_source_conflict,status_source_conflict,reconcile_record,0.832
L000260,0.09736340913700632,0.11399279869479743,0.05165546002251359,0.019461014339192756,current,0.4294,none,0.6603,0.2259,dpd_status_break; status_source_conflict,dpd_status_break; status_source_conflict,reconcile_record,0.825
L000260,0.06671319136592657,0.07152945722445468,0.04207566382757074,0.021113149459095055,current,0.7149,none,0.6637,0.1149,status_source_conflict,status_source_conflict,reconcile_record,0.889
L000262,0.04942355447324045,0.03543509527745323,0.003729351940301409,0.06186985418041079,current,0.7381,none,0.6764,0.1149,status_source_conflict,status_source_conflict,reconcile_record,0.908
L000263,0.008600309700784937,0.0025904000154837875,0.0003843083385736297,0.8760309661959065,prepaid,0.9711,none,0.8001,0.2259,prepaid_positive_balance; status_source_conflict,prepaid_positive_balance; status_source_conflict,reconcile_record,0.876
L000263,0.00892541876600361,0.00271132041293414,0.0005033373679009867,0.8476045405188793,prepaid,0.9484,none,0.7969,0.2259,prepaid_positive_balance; status_source_conflict,prepaid_positive_balance; status_source_conflict,reconcile_record,0.867
L000263,0.008962433286326876,0.0026385068221557503,0.000516310146578916,0.9036174101230893,prepaid,0.9703,none,0.807,0.2259,prepaid_positive_balance; status_source_conflict,prepaid_positive_balance; status_source_conflict,reconcile_record,0.886
L000263,0.008962433286326876,0.0026385068221557503,0.000516310146578916,0.9036174101230893,prepaid,0.9659,none,0.807,0.2259,prepaid_positive_balance; status_source_conflict,prepaid_positive_balance; status_source_conflict,reconcile_record,0.886
L000263,0.008573768728390259,0.002637496355819381,0.000516310146578916,0.9036174101230893,prepaid,0.9621,none,0.807,0.7759,prepaid_positive_balance; status_source_conflict,prepaid_positive_balance; status_source_conflict,escalate_human_review,0.886
L000264,0.04366247379943335,0.05547694232595319,0.0028746670676927893,0.002226885075197944,current,0.6423,none,0.6227,0.7639,outlier_remaining_term_months; status_source_conflict,outlier_remaining_term_months; status_source_conflict,escalate_human_review,0.9
L000264,0.04449602356543598,0.04965907368646197,0.002552473291837231,0.0016826115088645552,current,0.6202,none,0.6987,0.7639,outlier_remaining_term_months; status_source_conflict,outlier_remaining_term_months; status_source_conflict,escalate_human_review,0.902
L000264,0.05092078712937371,0.034139817502828525,0.003308105126702177,0.002611334399936246,current,0.6336,none,0.6979,0.7639,outlier_remaining_term_months; status_source_conflict,outlier_remaining_term_months; status_source_conflict,escalate_human_review,0.905
L000264,0.0451300153174938,0.03727827367751304,0.0033540028945380613,0.0028006530205141426,current,0.6299,none,0.7009,0.7639,outlier_remaining_term_months; status_source_conflict,outlier_remaining_term_months; status_source_conflict,escalate_human_review,0.905
L000265,0.038671203880111464,0.01562592890631827,0.005812109599725369,0.3814030022121981,current,0.7049,none,0.7609,0.2139,outlier_remaining_term_months; status_source_conflict,outlier_remaining_term_months; status_source_conflict,reconcile_record,0.781
L000265,0.03708516387648083,0.015796952008982925,0.007589902270959907,0.3679336935662399,current,0.691,none,0.7458,0.2139,outlier_remaining_term_months; status_source_conflict,outlier_remaining_term_months; status_source_conflict,reconcile_record,0.786
L000265,0.027011803828195863,0.014838192316387356,0.005090345665478668,0.3987825487279741,current,0.7223,none,0.7731,0.2139,outlier_remaining_term_months; status_source_conflict,outlier_remaining_term_months; status_source_conflict,reconcile_record,0.78
L000266,0.1421702008806216,0.16514077900036525,0.021127363581508397,0.0914692687567747,current,0.6778,none,0.8205,0.2139,outlier_remaining_term_months; status_source_conflict,outlier_remaining_term_months; status_source_conflict,reconcile_record,0.789
L000266,0.18999559131748897,0.18679495325447437,0.03569035025549589,0.10215914229639615,current,0.6817,none,0.8188,0.2139,outlier_remaining_term_months; status_source_conflict,outlier_remaining_term_months; status_source_conflict,reconcile_record,0.756
L000267,0.012782910939880383,0.008911325526428442,0.0005227709315488912,0.016131716876618657,current,0.8108,none,0.6138,0.1149,status_source_conflict,status_source_conflict,reconcile_record,0.947
L000267,0.015095676437524243,0.008233211217356552,0.0006115564057342636,0.018127677306227514,current,0.8452,none,0.7208,0.1149,status_source_conflict,status_source_conflict,reconcile_record,0.945
L000267,0.01867573915132693,0.0075874411383746315,0.00052246388102419,0.048265144271852106,current,0.8561,none,0.7452,0.1149,status_source_conflict,status_source_conflict,reconcile_record,0.933
L000267,0.017423715376831714,0.009938796728354678,0.0005401138372810678,0.015609756280380626,current,0.8399,none,0.7589,0.1149,status_source_conflict,status_source_conflict,reconcile_record,0.945
L000267,0.020063191975745718,0.008988314068507875,0.000626434610992716,0.026770598874561055,current,0.8186,missing_docs,0.9201,0.1149,status_source_conflict,status_source_conflict,reconcile_record,0.94
L000268,0.15493665381896593,0.2914648339280283,0.0005828149683876621,0.003781701868666974,current,0.5551,none,0.6961,0.7879,outlier_remaining_term_months; outlier_paydown_rate; status_source_conflict,outlier_remaining_term_months; outlier_paydown_rate; status_source_conflict,escalate_human_review,0.755
L000268,0.16554365518119138,0.31887311999650464,0.00046592940810394876,0.002247755547639848,current,0.5628,none,0.7026,0.7639,outlier_remaining_term_months; status_source_conflict,outlier_remaining_term_months; status_source_conflict,escalate_human_review,0.765
L000268,0.21080715022700258,0.3792743557010987,0.0005454919900979232,0.001848431818541385,current,0.4345,none,0.6936,0.7639,outlier_remaining_term_months; status_source_conflict,outlier_remaining_term_months; status_source_conflict,escalate_human_review,0.729
L000269,0.18516842816448922,0.22492643727923092,0.6940092774429157,0.0003820398715444489,default,0.9898,none,0.6551,0.6649,status_source_conflict,status_source_conflict,reconcile_record,0.71
L000269,0.285031108988117,0.2324753651239351,0.7735170004993348,0.00036649593373049645,default,0.9899,none,0.6695,0.6649,status_source_conflict,status_source_conflict,reconcile_record,0.7
L000269,0.2774419987329355,0.23408983161929312,0.7840945046162391,0.00036649593373049645,default,0.9854,none,0.6734,0.6649,status_source_conflict,status_source_conflict,reconcile_record,0.705
L000269,0.19331855300352016,0.22407788665118425,0.773473320000838,0.00035139409024856854,default,0.8919,none,0.5866,0.7639,outlier_paydown_rate; status_source_conflict,outlier_paydown_rate; status_source_conflict,escalate_human_review,0.711
L000269,0.2331266458579455,0.22403438622661678,0.7814767587055537,0.00030773404591089,default,0.9717,none,0.6719,0.7639,outlier_paydown_rate; status_source_conflict,outlier_paydown_rate; status_source_conflict,escalate_human_review,0.7
L000271,0.10179728990215249,0.18555659900790386,0.004317271106194066,0.013842562253433116,current,0.6304,none,0.7271,0.7639,outlier_remaining_term_months; status_source_conflict,outlier_remaining_term_months; status_source_conflict,escalate_human_review,0.829
L000271,0.0928398765580043,0.16980070962161217,0.004277432733621131,0.013884949927740376,current,0.6051,none,0.7179,0.7639,outlier_remaining_term_months; status_source_conflict,outlier_remaining_term_months; status_source_conflict,escalate_human_review,0.838
L000271,0.17096423182660891,0.14705028676667276,0.008571197721825675,0.015859709782186832,current,0.5671,none,0.6032,0.7639,outlier_remaining_term_months; status_source_conflict,outlier_remaining_term_months; status_source_conflict,escalate_human_review,0.816
L000272,0.007026542099130905,0.0024622122660680756,0.00041903106191985834,0.8913098669212433,prepaid,0.9229,none,0.5801,0.2499,prepaid_positive_balance; outlier_remaining_term_months; status_source_conflict,prepaid_positive_balance; outlier_remaining_term_months; status_source_conflict,reconcile_record,0.859
L000272,0.007570380970326615,0.002768159848997115,0.00041817221788939654,0.8625022678876385,prepaid,0.9187,none,0.5738,0.2499,prepaid_positive_balance; outlier_remaining_term_months; status_source_conflict,prepaid_positive_balance; outlier_remaining_term_months; status_source_conflict,reconcile_record,0.848
L000272,0.007454521087991194,0.0024618048929842553,0.00041903106191985834,0.8913098669212433,prepaid,0.922,none,0.5801,0.7999,prepaid_positive_balance; outlier_remaining_term_months; status_source_conflict,prepaid_positive_balance; outlier_remaining_term_months; status_source_conflict,escalate_human_review,0.858
L000273,0.015999486830122287,0.005090163555100617,0.0004635911479841884,0.46670467487209016,prepaid,0.9598,none,0.8594,0.2259,prepaid_positive_balance; status_source_conflict,prepaid_positive_balance; status_source_conflict,reconcile_record,0.753
L000273,0.014045633724763288,0.005069387513803099,0.0004635911479841884,0.5170717199667854,prepaid,0.9644,none,0.8554,0.2259,prepaid_positive_balance; status_source_conflict,prepaid_positive_balance; status_source_conflict,reconcile_record,0.748
L000273,0.014002278215223948,0.005069387513803099,0.0004635911479841884,0.5910210325691707,prepaid,0.9653,none,0.8489,0.2259,prepaid_positive_balance; status_source_conflict,prepaid_positive_balance; status_source_conflict,reconcile_record,0.774
L000273,0.013684803658388254,0.0043573918869856025,0.0004635911479841884,0.5910210325691707,prepaid,0.9662,none,0.8503,0.2259,prepaid_positive_balance; status_source_conflict,prepaid_positive_balance; status_source_conflict,reconcile_record,0.774
L000274,0.2569784647124941,0.5235994462958792,0.02038955150184661,0.16374970258669566,current,0.5012,none,0.7221,0.7879,outlier_remaining_term_months; outlier_paydown_rate; status_source_conflict,outlier_remaining_term_months; outlier_paydown_rate; status_source_conflict,escalate_human_review,0.591
L000274,0.24362406269596903,0.4873092774214481,0.020109891597059476,0.1870708404480492,current,0.518,none,0.7425,0.7639,outlier_remaining_term_months; status_source_conflict,outlier_remaining_term_months; status_source_conflict,escalate_human_review,0.608
L000274,0.1807514340608107,0.400730845220249,0.016492389936617686,0.19144796539123757,current,0.5147,none,0.728,0.7639,outlier_remaining_term_months; status_source_conflict,outlier_remaining_term_months; status_source_conflict,escalate_human_review,0.66
L000274,0.1395250554230957,0.3124696090635143,0.02865906006728583,0.20996059361963904,current,0.524,none,0.7466,0.7639,outlier_remaining_term_months; status_source_conflict,outlier_remaining_term_months; status_source_conflict,escalate_human_review,0.695
L000274,0.14498705055659022,0.3598379160207325,0.019556239059073437,0.17483569852961314,current,0.5194,none,0.7277,0.7639,outlier_remaining_term_months; status_source_conflict,outlier_remaining_term_months; status_source_conflict,escalate_human_review,0.691
L000275,0.06950833004655828,0.059672357150296805,0.0008600955321566075,0.06921680569309323,current,0.808,none,0.6204,0.6649,balance_source_conflict,balance_source_conflict,reconcile_record,0.89
L000275,0.047741293320611326,0.030360146834558746,0.0009269003897111326,0.06263031319085682,current,0.8137,none,0.5966,0.1149,balance_source_conflict,balance_source_conflict,reconcile_record,0.91
L000275,0.04658684342228556,0.04472250977620695,0.0009335485290347875,0.055757147932697794,current,0.8133,none,0.5831,0.1149,balance_source_conflict,balance_source_conflict,reconcile_record,0.908
L000275,0.05311405914938264,0.04813634859225147,0.0008621775411043683,0.10607962234862944,current,0.8044,none,0.59,0.1149,balance_source_conflict,balance_source_conflict,reconcile_record,0.887
L000275,0.046255495694446445,0.0314780453939174,0.0010401048754755087,0.06142850867107396,current,0.808,none,0.5766,0.1149,balance_source_conflict,balance_source_conflict,reconcile_record,0.911
L000275,0.04742894230952224,0.027640743287572656,0.0011037968736513106,0.08740633361654226,current,0.8101,none,0.5923,0.1149,balance_source_conflict,balance_source_conflict,reconcile_record,0.903
L000276,0.03659083446652284,0.024617337048657605,0.0026073574033610276,0.32887906486833557,current,0.7201,none,0.6712,0.1149,status_source_conflict,status_source_conflict,reconcile_record,0.823
L000276,0.021393360230123348,0.019447668849052885,0.006398514951322404,0.3501804132842996,current,0.7468,none,0.672,0.2139,outlier_paydown_rate; status_source_conflict,outlier_paydown_rate; status_source_conflict,reconcile_record,0.797
L000276,0.027259179155594403,0.0165967195164532,0.0024476582733045523,0.4070819184310812,current,0.6821,missing_docs,0.8609,0.2139,outlier_paydown_rate; status_source_conflict,outlier_paydown_rate; status_source_conflict,reconcile_record,0.777
L000276,0.02595286326276836,0.016620395972995517,0.0025094540999114666,0.4416963898467005,current,0.7937,none,0.7496,0.1149,status_source_conflict,status_source_conflict,reconcile_record,0.79
L000276,0.026760676480651956,0.013985366800844709,0.002768300437303559,0.3740741207620181,current,0.7802,none,0.757,0.1149,status_source_conflict,status_source_conflict,reconcile_record,0.814
L000277,0.00833876607272894,0.003691120545440005,0.0019094634346583643,0.016005510160407074,prepaid,0.9785,none,0.729,0.2259,prepaid_positive_balance; status_source_conflict,prepaid_positive_balance; status_source_conflict,reconcile_record,0.914
L000277,0.008527883568321149,0.003404846189500939,0.0015816296286258703,0.029552971364091383,prepaid,0.9727,none,0.6584,0.2259,prepaid_positive_balance; status_source_conflict,prepaid_positive_balance; status_source_conflict,reconcile_record,0.909
L000277,0.008140838732084129,0.0034894588667757596,0.0016766251436040964,0.03729415901702231,prepaid,0.9796,missing_docs,0.8236,0.2259,prepaid_positive_balance; status_source_conflict,prepaid_positive_balance; status_source_conflict,reconcile_record,0.907
L000277,0.007427516549810854,0.002997826791978802,0.0017621386226476243,0.027153235471334688,prepaid,0.9775,none,0.7163,0.2259,prepaid_positive_balance; status_source_conflict,prepaid_positive_balance; status_source_conflict,reconcile_record,0.91
L000278,0.008592903406890921,0.0033095135892751994,0.0008039362102108348,0.18269404075061382,prepaid,0.9685,none,0.8561,0.2739,prepaid_positive_balance; outlier_remaining_term_months; outlier_paydown_rate,prepaid_positive_balance; outlier_remaining_term_months; outlier_paydown_rate,reconcile_record,0.807
L000278,0.008709434307054497,0.003544081695662433,0.0008105320226440778,0.18434029668377905,prepaid,0.9773,none,0.8612,0.2499,prepaid_positive_balance; outlier_remaining_term_months; status_source_conflict,prepaid_positive_balance; outlier_remaining_term_months; status_source_conflict,reconcile_record,0.831
L000278,0.008146792295515052,0.0033832728849722145,0.0008039362102108348,0.18485440042489124,prepaid,0.9726,none,0.8679,0.7999,prepaid_positive_balance; outlier_remaining_term_months; status_source_conflict,prepaid_positive_balance; outlier_remaining_term_months; status_source_conflict,escalate_human_review,0.831
L000280,0.09932246112182852,0.10368216056749167,0.0040201395197576005,0.02273214305325207,current,0.7092,source_conflict,0.6082,0.1149,balance_source_conflict,balance_source_conflict,reconcile_record,0.88
L000280,0.13054324298820907,0.1825719590625965,0.00845998444704154,0.013614798655727622,current,0.699,source_conflict,0.5551,0.1149,balance_source_conflict,balance_source_conflict,reconcile_record,0.842
L000280,0.13042620058469948,0.13030552814160656,0.004473481099420101,0.019950647245158704,current,0.6745,source_conflict,0.6153,0.1149,balance_source_conflict,balance_source_conflict,reconcile_record,0.86
L000280,0.14728119544762014,0.18219642842285896,0.0037331151530666166,0.015916694560684914,current,0.6693,source_conflict,0.5502,0.1149,balance_source_conflict,balance_source_conflict,reconcile_record,0.838
L000281,0.035374069986581685,0.061660803853741904,0.011241706923712699,0.15489682665484242,current,0.7673,none,0.7283,0.1149,status_source_conflict,status_source_conflict,reconcile_record,0.868
L000281,0.036216181361307706,0.050702535173287606,0.006368023564476998,0.1488955204222114,current,0.7919,none,0.7414,0.1149,status_source_conflict,status_source_conflict,reconcile_record,0.875
L000281,0.03664086795734765,0.05226686925603924,0.006053141615890402,0.1488955204222114,current,0.7882,none,0.7369,0.1149,status_source_conflict,status_source_conflict,reconcile_record,0.875
L000281,0.05567916925239789,0.04695578865875727,0.008726382715235707,0.1767052052257089,current,0.7685,none,0.7318,0.1149,status_source_conflict,status_source_conflict,reconcile_record,0.859
L000284,0.007753340670515893,0.002154454438965218,0.0008556549296876687,0.8293318714583359,prepaid,0.9016,source_conflict,0.6965,0.7999,prepaid_positive_balance; outlier_remaining_term_months; balance_source_conflict,prepaid_positive_balance; outlier_remaining_term_months; balance_source_conflict,escalate_human_review,0.836
L000284,0.00688412040837202,0.0019992409787519456,0.0008677462348398818,0.8295998348089472,prepaid,0.9016,source_conflict,0.6956,0.7999,prepaid_positive_balance; outlier_remaining_term_months; balance_source_conflict,prepaid_positive_balance; outlier_remaining_term_months; balance_source_conflict,escalate_human_review,0.837
L000285,0.10107192161402913,0.16877252879622814,0.010599123204692746,0.455519224586793,current,0.5595,none,0.6794,0.6649,status_source_conflict,status_source_conflict,reconcile_record,0.702
L000285,0.1452394531532731,0.18207067562419219,0.012507097437777212,0.43356049045261785,current,0.6424,none,0.7086,0.6649,status_source_conflict,status_source_conflict,reconcile_record,0.689
L000285,0.1403682037221168,0.23299038821225307,0.014798577985823588,0.5759291309409762,current,0.4122,none,0.6846,0.7759,dpd_status_break; status_source_conflict,dpd_status_break; status_source_conflict,escalate_human_review,0.64
L000288,0.04569116203245557,0.06970841809534252,0.002172336147125499,0.10348178421222771,current,0.6677,none,0.5197,0.2139,outlier_paydown_rate; balance_source_conflict,outlier_paydown_rate; balance_source_conflict,reconcile_record,0.858
L000288,0.06188343984231004,0.07073133484354897,0.002257990066227323,0.10769632858462687,current,0.7297,none,0.5177,0.1149,balance_source_conflict,balance_source_conflict,reconcile_record,0.875
L000289,0.013629106467057625,0.009140985349279242,0.0005299978203993115,0.03689265111462703,current,0.7307,none,0.6636,0.7639,outlier_remaining_term_months; balance_source_conflict,outlier_remaining_term_months; balance_source_conflict,escalate_human_review,0.915
L000289,0.01899658970740828,0.010846717945707893,0.0005023378396708493,0.0576105623922463,current,0.6206,none,0.6846,0.7939,outlier_remaining_term_months; balance_source_conflict; status_source_conflict,outlier_remaining_term_months; balance_source_conflict; status_source_conflict,escalate_human_review,0.875
L000289,0.016239318553726956,0.007524566781231541,0.0005856244980511666,0.06049758339030947,current,0.7458,none,0.6618,0.7639,outlier_remaining_term_months; balance_source_conflict,outlier_remaining_term_months; balance_source_conflict,escalate_human_review,0.907
L000289,0.018897308274786848,0.010274891276579748,0.0006271037185791181,0.07787844893832943,current,0.7036,none,0.5843,0.7639,outlier_remaining_term_months; balance_source_conflict,outlier_remaining_term_months; balance_source_conflict,escalate_human_review,0.898
L000289,0.01716125396744121,0.009147352636896216,0.0006278149503491661,0.0655790388380643,current,0.7404,none,0.6873,0.7639,outlier_remaining_term_months; balance_source_conflict,outlier_remaining_term_months; balance_source_conflict,escalate_human_review,0.904
L000290,0.14129479249665264,0.11349872804953792,0.033754078310377404,0.07265008892293066,current,0.8017,none,0.584,0.1149,balance_source_conflict,balance_source_conflict,reconcile_record,0.833
L000290,0.14988733092036402,0.11585544870848152,0.03545147754465588,0.07961522703227271,current,0.7623,none,0.6095,0.1149,balance_source_conflict,balance_source_conflict,reconcile_record,0.827
L000290,0.14003397676390275,0.08538919705927528,0.038226950812600836,0.07799931307548746,current,0.7559,none,0.61,0.1149,balance_source_conflict,balance_source_conflict,reconcile_record,0.84
L000290,0.14309136076493503,0.07842911682558061,0.035931684067813496,0.1045254654641114,current,0.7491,none,0.6073,0.1149,balance_source_conflict,balance_source_conflict,reconcile_record,0.833
L000290,0.13681646581462834,0.0699000517508071,0.04441830983475353,0.11126938922657799,current,0.731,none,0.5876,0.1149,balance_source_conflict,balance_source_conflict,reconcile_record,0.833
L000291,0.015856972299531428,0.0043520994684941834,0.0003120326696806306,0.34173721264554385,prepaid,0.9632,none,0.7053,0.2499,prepaid_positive_balance; outlier_remaining_term_months; status_source_conflict,prepaid_positive_balance; outlier_remaining_term_months; status_source_conflict,reconcile_record,0.773
L000291,0.015398138992056403,0.004786818537521491,0.0002389090711436292,0.36816984486502696,prepaid,0.9631,none,0.7224,0.2499,prepaid_positive_balance; outlier_remaining_term_months; status_source_conflict,prepaid_positive_balance; outlier_remaining_term_months; status_source_conflict,reconcile_record,0.764
L000291,0.015826855750382646,0.004356007474025606,0.00031130017570258343,0.3674576823628742,prepaid,0.9437,none,0.6438,0.2499,prepaid_positive_balance; outlier_remaining_term_months; status_source_conflict,prepaid_positive_balance; outlier_remaining_term_months; status_source_conflict,reconcile_record,0.764
L000291,0.01556502069866686,0.00449133002299817,0.00025418839565638496,0.3675740844102446,prepaid,0.9462,missing_docs,0.7577,0.2499,prepaid_positive_balance; outlier_remaining_term_months; status_source_conflict,prepaid_positive_balance; outlier_remaining_term_months; status_source_conflict,reconcile_record,0.764
L000292,0.03914890077317354,0.3227889554169799,0.6759138215343331,0.02534161643009597,current,0.4446,source_conflict,0.6614,0.8299,dpd_status_break; outlier_paydown_rate; balance_source_conflict,dpd_status_break; outlier_paydown_rate; balance_source_conflict,escalate_human_review,0.621
L000292,0.012910665034489508,0.17197166815663958,0.6289573089474718,0.025833241617548658,current,0.7197,source_conflict,0.7667,0.2199,balance_source_conflict; status_source_conflict,balance_source_conflict; status_source_conflict,reconcile_record,0.726
L000292,0.021742124920241163,0.1697117097439841,0.636000149637923,0.012143359838148982,current,0.5407,source_conflict,0.5784,0.1149,balance_source_conflict,balance_source_conflict,reconcile_record,0.761
L000292,0.0865708139545757,0.22051486529481537,0.5837749552744047,0.00047422669382129627,default,0.8181,source_conflict,0.6497,0.7699,balance_source_conflict; status_source_conflict,balance_source_conflict; status_source_conflict,escalate_human_review,0.677
L000293,0.22632848990994922,0.19780524233242325,0.04423984099891432,0.00033319587715162623,default,0.9663,none,0.749,0.6649,status_source_conflict,status_source_conflict,reconcile_record,0.796
L000293,0.20772081382357946,0.20502488692681756,0.051163722406713796,0.00036724234918818715,default,0.9663,none,0.7584,0.6649,status_source_conflict,status_source_conflict,reconcile_record,0.798
L000293,0.20200975473174876,0.20204874140766563,0.06432646082747402,0.0004070503671347696,default,0.9663,none,0.7576,0.6649,status_source_conflict,status_source_conflict,reconcile_record,0.796
L000293,0.205170529180524,0.20730362378365938,0.05022906501082643,0.0003040428722883588,default,0.9659,none,0.7456,0.6649,status_source_conflict,status_source_conflict,reconcile_record,0.798
L000293,0.18009162919208407,0.18791266585580602,0.0584714883836202,0.00041699235868461254,default,0.9658,none,0.7554,0.6649,status_source_conflict,status_source_conflict,reconcile_record,0.811
L000294,0.03969820326948773,0.05300761173770573,0.004476996650564726,0.004931578769760706,current,0.6676,none,0.7878,0.7639,outlier_remaining_term_months; status_source_conflict,outlier_remaining_term_months; status_source_conflict,escalate_human_review,0.9
L000294,0.05073579803336903,0.052508718655883115,0.0029596621876816017,0.0030601589496420645,current,0.7155,none,0.7895,0.7639,outlier_remaining_term_months; status_source_conflict,outlier_remaining_term_months; status_source_conflict,escalate_human_review,0.898
L000294,0.039662321689545005,0.0334425430264729,0.002299390740616064,0.005709416284906885,current,0.722,none,0.7821,0.7639,outlier_remaining_term_months; status_source_conflict,outlier_remaining_term_months; status_source_conflict,escalate_human_review,0.907
L000294,0.09433288891716862,0.05566680416474281,0.0033664417949981398,0.005676727127234691,current,0.6138,none,0.75,0.2139,outlier_remaining_term_months; status_source_conflict,outlier_remaining_term_months; status_source_conflict,reconcile_record,0.88
L000295,0.009144940187244424,0.0031252363550165266,0.0009223499193952844,0.8121586893279743,prepaid,0.9657,none,0.6755,0.7759,prepaid_positive_balance; status_source_conflict,prepaid_positive_balance; status_source_conflict,escalate_human_review,0.853
L000296,0.05096387609488817,0.04711201155717878,0.020608494977757106,0.12819574631996475,current,0.7163,none,0.7534,0.2139,outlier_remaining_term_months; status_source_conflict,outlier_remaining_term_months; status_source_conflict,reconcile_record,0.85
L000296,0.052046094810302646,0.05006970561884333,0.016431404737589094,0.08384811465188853,current,0.7153,none,0.7426,0.2139,outlier_remaining_term_months; status_source_conflict,outlier_remaining_term_months; status_source_conflict,reconcile_record,0.865
L000296,0.0493275424205222,0.04636818188515227,0.007518693638618071,0.14993938882518346,current,0.7235,none,0.7496,0.2139,outlier_remaining_term_months; status_source_conflict,outlier_remaining_term_months; status_source_conflict,reconcile_record,0.847
L000296,0.0473340556560311,0.05354023051000839,0.006055728320703142,0.14129946221164666,current,0.7348,none,0.7548,0.2139,outlier_remaining_term_months; status_source_conflict,outlier_remaining_term_months; status_source_conflict,reconcile_record,0.849
L000296,0.05488268008953773,0.061199926126268865,0.021396932333868413,0.1511644136444702,current,0.7106,none,0.7403,0.2139,outlier_remaining_term_months; status_source_conflict,outlier_remaining_term_months; status_source_conflict,reconcile_record,0.835
L000297,0.007485028805836112,0.0034011575335608202,0.0011546642924519315,0.41143929870886375,prepaid,0.847,missing_docs,0.8013,0.2259,prepaid_positive_balance; status_source_conflict,prepaid_positive_balance; status_source_conflict,reconcile_record,0.776
L000297,0.007607394659252142,0.003360017566852984,0.0011550075304102212,0.3949629319270807,prepaid,0.8498,none,0.8191,0.2259,prepaid_positive_balance; status_source_conflict,prepaid_positive_balance; status_source_conflict,reconcile_record,0.781
L000298,0.15176472450858108,0.18450610282301036,0.6160416344616794,0.004238089840720082,default,0.8438,none,0.743,0.6649,status_source_conflict,status_source_conflict,reconcile_record,0.707
L000298,0.12576441111147854,0.18299112617495716,0.6193446706521407,0.003675386638369707,default,0.9624,none,0.7591,0.6649,status_source_conflict,status_source_conflict,reconcile_record,0.717
L000298,0.1166430574598518,0.1724943019307691,0.5909114745232261,0.004081670118798095,default,0.9592,none,0.7699,0.6649,status_source_conflict,status_source_conflict,reconcile_record,0.714
L000298,0.1383284782254972,0.194582786960791,0.6193446706521407,0.0036938570197902585,default,0.9624,none,0.7591,0.6649,status_source_conflict,status_source_conflict,reconcile_record,0.709
L000298,0.13666923068871387,0.21721355682587648,0.5671083133136153,0.0034614399606348913,default,0.9604,none,0.7279,0.6649,status_source_conflict,status_source_conflict,reconcile_record,0.684
L000299,0.08584487527909307,0.12191396488771751,0.02886137912675762,0.009937039799956757,current,0.7265,none,0.8573,0.6649,status_source_conflict,status_source_conflict,reconcile_record,0.874
L000299,0.06965073043669033,0.10042550029839781,0.03436642837669973,0.011426556336439892,current,0.7058,missing_docs,0.8746,0.1149,status_source_conflict,status_source_conflict,reconcile_record,0.884
L000299,0.061633713087521615,0.11852830814055453,0.03697064541644988,0.009898877768525579,current,0.7148,none,0.8345,0.1149,status_source_conflict,status_source_conflict,reconcile_record,0.88
L000299,0.07333321690831417,0.06941833923359593,0.042740442476954216,0.011561813139195432,current,0.6934,none,0.8308,0.1149,status_source_conflict,status_source_conflict,reconcile_record,0.891
L000300,0.14799160609293346,0.2374839486510502,0.011630357371372082,0.006639299144151241,current,0.7108,none,0.5956,0.7699,balance_source_conflict; status_source_conflict,balance_source_conflict; status_source_conflict,escalate_human_review,0.789
L000300,0.13847161388674098,0.23575890295207022,0.015880281633448463,0.011058563944643149,current,0.7195,none,0.6018,0.2199,balance_source_conflict; status_source_conflict,balance_source_conflict; status_source_conflict,reconcile_record,0.789
L000301,0.011243209822800818,0.0026253113203521423,0.0006061490253534024,0.6789271353940453,prepaid,0.947,none,0.7494,0.2259,prepaid_positive_balance; status_source_conflict,prepaid_positive_balance; status_source_conflict,reconcile_record,0.806
L000301,0.012710770242721265,0.003867066669339213,0.0006518973654018418,0.6404158888550534,prepaid,0.9425,missing_docs,0.8663,0.2259,prepaid_positive_balance; status_source_conflict,prepaid_positive_balance; status_source_conflict,reconcile_record,0.792
L000301,0.011918216299638148,0.0030786977266736722,0.0006512188237379339,0.5670571607902367,prepaid,0.9494,none,0.7554,0.2259,prepaid_positive_balance; status_source_conflict,prepaid_positive_balance; status_source_conflict,reconcile_record,0.767
L000301,0.012546271287858561,0.0028477500408560456,0.0006366344361977834,0.6843052970698543,prepaid,0.9462,none,0.7458,0.2259,prepaid_positive_balance; status_source_conflict,prepaid_positive_balance; status_source_conflict,reconcile_record,0.808
L000302,0.012409184719638595,0.002418195923396586,0.0007642201616125245,0.3647865080384016,prepaid,0.98,none,0.8705,0.2259,prepaid_positive_balance; status_source_conflict,prepaid_positive_balance; status_source_conflict,reconcile_record,0.791
L000302,0.01078349071415003,0.0023834450894206997,0.0007517958026368594,0.34938848879379036,prepaid,0.98,none,0.8662,0.2259,prepaid_positive_balance; status_source_conflict,prepaid_positive_balance; status_source_conflict,reconcile_record,0.797
L000302,0.009418303294997646,0.0022378271207775234,0.0007663603593911892,0.46731902893620775,prepaid,0.984,none,0.8711,0.2259,prepaid_positive_balance; status_source_conflict,prepaid_positive_balance; status_source_conflict,reconcile_record,0.756
L000302,0.01078349071415003,0.0023834450894206997,0.0007583954189441042,0.40060606199966514,prepaid,0.9801,none,0.8662,0.2259,prepaid_positive_balance; status_source_conflict,prepaid_positive_balance; status_source_conflict,reconcile_record,0.779
L000302,0.010554537452728266,0.0024251912878350463,0.000766787320688729,0.38130026537783723,prepaid,0.9798,missing_docs,0.8122,0.2259,prepaid_positive_balance; status_source_conflict,prepaid_positive_balance; status_source_conflict,reconcile_record,0.786
L000303,0.15857860861143316,0.29292555735381687,0.010004652399424063,0.0059799173210735865,current,0.6414,none,0.8052,0.1149,status_source_conflict,status_source_conflict,reconcile_record,0.796
L000303,0.14521464867933967,0.24770500592354283,0.007032677676575398,0.009889365276241196,current,0.6362,none,0.8166,0.1149,status_source_conflict,status_source_conflict,reconcile_record,0.817
L000303,0.18255731209924375,0.3079336815407348,0.006782689882033778,0.010019303676176263,current,0.5128,missing_docs,0.8053,0.1149,status_source_conflict,status_source_conflict,reconcile_record,0.782
L000304,0.048998242999622355,0.029236501591621753,0.007604580982098705,0.0041514830105541314,current,0.6166,none,0.4435,0.6649,balance_source_conflict,balance_source_conflict,reconcile_record,0.929
L000305,0.08941969737309215,0.12592088265537205,0.004886535206325081,0.31499696053397735,current,0.6129,none,0.7502,0.1149,status_source_conflict,status_source_conflict,reconcile_record,0.772
L000305,0.10963396084596282,0.21357830619164095,0.0007941704386693699,0.48001105611776973,current,0.6015,none,0.7574,0.1149,status_source_conflict,status_source_conflict,reconcile_record,0.679
L000305,0.12894410539711612,0.1934372655891782,0.0008870378087970327,0.45218492016015405,current,0.6147,none,0.7487,0.1149,status_source_conflict,status_source_conflict,reconcile_record,0.688
L000306,0.04961477372819806,0.10009535838706107,0.5861953439162216,0.009190648580838135,current,0.7002,none,0.7114,0.2139,outlier_paydown_rate; status_source_conflict,outlier_paydown_rate; status_source_conflict,reconcile_record,0.736
L000306,0.09823023186482883,0.10249214273355989,0.8788592086405419,0.0007025676497414696,default,0.9275,none,0.6741,0.7639,outlier_paydown_rate; status_source_conflict,outlier_paydown_rate; status_source_conflict,escalate_human_review,0.823
L000306,0.09272879178377219,0.10221872282165657,0.8011723928593241,0.0005687717460068179,default,0.9605,none,0.7063,0.6649,status_source_conflict,status_source_conflict,reconcile_record,0.822
L000306,0.12067862704814175,0.11272696871917535,0.8492510700634988,0.000650512219166679,default,0.9605,none,0.7026,0.6649,status_source_conflict,status_source_conflict,reconcile_record,0.826
L000306,0.11878903432864903,0.10323888606337182,0.7824410725844108,0.000586802823713107,default,0.9559,none,0.7099,0.6649,status_source_conflict,status_source_conflict,reconcile_record,0.806
L000307,0.017723484209795415,0.02899782112456034,0.052261075776159356,0.054566783392927566,current,0.7177,none,0.6348,0.1149,status_source_conflict,status_source_conflict,reconcile_record,0.906
L000307,0.016001626232377417,0.027757277425768712,0.0188640814768193,0.12697138933470423,current,0.7336,none,0.6217,0.1149,status_source_conflict,status_source_conflict,reconcile_record,0.894
L000307,0.021478570663134956,0.028507958058381615,0.015328389500922945,0.14193390871618125,current,0.7098,none,0.6254,0.1149,status_source_conflict,status_source_conflict,reconcile_record,0.887
L000307,0.02312201275416581,0.02638106236627878,0.053531890507825385,0.11997854280397773,current,0.7059,none,0.6228,0.1149,status_source_conflict,status_source_conflict,reconcile_record,0.882
L000307,0.024034179446078243,0.031629299318672775,0.023776631673342898,0.1029227928903138,current,0.5311,none,0.6076,0.1149,status_source_conflict,status_source_conflict,reconcile_record,0.896
L000309,0.011842903844924918,0.008678623044778644,0.00573581942116529,0.10247506987827805,current,0.7656,missing_docs,0.8809,0.2139,outlier_remaining_term_months; status_source_conflict,outlier_remaining_term_months; status_source_conflict,reconcile_record,0.891
L000309,0.015366611598540173,0.01095005571198998,0.00782117441370779,0.10943853351526033,current,0.7422,none,0.6993,0.2139,outlier_remaining_term_months; status_source_conflict,outlier_remaining_term_months; status_source_conflict,reconcile_record,0.886
L000309,0.012758667748028031,0.01017821584228052,0.005283865158077223,0.10040542653216145,current,0.7719,missing_docs,0.8814,0.2139,outlier_remaining_term_months; status_source_conflict,outlier_remaining_term_months; status_source_conflict,reconcile_record,0.891
L000310,0.0072943057419764925,0.0025772890575909784,0.0020482033305743797,0.8065448834709507,prepaid,0.7616,none,0.7525,0.7759,prepaid_positive_balance; status_source_conflict,prepaid_positive_balance; status_source_conflict,escalate_human_review,0.852
L000310,0.005757632487247893,0.002206802324928575,0.0020496234770854987,0.7304260256575746,prepaid,0.7654,none,0.7369,0.7759,prepaid_positive_balance; status_source_conflict,prepaid_positive_balance; status_source_conflict,escalate_human_review,0.826
L000311,0.007860296382010502,0.004192680533833151,0.0004648256618491182,0.8890960208523989,prepaid,0.9182,none,0.8403,0.2259,prepaid_positive_balance; status_source_conflict,prepaid_positive_balance; status_source_conflict,reconcile_record,0.881
L000311,0.007895030367160117,0.004358655482238209,0.00046177436714694644,0.8954612759949004,prepaid,0.9182,none,0.8398,0.2259,prepaid_positive_balance; status_source_conflict,prepaid_positive_balance; status_source_conflict,reconcile_record,0.883
L000311,0.007394056499916493,0.003784096019151978,0.0003404723899128567,0.72973764867124,prepaid,0.9182,none,0.8102,0.2259,prepaid_positive_balance; status_source_conflict,prepaid_positive_balance; status_source_conflict,reconcile_record,0.825
L000311,0.0070723833239483705,0.0035544637019904977,0.00036692499641307225,0.8954612759949004,prepaid,0.9182,none,0.8235,0.2259,prepaid_positive_balance; status_source_conflict,prepaid_positive_balance; status_source_conflict,reconcile_record,0.883
L000312,0.1012681114036672,0.1300265303376711,0.010717047465711923,0.06853778829427408,current,0.5042,none,0.6778,0.7759,dpd_status_break; status_source_conflict,dpd_status_break; status_source_conflict,escalate_human_review,0.816
L000312,0.04231433978323957,0.08004325249830715,0.0033721004573503206,0.10673936265050954,current,0.7573,none,0.7197,0.1149,status_source_conflict,status_source_conflict,reconcile_record,0.879
L000312,0.07777265541028576,0.10017061444423303,0.00897339157314607,0.07506394759816955,current,0.7419,none,0.7259,0.1149,status_source_conflict,status_source_conflict,reconcile_record,0.868
L000312,0.07251093955400452,0.1000567324046146,0.008728793368052773,0.10721301893841412,current,0.7199,none,0.7118,0.1149,status_source_conflict,status_source_conflict,reconcile_record,0.859
L000313,0.010693150272106206,0.004929184060256842,0.000668643541888397,0.5559388254611927,prepaid,0.9865,none,0.8247,0.2259,prepaid_positive_balance; status_source_conflict,prepaid_positive_balance; status_source_conflict,reconcile_record,0.763
L000313,0.009113422936412924,0.003882800951118278,0.000668643541888397,0.5559388254611927,prepaid,0.9865,none,0.8205,0.2259,prepaid_positive_balance; status_source_conflict,prepaid_positive_balance; status_source_conflict,reconcile_record,0.764
L000313,0.01034244465059028,0.004197778557544896,0.000677062742259657,0.555881337527269,prepaid,0.9874,none,0.82,0.2259,prepaid_positive_balance; status_source_conflict,prepaid_positive_balance; status_source_conflict,reconcile_record,0.763
L000313,0.009445590594208554,0.003939861773796732,0.0006697862288278103,0.5688723771613726,prepaid,0.9865,none,0.8198,0.2259,prepaid_positive_balance; status_source_conflict,prepaid_positive_balance; status_source_conflict,reconcile_record,0.768
L000313,0.009412968232928448,0.0037919576627959187,0.000749256670204528,0.5751329793285695,prepaid,0.986,none,0.8093,0.2259,prepaid_positive_balance; status_source_conflict,prepaid_positive_balance; status_source_conflict,reconcile_record,0.771
L000314,0.26025480334631784,0.3967254271524258,0.6176243488109132,0.0009952854622717981,default,0.9909,source_conflict,0.8021,0.7699,balance_source_conflict; status_source_conflict,balance_source_conflict; status_source_conflict,escalate_human_review,0.566
L000314,0.27133022180098004,0.4052156504378927,0.6176243488109132,0.0009887824462194914,default,0.9906,source_conflict,0.7947,0.7699,balance_source_conflict; status_source_conflict,balance_source_conflict; status_source_conflict,escalate_human_review,0.559
L000314,0.28893160286007546,0.43196997522016956,0.6322316696595824,0.0008945609666409153,default,0.9886,source_conflict,0.8202,0.7699,balance_source_conflict; status_source_conflict,balance_source_conflict; status_source_conflict,escalate_human_review,0.549
L000315,0.28743876275949937,0.48111233416678684,0.0014869917475760503,0.02880913443887703,current,0.5424,source_conflict,0.5492,0.1149,balance_source_conflict,balance_source_conflict,reconcile_record,0.681
L000315,0.26775954847504596,0.5136540493872875,0.0007706836968683614,0.025194114754921268,current,0.5323,source_conflict,0.5834,0.1149,balance_source_conflict,balance_source_conflict,reconcile_record,0.687
L000315,0.28183943703577136,0.49146307173423365,0.0007878313404681396,0.02329415667163222,current,0.5325,source_conflict,0.585,0.1149,balance_source_conflict,balance_source_conflict,reconcile_record,0.681
L000315,0.29468345283926195,0.4396544192659227,0.0009022060030593394,0.022187229687475458,current,0.6002,source_conflict,0.5105,0.1149,balance_source_conflict,balance_source_conflict,reconcile_record,0.695
L000316,0.055238199858284764,0.10298099133424138,0.010413494457593769,0.017558531107086744,current,0.7422,none,0.743,0.2139,outlier_paydown_rate; status_source_conflict,outlier_paydown_rate; status_source_conflict,reconcile_record,0.871
L000316,0.049112255959769556,0.14918549523278887,0.0058786033236168855,0.02237631325651138,current,0.7553,none,0.6748,0.2139,outlier_paydown_rate; status_source_conflict,outlier_paydown_rate; status_source_conflict,reconcile_record,0.857
L000316,0.05733662144223254,0.16370657555131626,0.005902828694692522,0.020547357124977454,current,0.7722,none,0.7384,0.1149,status_source_conflict,status_source_conflict,reconcile_record,0.873
L000317,0.07779193779855022,0.15180791874637775,0.012433845071956455,0.000815004321728895,current,0.653,none,0.7152,0.6649,status_source_conflict,status_source_conflict,reconcile_record,0.875
L000317,0.0980951847756893,0.16396245871697504,0.012170404797965863,0.001051595137782049,current,0.695,none,0.6114,0.6649,status_source_conflict,status_source_conflict,reconcile_record,0.863
L000317,0.09128992495151049,0.18740229490297558,0.01583612516896203,0.0007195587369630462,current,0.6725,none,0.7418,0.6649,status_source_conflict,status_source_conflict,reconcile_record,0.856
L000318,0.03537813425499612,0.02717803944683519,0.004997342096532106,0.07348221699439757,current,0.7404,none,0.7309,0.2139,outlier_remaining_term_months; status_source_conflict,outlier_remaining_term_months; status_source_conflict,reconcile_record,0.886
L000318,0.021585131287273195,0.0191379623340216,0.0033000273439791326,0.1038258151751792,current,0.7723,none,0.736,0.2139,outlier_remaining_term_months; status_source_conflict,outlier_remaining_term_months; status_source_conflict,reconcile_record,0.884
L000318,0.025454732008851108,0.01910432055112445,0.004492607931566543,0.11138791205105514,current,0.7587,none,0.7351,0.2139,outlier_remaining_term_months; status_source_conflict,outlier_remaining_term_months; status_source_conflict,reconcile_record,0.88
L000318,0.018163019690425043,0.02360926608609444,0.0029058740561567586,0.1336869068559606,current,0.5862,none,0.7368,0.7639,outlier_remaining_term_months; status_source_conflict,outlier_remaining_term_months; status_source_conflict,escalate_human_review,0.874
L000319,0.005381978631139085,0.0017440173829261166,0.0002703924597541765,0.04339338604783775,prepaid,0.9751,none,0.7356,0.2259,prepaid_positive_balance; status_source_conflict,prepaid_positive_balance; status_source_conflict,reconcile_record,0.907
L000320,0.006138223916821196,0.0024027118120508516,0.00041366033065848274,0.8792319714680582,prepaid,0.8711,none,0.7423,0.2739,balance_exceeds_original; prepaid_positive_balance; outlier_paydown_rate,balance_exceeds_original; prepaid_positive_balance; outlier_paydown_rate,reconcile_record,0.831
L000320,0.007577456231045044,0.001477769325357799,0.0006252945689057449,0.7795050569058146,prepaid,0.7494,none,0.8298,0.2499,prepaid_positive_balance; outlier_paydown_rate; status_source_conflict,prepaid_positive_balance; outlier_paydown_rate; status_source_conflict,reconcile_record,0.82
L000320,0.00839447256929958,0.001801427910361679,0.0004981402350300463,0.8268381373857006,prepaid,0.8986,none,0.8382,0.2259,prepaid_positive_balance; status_source_conflict,prepaid_positive_balance; status_source_conflict,reconcile_record,0.86
L000322,0.09176527325376804,0.0653698468733299,0.03960534453079581,0.08480449354018359,current,0.7198,none,0.6998,0.1149,status_source_conflict,status_source_conflict,reconcile_record,0.861
L000322,0.06359641928170191,0.05655679171360928,0.06058273961492643,0.26921367848391814,current,0.6785,none,0.6774,0.6649,status_source_conflict,status_source_conflict,reconcile_record,0.803
L000323,0.029927537853078796,0.02028782109496359,0.004301368719890882,0.8716559975152883,current,0.6659,none,0.6081,0.1149,status_source_conflict,status_source_conflict,reconcile_record,0.896
L000323,0.03573299873942693,0.01804785828069041,0.0034377537624168974,0.8659705860130806,current,0.5293,none,0.7121,0.1149,status_source_conflict,status_source_conflict,reconcile_record,0.893
L000323,0.03347486904226353,0.016345061636872743,0.00307786271335499,0.8904769020459568,current,0.6499,none,0.7733,0.6649,status_source_conflict,status_source_conflict,reconcile_record,0.903
L000323,0.006374536897232053,0.0015166883922371939,0.0005721714878922123,0.7195832096358471,prepaid,0.8079,none,0.6781,0.7759,prepaid_positive_balance; status_source_conflict,prepaid_positive_balance; status_source_conflict,escalate_human_review,0.823
L000324,0.4708733413458046,0.8062949430752796,0.9607590134167142,0.00016827098732425747,default,0.9498,none,0.6852,0.7639,outlier_remaining_term_months; status_source_conflict,outlier_remaining_term_months; status_source_conflict,escalate_human_review,0.69
L000324,0.4683216152279792,0.7994633885252361,0.9644107639262743,0.00015402475284269956,default,0.9498,none,0.6785,0.7639,outlier_remaining_term_months; status_source_conflict,outlier_remaining_term_months; status_source_conflict,escalate_human_review,0.69
L000324,0.47608060592278784,0.7993431630789156,0.9608878191813278,0.00017113373515563327,default,0.9313,none,0.5714,0.7639,outlier_remaining_term_months; status_source_conflict,outlier_remaining_term_months; status_source_conflict,escalate_human_review,0.686
L000324,0.4555466016988345,0.7990553016343762,0.962898957300304,0.0001546633371199027,default,0.9313,none,0.5685,0.7639,outlier_remaining_term_months; status_source_conflict,outlier_remaining_term_months; status_source_conflict,escalate_human_review,0.693
L000324,0.47063125793762156,0.7994633885252361,0.9644107639262743,0.00015402475284269956,default,0.9498,none,0.6785,0.7639,outlier_remaining_term_months; status_source_conflict,outlier_remaining_term_months; status_source_conflict,escalate_human_review,0.689
L000325,0.07377529421686073,0.06299108126310245,0.003553054968817092,0.01436618753183884,current,0.6493,none,0.8067,0.2139,outlier_remaining_term_months; status_source_conflict,outlier_remaining_term_months; status_source_conflict,reconcile_record,0.882
L000325,0.06472292602760711,0.0525961402012425,0.0035237542861152903,0.015795700915162067,current,0.7342,none,0.8277,0.2139,outlier_remaining_term_months; status_source_conflict,outlier_remaining_term_months; status_source_conflict,reconcile_record,0.888
L000325,0.04132552037774458,0.05218361175551054,0.0038436132269075774,0.017771190974731198,current,0.7295,none,0.8136,0.2139,outlier_remaining_term_months; status_source_conflict,outlier_remaining_term_months; status_source_conflict,reconcile_record,0.895
L000325,0.05126176564203111,0.05338266047501244,0.003389756090421206,0.011675824774659444,current,0.7382,none,0.6878,0.2139,outlier_remaining_term_months; status_source_conflict,outlier_remaining_term_months; status_source_conflict,reconcile_record,0.894
L000326,0.049716193921591094,0.06713440339934545,0.008776674236884932,0.057673695323590936,current,0.7531,none,0.7479,0.1149,status_source_conflict,status_source_conflict,reconcile_record,0.896
L000326,0.05757695785371919,0.07062415890159766,0.003964130130120293,0.04823090033902159,current,0.7483,none,0.7943,0.1149,status_source_conflict,status_source_conflict,reconcile_record,0.897
L000326,0.055714030055755426,0.11669722138140326,0.0041340310688389205,0.031642840348923514,current,0.7602,none,0.7799,0.1149,status_source_conflict,status_source_conflict,reconcile_record,0.887
L000326,0.05527935849945701,0.1221266242294472,0.004024122381589615,0.03059334533361564,current,0.7524,none,0.7727,0.1149,status_source_conflict,status_source_conflict,reconcile_record,0.886
L000326,0.06085502327488926,0.12990643719477044,0.0033008937355335256,0.05520161811825833,current,0.7495,none,0.7793,0.1149,status_source_conflict,status_source_conflict,reconcile_record,0.873
L000326,0.061576888092286806,0.1186085237559102,0.002762762899884933,0.06504050040878162,current,0.7304,none,0.7426,0.6649,status_source_conflict,status_source_conflict,reconcile_record,0.873
L000328,0.08780322749081683,0.12810406524941315,0.031424134233409604,0.21620200353874672,current,0.7725,none,0.7441,0.1149,status_source_conflict,status_source_conflict,reconcile_record,0.798
L000328,0.11097449979180192,0.11612054630126178,0.05823032636387815,0.2565479789454515,current,0.7225,none,0.6984,0.2139,outlier_paydown_rate; status_source_conflict,outlier_paydown_rate; status_source_conflict,reconcile_record,0.746
L000329,0.0103357190808794,0.003322638432560641,0.0008327814306573265,0.31047483139729676,prepaid,0.9662,source_conflict,0.8713,0.8299,prepaid_positive_balance; outlier_remaining_term_months; balance_source_conflict,prepaid_positive_balance; outlier_remaining_term_months; balance_source_conflict,escalate_human_review,0.757
L000329,0.011904769982735453,0.0034431617859696996,0.0006468145604718792,0.2701686273787712,prepaid,0.9613,source_conflict,0.86,0.8299,prepaid_positive_balance; outlier_remaining_term_months; balance_source_conflict,prepaid_positive_balance; outlier_remaining_term_months; balance_source_conflict,escalate_human_review,0.77
L000329,0.0103357190808794,0.003322638432560641,0.0008327814306573265,0.31047483139729676,prepaid,0.9662,source_conflict,0.8713,0.8299,prepaid_positive_balance; outlier_remaining_term_months; balance_source_conflict,prepaid_positive_balance; outlier_remaining_term_months; balance_source_conflict,escalate_human_review,0.757
L000329,0.010991465683622562,0.003322638432560641,0.0008327814306573265,0.26402534222401786,prepaid,0.9671,source_conflict,0.8704,0.8299,prepaid_positive_balance; outlier_remaining_term_months; balance_source_conflict,prepaid_positive_balance; outlier_remaining_term_months; balance_source_conflict,escalate_human_review,0.772
L000330,0.022720617113345196,0.03165500519589432,0.0020330524559529777,0.012606825127248778,current,0.705,none,0.8345,0.1149,status_source_conflict,status_source_conflict,reconcile_record,0.936
L000330,0.032980245897901085,0.05875155625508626,0.00262348606390665,0.04828559370633002,current,0.6993,none,0.8664,0.1149,status_source_conflict,status_source_conflict,reconcile_record,0.91
L000330,0.026120345423046056,0.03520496396129457,0.0020837610448867384,0.015170023699883427,current,0.6923,none,0.8453,0.1149,status_source_conflict,status_source_conflict,reconcile_record,0.933
L000330,0.030107290122714164,0.05749246871200397,0.0027026988953126867,0.04056709423486256,current,0.736,none,0.8616,0.1149,status_source_conflict,status_source_conflict,reconcile_record,0.915
L000331,0.1402809989840114,0.1553195345834749,0.003360039141857292,0.008567635103044901,current,0.6635,none,0.7893,0.1149,status_source_conflict,status_source_conflict,reconcile_record,0.852
L000331,0.09624402482207957,0.07696578027171104,0.0025590258894007192,0.018835937526597506,current,0.7088,none,0.8092,0.1149,status_source_conflict,status_source_conflict,reconcile_record,0.892
L000331,0.11704164553377154,0.13042764446698027,0.0028145651455507453,0.022090550752973535,current,0.6489,none,0.7794,0.1149,status_source_conflict,status_source_conflict,reconcile_record,0.865
L000331,0.08216966974490982,0.07472295519958201,0.002294788054141417,0.023267705043600942,current,0.6635,missing_docs,0.8711,0.1149,status_source_conflict,status_source_conflict,reconcile_record,0.896
L000332,0.010939518499929647,0.002398203316401912,0.0011930960704587517,0.34904973221685176,prepaid,0.9509,none,0.7532,0.2259,prepaid_positive_balance; status_source_conflict,prepaid_positive_balance; status_source_conflict,reconcile_record,0.797
L000332,0.01068557606683305,0.0024173665581308326,0.0011926917193653688,0.27627649072570515,prepaid,0.9467,none,0.7491,0.2259,prepaid_positive_balance; status_source_conflict,prepaid_positive_balance; status_source_conflict,reconcile_record,0.823
L000332,0.010167184773386526,0.0024795480829539404,0.0011928365614480908,0.37212153039510065,prepaid,0.951,none,0.7491,0.2259,prepaid_positive_balance; status_source_conflict,prepaid_positive_balance; status_source_conflict,reconcile_record,0.789
L000333,0.047610905031055584,0.060269707682292985,0.004209091701474211,0.028272799968873174,current,0.7122,none,0.7945,0.2139,outlier_remaining_term_months; status_source_conflict,outlier_remaining_term_months; status_source_conflict,reconcile_record,0.887
L000333,0.05222562747472317,0.13767086173491724,0.0033616882505023934,0.04394427056453858,current,0.6466,none,0.6198,0.2241,missing_core; outlier_remaining_term_months,missing_core; outlier_remaining_term_months,reconcile_record,0.843
L000333,0.04818586141248229,0.15067396790083862,0.005654774832302906,0.03134442793997446,current,0.6108,none,0.6164,0.2139,outlier_remaining_term_months; status_source_conflict,outlier_remaining_term_months; status_source_conflict,reconcile_record,0.853
L000334,0.09220351780377183,0.08826869221663947,0.008372065607849796,0.17258356155418322,current,0.8325,source_conflict,0.5046,0.1149,balance_source_conflict,balance_source_conflict,reconcile_record,0.833
L000334,0.10503178697868344,0.09379214112924539,0.00152487925023842,0.31040891780024243,current,0.8082,none,0.4917,0.1149,balance_source_conflict,balance_source_conflict,reconcile_record,0.782
L000334,0.08166468250580289,0.09429689402710545,0.001499411220576844,0.3326007564788705,current,0.8153,source_conflict,0.512,0.1149,balance_source_conflict,balance_source_conflict,reconcile_record,0.782
L000334,0.059388226260997316,0.11786783456815138,0.002584802786160918,0.3941718362755788,current,0.7987,source_conflict,0.5099,0.1149,balance_source_conflict,balance_source_conflict,reconcile_record,0.759
L000334,0.07146799518261347,0.1327376524138811,0.0029672493596531765,0.38317143996662645,current,0.7263,source_conflict,0.4395,0.1149,balance_source_conflict,balance_source_conflict,reconcile_record,0.754
L000335,0.020469069606981968,0.01851930725165395,0.0011509125534584995,0.9187362724406226,prepaid,0.7231,none,0.7749,0.7759,prepaid_positive_balance; status_source_conflict,prepaid_positive_balance; status_source_conflict,escalate_human_review,0.881
L000335,0.020469069606981968,0.01851930725165395,0.0011509125534584995,0.9187362724406226,prepaid,0.7231,none,0.7699,0.7759,prepaid_positive_balance; status_source_conflict,prepaid_positive_balance; status_source_conflict,escalate_human_review,0.881
L000335,0.01702849068229959,0.017615756758026065,0.001150825735702711,0.9178064253990433,prepaid,0.7288,none,0.761,0.7759,prepaid_positive_balance; status_source_conflict,prepaid_positive_balance; status_source_conflict,escalate_human_review,0.883
L000335,0.017352493201740374,0.017172133622415344,0.0014758916933965795,0.9131359425976965,prepaid,0.7332,none,0.7955,0.7759,prepaid_positive_balance; status_source_conflict,prepaid_positive_balance; status_source_conflict,escalate_human_review,0.881
L000335,0.01927252512863316,0.017950355927023213,0.0011522655227708329,0.9139621690078376,prepaid,0.7231,none,0.7699,0.7759,prepaid_positive_balance; status_source_conflict,prepaid_positive_balance; status_source_conflict,escalate_human_review,0.881
L000335,0.018346951305822763,0.017953403075360554,0.0011521787050150442,0.9178064253990433,prepaid,0.7277,none,0.765,0.7759,prepaid_positive_balance; status_source_conflict,prepaid_positive_balance; status_source_conflict,escalate_human_review,0.882
L000336,0.005145303568478852,0.002892497162456423,0.0014776639502407027,0.5754241466344285,prepaid,0.9075,none,0.7571,0.2259,prepaid_positive_balance; status_source_conflict,prepaid_positive_balance; status_source_conflict,reconcile_record,0.772
L000336,0.004504978596391806,0.0028339361790417437,0.0010935927554084114,0.602611966536554,prepaid,0.9109,missing_docs,0.856,0.2259,prepaid_positive_balance; status_source_conflict,prepaid_positive_balance; status_source_conflict,reconcile_record,0.782
L000336,0.004504978596391806,0.002723645985660894,0.0011362806875239175,0.6532409483049387,prepaid,0.9096,none,0.7426,0.2259,prepaid_positive_balance; status_source_conflict,prepaid_positive_balance; status_source_conflict,reconcile_record,0.799
L000336,0.0049764104321607374,0.0029189516169656183,0.0014723143849599083,0.5928565821646316,prepaid,0.9081,none,0.7362,0.2259,prepaid_positive_balance; status_source_conflict,prepaid_positive_balance; status_source_conflict,reconcile_record,0.778
L000337,0.21574686653264888,0.5381056420907071,0.9523530592620482,0.0010596635337331234,default,0.9403,none,0.5045,0.7939,outlier_remaining_term_months; balance_source_conflict; status_source_conflict,outlier_remaining_term_months; balance_source_conflict; status_source_conflict,escalate_human_review,0.652
L000337,0.21325670926904972,0.5529059070382168,0.9469830271334722,0.00124112626174837,default,0.9404,none,0.5041,0.7939,outlier_remaining_term_months; balance_source_conflict; status_source_conflict,outlier_remaining_term_months; balance_source_conflict; status_source_conflict,escalate_human_review,0.656
L000337,0.25271847980604045,0.5433653036276883,0.9523155611680486,0.0010728447955261344,default,0.9404,none,0.5136,0.7939,outlier_remaining_term_months; balance_source_conflict; status_source_conflict,outlier_remaining_term_months; balance_source_conflict; status_source_conflict,escalate_human_review,0.641
L000337,0.23653669580557848,0.547448262196888,0.9522647270648786,0.0010698012987943519,default,0.9404,none,0.5121,0.7939,outlier_remaining_term_months; balance_source_conflict; status_source_conflict,outlier_remaining_term_months; balance_source_conflict; status_source_conflict,escalate_human_review,0.648
L000337,0.25271847980604045,0.5433653036276883,0.9523155611680486,0.0010728447955261344,default,0.9404,none,0.5136,0.7939,outlier_remaining_term_months; balance_source_conflict; status_source_conflict,outlier_remaining_term_months; balance_source_conflict; status_source_conflict,escalate_human_review,0.641
L000338,0.03414767073303688,0.01735289057143594,0.007198025034708106,0.2174467176623546,current,0.7756,source_conflict,0.6111,0.2139,outlier_remaining_term_months; balance_source_conflict,outlier_remaining_term_months; balance_source_conflict,reconcile_record,0.839
L000338,0.027333568436480594,0.014885659618548435,0.004268177424028201,0.186100707367533,current,0.7914,source_conflict,0.6134,0.2139,outlier_remaining_term_months; balance_source_conflict,outlier_remaining_term_months; balance_source_conflict,reconcile_record,0.855
L000338,0.04258496624315248,0.014938556183436778,0.00438869797040159,0.17184381341232205,current,0.7801,source_conflict,0.6253,0.2139,outlier_remaining_term_months; balance_source_conflict,outlier_remaining_term_months; balance_source_conflict,reconcile_record,0.854
L000338,0.022761734471553014,0.011812678533399032,0.003634074986207956,0.17841795636619703,current,0.7893,source_conflict,0.5874,0.7639,outlier_remaining_term_months; balance_source_conflict,outlier_remaining_term_months; balance_source_conflict,escalate_human_review,0.86
L000339,0.14203698740503176,0.328980106975375,0.18479644025969208,0.0038206912586969117,90_dpd,0.4752,none,0.7933,0.7639,outlier_remaining_term_months; status_source_conflict,outlier_remaining_term_months; status_source_conflict,escalate_human_review,0.705
L000339,0.11832498448754365,0.31929610163510325,0.11733806869127177,0.004990728128687643,current,0.4046,none,0.7911,0.7999,dpd_status_break; outlier_remaining_term_months; status_source_conflict,dpd_status_break; outlier_remaining_term_months; status_source_conflict,escalate_human_review,0.704
L000339,0.12173595881910142,0.35254208895624967,0.2049141934479218,0.005522938833623879,90_dpd,0.303,none,0.8063,0.7639,outlier_remaining_term_months; status_source_conflict,outlier_remaining_term_months; status_source_conflict,escalate_human_review,0.697
L000339,0.06502987294309819,0.24239099377428897,0.06473772682640261,0.006611975385453915,current,0.6978,none,0.8084,0.2139,outlier_remaining_term_months; status_source_conflict,outlier_remaining_term_months; status_source_conflict,reconcile_record,0.804
L000340,0.02316392895154397,0.015167915228168636,0.001685009524714518,0.018542194917865327,current,0.8397,none,0.7173,0.1149,status_source_conflict,status_source_conflict,reconcile_record,0.94
L000340,0.02088446601595872,0.019205502459567352,0.0019415680704703573,0.02836625646060782,current,0.8255,none,0.7327,0.1149,status_source_conflict,status_source_conflict,reconcile_record,0.936
L000340,0.020388356989660867,0.01813597233855652,0.002335758842252393,0.05234698730983529,current,0.8109,none,0.7179,0.1149,status_source_conflict,status_source_conflict,reconcile_record,0.927
L000341,0.007131218605395087,0.0031483733818285123,0.0016466727111816189,0.5824275389751374,prepaid,0.8706,none,0.7394,0.8239,prepaid_positive_balance; outlier_remaining_term_months; outlier_paydown_rate,prepaid_positive_balance; outlier_remaining_term_months; outlier_paydown_rate,escalate_human_review,0.726
L000341,0.007220561281628399,0.002885799860133698,0.0016466727111816189,0.593798990048359,prepaid,0.8913,none,0.7444,0.7999,prepaid_positive_balance; outlier_remaining_term_months; status_source_conflict,prepaid_positive_balance; outlier_remaining_term_months; status_source_conflict,escalate_human_review,0.754
L000341,0.00717893214531747,0.0027824598385413125,0.0016168438612269003,0.6571779785405616,prepaid,0.8911,none,0.7519,0.7999,prepaid_positive_balance; outlier_remaining_term_months; status_source_conflict,prepaid_positive_balance; outlier_remaining_term_months; status_source_conflict,escalate_human_review,0.776
L000342,0.07065686334132594,0.3930546143427536,0.0055812468302826,0.008543212415142389,current,0.7436,none,0.7952,0.1149,status_source_conflict,status_source_conflict,reconcile_record,0.793
L000342,0.07930460940474013,0.42712008530338147,0.0037207892281379026,0.008093387640187619,current,0.4728,none,0.7887,0.2349,dpd_impossible; status_source_conflict,dpd_impossible; status_source_conflict,reconcile_record,0.734
L000342,0.10006123943209862,0.23415631188717154,0.008352081076702182,0.006265059590775463,90_dpd,0.3737,none,0.6899,0.6649,status_source_conflict,status_source_conflict,reconcile_record,0.838
L000342,0.027487330884903335,0.1289524575622251,0.0022785157290149244,0.008241668608218107,current,0.7476,missing_docs,0.8561,0.1149,status_source_conflict,status_source_conflict,reconcile_record,0.902
L000343,0.008338799710155635,0.0023047426404967206,0.0006783240174104712,0.1121973739249054,prepaid,0.9537,none,0.7463,0.7759,prepaid_positive_balance; balance_source_conflict,prepaid_positive_balance; balance_source_conflict,escalate_human_review,0.881
L000343,0.010123026543859853,0.002313553022416007,0.0006785997405147422,0.1870760479749122,prepaid,0.954,none,0.7338,0.2259,prepaid_positive_balance; balance_source_conflict,prepaid_positive_balance; balance_source_conflict,reconcile_record,0.854
L000343,0.009480734882365628,0.0023619495327004865,0.0006783240174104712,0.11989853737417579,prepaid,0.951,none,0.7118,0.2259,prepaid_positive_balance; balance_source_conflict,prepaid_positive_balance; balance_source_conflict,reconcile_record,0.878
L000343,0.008627937383755594,0.0024182636995638,0.0006771291139562923,0.17799915382079246,prepaid,0.9544,none,0.6874,0.2259,prepaid_positive_balance; balance_source_conflict,prepaid_positive_balance; balance_source_conflict,reconcile_record,0.858
L000344,0.04621432993977432,0.07166742268677705,0.06654478723565416,0.4704117709111573,current,0.4273,none,0.655,0.7999,dpd_status_break; outlier_remaining_term_months; status_source_conflict,dpd_status_break; outlier_remaining_term_months; status_source_conflict,escalate_human_review,0.671
L000344,0.0328561188251404,0.05840965953276341,0.04834730373251342,0.5668829967015454,current,0.6908,none,0.6814,0.7639,outlier_remaining_term_months; status_source_conflict,outlier_remaining_term_months; status_source_conflict,escalate_human_review,0.736
L000344,0.05674306149642535,0.08402424267099896,0.12446737335009651,0.575378884545132,current,0.5308,none,0.667,0.7639,outlier_remaining_term_months; status_source_conflict,outlier_remaining_term_months; status_source_conflict,escalate_human_review,0.695
L000344,0.035060674416763304,0.08816787234696218,0.0964119168224944,0.5625938470024647,current,0.6682,none,0.6799,0.7639,outlier_remaining_term_months; status_source_conflict,outlier_remaining_term_months; status_source_conflict,escalate_human_review,0.706
L000345,0.09624697422897953,0.1034533839997081,0.002135459684428664,0.03143673073272895,90_dpd,0.5163,source_conflict,0.5178,0.7699,balance_source_conflict; status_source_conflict,balance_source_conflict; status_source_conflict,escalate_human_review,0.848
L000345,0.05523909007550523,0.10186374118886553,0.0011986891167849179,0.03394530828741079,current,0.8058,source_conflict,0.5187,0.2199,balance_source_conflict; status_source_conflict,balance_source_conflict; status_source_conflict,reconcile_record,0.863
L000345,0.06102388734988245,0.10739159577678409,0.0006951848297047552,0.07518335354729139,current,0.7928,source_conflict,0.5084,0.2199,balance_source_conflict; status_source_conflict,balance_source_conflict; status_source_conflict,reconcile_record,0.845
L000345,0.07091815858526633,0.17643862727209245,0.0011531621742584353,0.039125717511615116,current,0.7677,source_conflict,0.5452,0.2199,balance_source_conflict; status_source_conflict,balance_source_conflict; status_source_conflict,reconcile_record,0.829
L000348,0.3811877523047107,0.5236889354296679,0.9023832427373342,0.0010941021082903752,default,0.9662,none,0.6433,0.7639,outlier_remaining_term_months; status_source_conflict,outlier_remaining_term_months; status_source_conflict,escalate_human_review,0.602
L000348,0.35247079209443566,0.4523506310708218,0.9212983379347944,0.001421022785371627,default,0.9617,none,0.6407,0.7639,outlier_remaining_term_months; status_source_conflict,outlier_remaining_term_months; status_source_conflict,escalate_human_review,0.627
L000349,0.0078952769387523,0.001996579421595476,0.0004534765002191046,0.7068795988373728,prepaid,0.9426,none,0.7313,0.2259,prepaid_positive_balance; status_source_conflict,prepaid_positive_balance; status_source_conflict,reconcile_record,0.818
L000349,0.007991687156575679,0.002052932445934264,0.00044021745229770896,0.6722802807919672,prepaid,0.9335,none,0.6153,0.2259,prepaid_positive_balance; status_source_conflict,prepaid_positive_balance; status_source_conflict,reconcile_record,0.806
L000349,0.006538976198856748,0.0019819832050959577,0.000439166913498086,0.7513625064408308,prepaid,0.9471,none,0.7368,0.2259,prepaid_positive_balance; status_source_conflict,prepaid_positive_balance; status_source_conflict,reconcile_record,0.834
L000350,0.1871895190857332,0.20030957947252567,0.03230431856780023,0.1893042841839467,current,0.7412,none,0.7745,0.2139,outlier_remaining_term_months; status_source_conflict,outlier_remaining_term_months; status_source_conflict,reconcile_record,0.723
L000350,0.11866344934957689,0.1465543443748065,0.03341286078000136,0.23388101616041435,current,0.7398,none,0.7692,0.2139,outlier_remaining_term_months; status_source_conflict,outlier_remaining_term_months; status_source_conflict,reconcile_record,0.75
L000351,0.15869650298756835,0.2824453089425614,0.028130180094113746,0.0006537506623561693,current,0.6679,none,0.7745,0.2139,outlier_remaining_term_months; status_source_conflict,outlier_remaining_term_months; status_source_conflict,reconcile_record,0.772
L000351,0.09930845226309964,0.320861770649163,0.025170184199323098,0.0005393722319619212,current,0.6454,none,0.7767,0.2139,outlier_remaining_term_months; status_source_conflict,outlier_remaining_term_months; status_source_conflict,reconcile_record,0.78
L000351,0.09865093591056066,0.30196139311030484,0.02066983591165655,0.000730144651747972,current,0.6541,none,0.7626,0.2139,outlier_remaining_term_months; status_source_conflict,outlier_remaining_term_months; status_source_conflict,reconcile_record,0.788
L000352,0.018399572623696764,0.006362862064579977,0.0013972694016403603,0.10161751078073829,current,0.6855,none,0.6894,0.2139,outlier_remaining_term_months; status_source_conflict,outlier_remaining_term_months; status_source_conflict,reconcile_record,0.891
L000352,0.010826934085889701,0.005427713839040585,0.0017768246031330606,0.10587327300420969,current,0.7401,none,0.7928,0.2139,outlier_remaining_term_months; status_source_conflict,outlier_remaining_term_months; status_source_conflict,reconcile_record,0.893
L000352,0.014324698591459161,0.009628096915785126,0.0016412702551989978,0.10766361650223515,current,0.7163,none,0.7758,0.2139,outlier_remaining_term_months; status_source_conflict,outlier_remaining_term_months; status_source_conflict,reconcile_record,0.889
L000352,0.013008401653474952,0.006231261619699841,0.0012567725902486524,0.08511809294844519,current,0.6999,none,0.7826,0.7639,outlier_remaining_term_months; status_source_conflict,outlier_remaining_term_months; status_source_conflict,escalate_human_review,0.899
L000353,0.012892324079344123,0.005400742056767448,0.001300510344271543,0.5973989007859443,prepaid,0.9921,source_conflict,0.7159,0.2259,prepaid_positive_balance; balance_source_conflict,prepaid_positive_balance; balance_source_conflict,reconcile_record,0.776
L000353,0.012227766923194395,0.004387624901694272,0.0012728558366147447,0.5287860839590711,prepaid,0.9964,source_conflict,0.7099,0.2259,prepaid_positive_balance; balance_source_conflict,prepaid_positive_balance; balance_source_conflict,reconcile_record,0.753
L000354,0.17553024904634348,0.18972768249439995,0.0015079818882895064,0.013235331611686031,current,0.6399,none,0.6393,0.6649,status_source_conflict,status_source_conflict,reconcile_record,0.827
L000354,0.12164897574088324,0.08705048167132723,0.0022440317044982593,0.013170083325732801,current,0.4951,none,0.6451,0.6649,status_source_conflict,status_source_conflict,reconcile_record,0.882
L000354,0.16649358101999967,0.11813255120995562,0.0017673926205166665,0.012141400455411004,current,0.6467,none,0.5166,0.6649,status_source_conflict,status_source_conflict,reconcile_record,0.856
L000354,0.15844758611221926,0.13330633498245095,0.001611674083559937,0.01146175993324855,current,0.6337,none,0.6295,0.6649,status_source_conflict,status_source_conflict,reconcile_record,0.854
L000354,0.12893177884685694,0.09029315926369046,0.004361526573800428,0.012608010565977485,current,0.6139,none,0.5206,0.7639,outlier_paydown_rate; status_source_conflict,outlier_paydown_rate; status_source_conflict,escalate_human_review,0.853
L000356,0.007021569960170913,0.003514950234355355,0.0008068262106391398,0.713730750916297,prepaid,0.9445,none,0.6942,0.2259,prepaid_positive_balance; status_source_conflict,prepaid_positive_balance; status_source_conflict,reconcile_record,0.82
L000356,0.005335153108381482,0.003663596575790314,0.0005720711153668552,0.7364047730619285,prepaid,0.9463,none,0.6884,0.2259,prepaid_positive_balance; status_source_conflict,prepaid_positive_balance; status_source_conflict,reconcile_record,0.828
L000356,0.005870991669581276,0.00371922850774065,0.0005711165539761576,0.7309047007192905,prepaid,0.9463,none,0.6867,0.2259,prepaid_positive_balance; status_source_conflict,prepaid_positive_balance; status_source_conflict,reconcile_record,0.826
L000356,0.0071540655850998525,0.0037082592715347393,0.0005921182494558998,0.7295449457110731,prepaid,0.9454,none,0.7025,0.2259,prepaid_positive_balance; status_source_conflict,prepaid_positive_balance; status_source_conflict,reconcile_record,0.825
L000357,0.01864417237736889,0.01510940591928416,0.001653457686880143,0.04213542429732533,current,0.7468,none,0.7755,0.1149,status_source_conflict,status_source_conflict,reconcile_record,0.933
L000357,0.014978262568288483,0.008357293503963662,0.0016965483849183784,0.05088115938671023,current,0.7731,none,0.7811,0.1149,status_source_conflict,status_source_conflict,reconcile_record,0.933
L000358,0.009728076458997896,0.0056727667879966,0.0011736302292844,0.5495712638417619,prepaid,0.9787,none,0.8919,0.2259,prepaid_positive_balance; status_source_conflict,prepaid_positive_balance; status_source_conflict,reconcile_record,0.76
L000358,0.011288600452011533,0.0057956291722911085,0.00131738144431505,0.5551842384074613,prepaid,0.9833,none,0.8959,0.2259,prepaid_positive_balance; status_source_conflict,prepaid_positive_balance; status_source_conflict,reconcile_record,0.762
L000358,0.011608200056047416,0.005738856646541206,0.00131738144431505,0.5551842384074613,prepaid,0.9833,none,0.8959,0.2259,prepaid_positive_balance; status_source_conflict,prepaid_positive_balance; status_source_conflict,reconcile_record,0.762
L000359,0.12599921575097126,0.25483061460781437,0.0038313337873755824,0.012351839138186297,current,0.5844,none,0.6718,0.2139,outlier_remaining_term_months; status_source_conflict,outlier_remaining_term_months; status_source_conflict,reconcile_record,0.797
L000359,0.13589158723858688,0.27946341933868024,0.004210201603960066,0.012873716435899964,current,0.6857,none,0.7215,0.2139,outlier_remaining_term_months; status_source_conflict,outlier_remaining_term_months; status_source_conflict,reconcile_record,0.785
L000359,0.12076484033539403,0.26712883542197957,0.0062210340700442485,0.01007039437712387,current,0.6851,none,0.7171,0.2139,outlier_remaining_term_months; status_source_conflict,outlier_remaining_term_months; status_source_conflict,reconcile_record,0.795
L000359,0.1493438637047164,0.28234860717440946,0.0072181915816901705,0.012214264711356905,current,0.6802,none,0.7193,0.2139,outlier_remaining_term_months; status_source_conflict,outlier_remaining_term_months; status_source_conflict,reconcile_record,0.778
L000360,0.10227569058040907,0.13037880069572588,0.003981023629680505,0.018434717947828697,current,0.7397,none,0.5843,0.1149,balance_source_conflict,balance_source_conflict,reconcile_record,0.87
L000360,0.1638177368581608,0.19235191386945147,0.010335553386739393,0.017436137672783677,current,0.4841,none,0.5856,0.7759,dpd_status_break; balance_source_conflict,dpd_status_break; balance_source_conflict,escalate_human_review,0.79
L000360,0.08503408063937595,0.11266512520786924,0.0035978088962060673,0.03118528490295097,current,0.6538,none,0.547,0.1149,balance_source_conflict,balance_source_conflict,reconcile_record,0.879
L000361,0.007760778490624485,0.0053367919725137505,0.004456737487622465,0.9266337161506155,prepaid,0.9302,none,0.7745,0.2499,prepaid_positive_balance; outlier_remaining_term_months; status_source_conflict,prepaid_positive_balance; outlier_remaining_term_months; status_source_conflict,reconcile_record,0.869
L000361,0.007993462131568164,0.005486810020106265,0.004409070671736028,0.9260181637407392,prepaid,0.9158,none,0.6899,0.2499,prepaid_positive_balance; outlier_remaining_term_months; status_source_conflict,prepaid_positive_balance; outlier_remaining_term_months; status_source_conflict,reconcile_record,0.868
L000361,0.007483516780924263,0.004910062788029686,0.004373583027439709,0.9222946092103573,prepaid,0.9344,none,0.7684,0.2499,prepaid_positive_balance; outlier_remaining_term_months; status_source_conflict,prepaid_positive_balance; outlier_remaining_term_months; status_source_conflict,reconcile_record,0.867
L000361,0.007365053389767391,0.0047198968356482575,0.004379663855167222,0.919007134135061,prepaid,0.9347,none,0.7743,0.2499,prepaid_positive_balance; outlier_remaining_term_months; status_source_conflict,prepaid_positive_balance; outlier_remaining_term_months; status_source_conflict,reconcile_record,0.866
L000362,0.1856429391034924,0.5504288320870042,0.10348679918484471,0.451706129684293,60_dpd,0.3685,none,0.8127,0.6649,status_source_conflict,status_source_conflict,reconcile_record,0.544
L000362,0.059081855723351534,0.34694027580106507,0.030998418574673097,0.46928383407450486,current,0.7311,none,0.8426,0.1149,status_source_conflict,status_source_conflict,reconcile_record,0.643
L000362,0.20054303851233246,0.5935223139638635,0.3200287411965502,0.3540747976151848,60_dpd,0.3804,data_break,0.7316,0.8329,negative_balance; outlier_balance_ratio; outlier_paydown_rate,negative_balance; outlier_balance_ratio; outlier_paydown_rate,escalate_human_review,0.418
L000362,0.034929479607088504,0.20281021542190036,0.03013017366342845,0.33966584686712925,current,0.7032,none,0.6169,0.2139,outlier_paydown_rate; status_source_conflict,outlier_paydown_rate; status_source_conflict,reconcile_record,0.723
L000362,0.062310976777506306,0.29109565090397177,0.044220492441427305,0.45869573859304985,current,0.6906,none,0.8676,0.1149,status_source_conflict,status_source_conflict,reconcile_record,0.66
L000362,0.00907674446073282,0.0048623699243292825,0.0011693601131884167,0.43345318425838947,prepaid,0.8373,none,0.7869,0.2259,prepaid_positive_balance; status_source_conflict,prepaid_positive_balance; status_source_conflict,reconcile_record,0.767
L000363,0.013623091917769906,0.005314032762681543,0.0006110635148183319,0.6818612162722925,prepaid,0.9558,none,0.8716,0.2259,prepaid_positive_balance; status_source_conflict,prepaid_positive_balance; status_source_conflict,reconcile_record,0.806
L000363,0.013213043162750687,0.0055533065226204235,0.0008729481504651423,0.6745053948385774,prepaid,0.9345,none,0.8789,0.2259,prepaid_positive_balance; status_source_conflict,prepaid_positive_balance; status_source_conflict,reconcile_record,0.803
L000363,0.013937983739262519,0.005583891865638804,0.0006110635148183319,0.6660998679222154,prepaid,0.9576,none,0.8692,0.2259,prepaid_positive_balance; status_source_conflict,prepaid_positive_balance; status_source_conflict,reconcile_record,0.8
L000363,0.013117309867880811,0.0046261037672978,0.0006126904387317272,0.6513449197969988,prepaid,0.9355,missing_docs,0.8573,0.2259,prepaid_positive_balance; status_source_conflict,prepaid_positive_balance; status_source_conflict,reconcile_record,0.795
L000363,0.012434860378608886,0.004720666336098561,0.000645272034234389,0.7101606268294723,prepaid,0.9543,none,0.8834,0.2259,prepaid_positive_balance; status_source_conflict,prepaid_positive_balance; status_source_conflict,reconcile_record,0.816
L000365,0.01020960119309443,0.0033286652244893817,0.000347806958859443,0.265226670196409,prepaid,0.9969,none,0.7827,0.2259,prepaid_positive_balance; status_source_conflict,prepaid_positive_balance; status_source_conflict,reconcile_record,0.826
L000365,0.010258400063293312,0.003154094252133706,0.0003384744594122854,0.3104777249659361,prepaid,0.9968,none,0.7834,0.2259,prepaid_positive_balance; status_source_conflict,prepaid_positive_balance; status_source_conflict,reconcile_record,0.811
L000366,0.10942700874875759,0.06652930532199508,0.0006678189050863655,0.01647392079774571,current,0.6784,source_conflict,0.5198,0.1149,balance_source_conflict,balance_source_conflict,reconcile_record,0.892
L000366,0.09302423430282956,0.04884463716110013,0.0005348537335251687,0.019023013881009927,current,0.7024,source_conflict,0.5354,0.2199,balance_source_conflict; status_source_conflict,balance_source_conflict; status_source_conflict,reconcile_record,0.873
L000366,0.09714132347118713,0.05290234191911022,0.0006616726284321084,0.01806764108578531,current,0.6977,source_conflict,0.4971,0.1149,balance_source_conflict,balance_source_conflict,reconcile_record,0.901
L000367,0.009794257851205527,0.0028260954152143102,0.0010436619670878826,0.4918712857121866,prepaid,0.9812,none,0.8433,0.2499,prepaid_positive_balance; outlier_remaining_term_months; status_source_conflict,prepaid_positive_balance; outlier_remaining_term_months; status_source_conflict,reconcile_record,0.723
L000368,0.07358976275072045,0.15954694799243369,0.027752378601752312,0.000920246268886397,default,0.9602,none,0.5858,0.6649,status_source_conflict,status_source_conflict,reconcile_record,0.868
L000368,0.07882680687098625,0.16165998296150394,0.02775754239895673,0.0009385563718411707,default,0.9602,none,0.5906,0.6649,status_source_conflict,status_source_conflict,reconcile_record,0.866
L000368,0.06946443526849595,0.17187024447183763,0.027892263445762455,0.0010488578171515526,default,0.9602,none,0.5659,0.6649,status_source_conflict,status_source_conflict,reconcile_record,0.866
L000368,0.05958429984608673,0.09776931685501915,0.012918343064879585,0.0018062397353271838,default,0.9625,none,0.5828,0.6649,status_source_conflict,status_source_conflict,reconcile_record,0.9
L000369,0.04931778075705793,0.06057982851802265,0.00496933925498458,0.049431503174111935,current,0.77,none,0.7711,0.2139,outlier_remaining_term_months; status_source_conflict,outlier_remaining_term_months; status_source_conflict,reconcile_record,0.879
L000371,0.009349603726900182,0.003918808017776614,0.00022855364315432268,0.5770433942527795,prepaid,0.9502,none,0.6534,0.7999,prepaid_positive_balance; outlier_remaining_term_months; status_source_conflict,prepaid_positive_balance; outlier_remaining_term_months; status_source_conflict,escalate_human_review,0.748
L000371,0.008482161840430623,0.0038028055669328703,0.00023606902369978548,0.5408393952293596,prepaid,0.9414,none,0.6469,0.7999,prepaid_positive_balance; outlier_remaining_term_months; status_source_conflict,prepaid_positive_balance; outlier_remaining_term_months; status_source_conflict,escalate_human_review,0.735
L000371,0.00858619586201381,0.0031539509619010163,0.00022830106101838173,0.5384966196340719,prepaid,0.9459,none,0.6405,0.2499,prepaid_positive_balance; outlier_remaining_term_months; status_source_conflict,prepaid_positive_balance; outlier_remaining_term_months; status_source_conflict,reconcile_record,0.734
L000371,0.008890843568827364,0.0034575949006804877,0.0002614265070091408,0.5471765153777981,prepaid,0.9491,none,0.6441,0.2499,prepaid_positive_balance; outlier_remaining_term_months; status_source_conflict,prepaid_positive_balance; outlier_remaining_term_months; status_source_conflict,reconcile_record,0.737
L000371,0.008834654070153498,0.0031963163723515366,0.00025171715136685003,0.5417032398185277,prepaid,0.9446,none,0.6301,0.2499,prepaid_positive_balance; outlier_remaining_term_months; status_source_conflict,prepaid_positive_balance; outlier_remaining_term_months; status_source_conflict,reconcile_record,0.736
L000372,0.08315993418557034,0.11386609891657483,0.01873919210237805,0.01087610692216681,current,0.7656,none,0.8477,0.1149,status_source_conflict,status_source_conflict,reconcile_record,0.881
L000372,0.06416111099142478,0.11603607606625455,0.03498806958355962,0.01452279350225437,current,0.731,none,0.8408,0.1149,status_source_conflict,status_source_conflict,reconcile_record,0.88
L000372,0.08088269552325479,0.13711787975463194,0.02454569869313448,0.011767017719763467,current,0.727,none,0.832,0.1149,status_source_conflict,status_source_conflict,reconcile_record,0.871
L000374,0.08165202177875792,0.18177803631857536,0.0033651589976686803,0.017172619486906758,90_dpd,0.3362,none,0.7902,0.6649,status_source_conflict,status_source_conflict,reconcile_record,0.861
L000374,0.02436224569690996,0.09843025443835544,0.001630554837857806,0.0923376778886945,current,0.7415,none,0.8076,0.1149,status_source_conflict,status_source_conflict,reconcile_record,0.884
L000374,0.0560756314590116,0.11442413610003048,0.002416687393751498,0.11618466603027033,current,0.7345,none,0.8114,0.1149,status_source_conflict,status_source_conflict,reconcile_record,0.859
L000374,0.06061547494727706,0.17950204852147447,0.0024105380301832477,0.12459569650151069,current,0.7503,none,0.8119,0.1149,status_source_conflict,status_source_conflict,reconcile_record,0.831
L000374,0.05322105631717921,0.2205067729510529,0.0024105380301832477,0.10451976086572777,current,0.7615,none,0.8187,0.1149,status_source_conflict,status_source_conflict,reconcile_record,0.827
L000375,0.1883954694963169,0.13162786536314983,0.014477834890955612,0.001468206306913374,current,0.7015,none,0.6523,0.1149,status_source_conflict,status_source_conflict,reconcile_record,0.842
L000375,0.17473259939852345,0.10324829322192446,0.006815437553671516,0.0015827219146134243,current,0.7337,none,0.7923,0.1149,status_source_conflict,status_source_conflict,reconcile_record,0.86
L000377,0.24679720306884864,0.3145725729168132,0.008025716397771361,0.04181668054205926,current,0.6348,none,0.8615,0.7639,outlier_remaining_term_months; status_source_conflict,outlier_remaining_term_months; status_source_conflict,escalate_human_review,0.722
L000377,0.15778378609387225,0.38410643740078815,0.007813604476905956,0.07166841994046738,current,0.6507,none,0.8465,0.7639,outlier_remaining_term_months; status_source_conflict,outlier_remaining_term_months; status_source_conflict,escalate_human_review,0.718
L000377,0.1368864952357446,0.3696627397483161,0.007745277631141165,0.056538188575049886,current,0.6407,none,0.836,0.7639,outlier_remaining_term_months; status_source_conflict,outlier_remaining_term_months; status_source_conflict,escalate_human_review,0.737
L000377,0.19036562305534052,0.37585148871634094,0.007364148775964782,0.04864602811529762,current,0.6372,none,0.8378,0.7639,outlier_remaining_term_months; status_source_conflict,outlier_remaining_term_months; status_source_conflict,escalate_human_review,0.718
L000377,0.18267119314870242,0.39818201388865165,0.008488452725902889,0.04613586590087102,current,0.6315,none,0.84,0.7639,outlier_remaining_term_months; status_source_conflict,outlier_remaining_term_months; status_source_conflict,escalate_human_review,0.714
L000379,0.2345078478235124,0.08403245714082103,0.3319610820957268,0.0030967154705618797,default,0.9539,none,0.7565,0.7639,outlier_remaining_term_months; status_source_conflict,outlier_remaining_term_months; status_source_conflict,escalate_human_review,0.707
L000379,0.22566022505681457,0.10786718159288006,0.34904207535391735,0.003179071966266349,default,0.954,none,0.7583,0.7639,outlier_remaining_term_months; status_source_conflict,outlier_remaining_term_months; status_source_conflict,escalate_human_review,0.696
L000379,0.24593288748083852,0.08219994195383613,0.34134893290980456,0.0030930843308007764,default,0.9494,none,0.7582,0.7639,outlier_remaining_term_months; status_source_conflict,outlier_remaining_term_months; status_source_conflict,escalate_human_review,0.701
L000379,0.22566022505681457,0.10786718159288006,0.34904207535391735,0.003179071966266349,default,0.954,none,0.7583,0.7639,outlier_remaining_term_months; status_source_conflict,outlier_remaining_term_months; status_source_conflict,escalate_human_review,0.696
L000380,0.04782624815414017,0.18229206322383118,0.002466046049671273,0.030165373207307545,current,0.6541,none,0.4403,0.1149,balance_source_conflict,balance_source_conflict,reconcile_record,0.868
L000380,0.0695496675046967,0.1767900014372593,0.00474890551941812,0.05115451527617195,current,0.5149,none,0.4497,0.2139,outlier_paydown_rate; balance_source_conflict,outlier_paydown_rate; balance_source_conflict,reconcile_record,0.83
L000380,0.062209787143920364,0.1562368049412648,0.014552187927018552,0.017812592894385814,current,0.6248,none,0.4933,0.2139,outlier_paydown_rate; balance_source_conflict,outlier_paydown_rate; balance_source_conflict,reconcile_record,0.849
L000380,0.047325491125581244,0.15087835579298514,0.004984414495523089,0.018501260362975117,current,0.6652,source_conflict,0.4823,0.1149,balance_source_conflict,balance_source_conflict,reconcile_record,0.882
L000380,0.04916941732418443,0.14737705539545543,0.005021072227783939,0.018193911932858197,current,0.644,none,0.4307,0.1149,balance_source_conflict,balance_source_conflict,reconcile_record,0.883
L000380,0.06705863958129395,0.14685560707418222,0.008638812636875316,0.017573082096110946,current,0.6393,none,0.4838,0.1149,balance_source_conflict,balance_source_conflict,reconcile_record,0.876
L000381,0.07389072055320231,0.06909195044536504,0.11136792704335925,0.4028945719441526,current,0.7153,none,0.8532,0.2139,outlier_remaining_term_months; status_source_conflict,outlier_remaining_term_months; status_source_conflict,reconcile_record,0.706
L000381,0.007263142524261961,0.004099836030988642,0.0007839772023413874,0.7459625707376354,prepaid,0.6593,none,0.8432,0.2499,prepaid_positive_balance; outlier_remaining_term_months; status_source_conflict,prepaid_positive_balance; outlier_remaining_term_months; status_source_conflict,reconcile_record,0.807
L000381,0.006977815848998945,0.003350776588225416,0.0007037772167045427,0.6187286576552847,prepaid,0.8162,none,0.8017,0.2499,prepaid_positive_balance; outlier_remaining_term_months; status_source_conflict,prepaid_positive_balance; outlier_remaining_term_months; status_source_conflict,reconcile_record,0.763
L000382,0.011738638072731475,0.002078331010618882,0.0009923981183185251,0.92413672477495,prepaid,0.948,none,0.6961,0.7999,prepaid_positive_balance; outlier_remaining_term_months; status_source_conflict,prepaid_positive_balance; outlier_remaining_term_months; status_source_conflict,escalate_human_review,0.869
L000382,0.011660694532896422,0.002038836761207605,0.0019048804650219975,0.92413672477495,prepaid,0.9434,none,0.6961,0.7999,prepaid_positive_balance; outlier_remaining_term_months; status_source_conflict,prepaid_positive_balance; outlier_remaining_term_months; status_source_conflict,escalate_human_review,0.868
L000382,0.011660694532896422,0.002038836761207605,0.0019048804650219975,0.92413672477495,prepaid,0.937,none,0.6961,0.7999,prepaid_positive_balance; outlier_remaining_term_months; status_source_conflict,prepaid_positive_balance; outlier_remaining_term_months; status_source_conflict,escalate_human_review,0.868
L000382,0.011884547253779068,0.002057286446165976,0.0019057701349302228,0.9161777698780152,prepaid,0.9329,missing_docs,0.8403,0.7999,prepaid_positive_balance; outlier_remaining_term_months; status_source_conflict,prepaid_positive_balance; outlier_remaining_term_months; status_source_conflict,escalate_human_review,0.865
L000383,0.00801476991751189,0.004042230491368578,0.00028891352662358563,0.3608331724006855,prepaid,0.9938,none,0.8508,0.2259,prepaid_positive_balance; status_source_conflict,prepaid_positive_balance; status_source_conflict,reconcile_record,0.793
L000383,0.008200324196017635,0.003451606198402688,0.00032755056496024706,0.3759722292539605,prepaid,0.9937,none,0.835,0.2259,prepaid_positive_balance; status_source_conflict,prepaid_positive_balance; status_source_conflict,reconcile_record,0.788
L000383,0.0076538211608495514,0.003529458168455691,0.00032909974410392557,0.40740131125881723,prepaid,0.9937,none,0.8283,0.2259,prepaid_positive_balance; status_source_conflict,prepaid_positive_balance; status_source_conflict,reconcile_record,0.778
L000384,0.007650471292857286,0.002515072712120072,0.0006515330414216374,0.8390871694678085,prepaid,0.9246,none,0.8783,0.7999,prepaid_positive_balance; outlier_remaining_term_months; status_source_conflict,prepaid_positive_balance; outlier_remaining_term_months; status_source_conflict,escalate_human_review,0.84
L000384,0.0083523789185122,0.002338055787757892,0.0006517825907750417,0.848311210498513,prepaid,0.9303,none,0.8722,0.7999,prepaid_positive_balance; outlier_remaining_term_months; status_source_conflict,prepaid_positive_balance; outlier_remaining_term_months; status_source_conflict,escalate_human_review,0.843
L000387,0.030945107582577836,0.03396229852585037,0.0009557270109272842,0.14684545922036107,current,0.7509,none,0.768,0.1149,status_source_conflict,status_source_conflict,reconcile_record,0.886
L000387,0.027096043276330764,0.03157388881992009,0.0006620543800587215,0.17119052013319977,current,0.7409,none,0.7736,0.1149,status_source_conflict,status_source_conflict,reconcile_record,0.88
L000387,0.029512618877992298,0.031356210350618745,0.000763431150848122,0.22977671631857863,current,0.6775,none,0.5899,0.1149,status_source_conflict,status_source_conflict,reconcile_record,0.858
L000387,0.04770393119632252,0.11583800175654728,0.0006799589883433872,0.057860235292704044,current,0.7058,none,0.7535,0.1149,status_source_conflict,status_source_conflict,reconcile_record,0.882
L000388,0.17255429389789734,0.07181785683561163,0.0022043496860560713,0.3990738935812012,current,0.7137,none,0.6603,0.7879,outlier_remaining_term_months; outlier_paydown_rate; status_source_conflict,outlier_remaining_term_months; outlier_paydown_rate; status_source_conflict,escalate_human_review,0.686
L000388,0.12973735673451656,0.051292742042847235,0.002190251854901771,0.3861176286176657,current,0.7003,none,0.6715,0.7639,outlier_remaining_term_months; status_source_conflict,outlier_remaining_term_months; status_source_conflict,escalate_human_review,0.737
L000388,0.07642035498568231,0.044264403995805064,0.002780513071382785,0.6347266323346124,current,0.6928,none,0.6424,0.7879,outlier_remaining_term_months; outlier_paydown_rate; status_source_conflict,outlier_remaining_term_months; outlier_paydown_rate; status_source_conflict,escalate_human_review,0.741
L000388,0.1050919477261762,0.04923757420419817,0.002437812757805404,0.34025180741505245,current,0.6997,none,0.5563,0.2379,outlier_remaining_term_months; outlier_paydown_rate; status_source_conflict,outlier_remaining_term_months; outlier_paydown_rate; status_source_conflict,reconcile_record,0.738
L000388,0.0972171314956643,0.05040619777566907,0.0018600632600136446,0.38782123478582947,current,0.681,none,0.682,0.2139,outlier_remaining_term_months; status_source_conflict,outlier_remaining_term_months; status_source_conflict,reconcile_record,0.748
L000390,0.03712688958639289,0.04049559999778261,0.0029631324128148243,0.7729150076001003,current,0.6903,none,0.7801,0.1149,status_source_conflict,status_source_conflict,reconcile_record,0.852
L000390,0.03089550120751035,0.03460101278507408,0.002093133920299327,0.7756167596849779,current,0.6652,none,0.633,0.1149,status_source_conflict,status_source_conflict,reconcile_record,0.858
L000390,0.0075686479209953065,0.0018151229808775135,0.0005018730215871717,0.8596773929468485,prepaid,0.7636,none,0.7532,0.2259,prepaid_positive_balance; status_source_conflict,prepaid_positive_balance; status_source_conflict,reconcile_record,0.872
L000391,0.02977110351665184,0.052646952688079035,0.0055764029903147576,0.20348457974122666,current,0.7584,none,0.7734,0.1149,status_source_conflict,status_source_conflict,reconcile_record,0.858
L000391,0.030138026140724833,0.062064450660178405,0.005336614010984079,0.21623443536787965,current,0.7751,none,0.7818,0.1149,status_source_conflict,status_source_conflict,reconcile_record,0.85
L000391,0.03255750397554362,0.06387417152676182,0.005023249928150784,0.20374110717417582,current,0.7618,none,0.7872,0.1149,status_source_conflict,status_source_conflict,reconcile_record,0.853
L000391,0.03157161508002098,0.05382806401817292,0.0038629799406225775,0.18071154545497903,current,0.7712,none,0.7842,0.1149,status_source_conflict,status_source_conflict,reconcile_record,0.866
L000392,0.025001133692216283,0.01779462189899993,0.0019363107849583797,0.6353972276348944,current,0.8059,none,0.5029,0.1149,status_source_conflict,status_source_conflict,reconcile_record,0.817
L000392,0.025965244962447388,0.017478804872505155,0.0019878160191817984,0.6881814747883476,current,0.7967,missing_docs,0.809,0.1149,status_source_conflict,status_source_conflict,reconcile_record,0.835
L000392,0.007172036455388628,0.0031301824885348085,0.0005345598654775148,0.6095371988181559,prepaid,0.8986,none,0.5288,0.2259,prepaid_positive_balance; status_source_conflict,prepaid_positive_balance; status_source_conflict,reconcile_record,0.783
L000394,0.5810500319677028,0.6965102710496511,0.9341559535511643,0.00040312906595460084,default,0.9392,source_conflict,0.829,0.7639,outlier_remaining_term_months; balance_source_conflict,outlier_remaining_term_months; balance_source_conflict,escalate_human_review,0.66
L000394,0.540925432626302,0.6846544696411777,0.8509859887496797,0.0004929709110284653,default,0.9353,source_conflict,0.8151,0.7639,outlier_remaining_term_months; balance_source_conflict,outlier_remaining_term_months; balance_source_conflict,escalate_human_review,0.613
L000394,0.5786482037344693,0.700575729231938,0.9361865821215783,0.00047568758495128687,default,0.9389,source_conflict,0.8295,0.7639,outlier_remaining_term_months; balance_source_conflict,outlier_remaining_term_months; balance_source_conflict,escalate_human_review,0.661
L000394,0.592376251820422,0.6927075778695281,0.9302661453717805,0.0004315328197624197,default,0.9226,source_conflict,0.6222,0.7639,outlier_remaining_term_months; balance_source_conflict,outlier_remaining_term_months; balance_source_conflict,escalate_human_review,0.661
L000395,0.23397953779300915,0.33021915736883706,0.0012061140218373114,0.0066217072600335955,current,0.4834,none,0.4992,0.1149,status_source_conflict,status_source_conflict,reconcile_record,0.76
L000395,0.14994836362602068,0.3400377798675078,0.0014321409643226395,0.012777045562169765,current,0.6505,none,0.5268,0.1149,status_source_conflict,status_source_conflict,reconcile_record,0.784
L000395,0.14553273852289517,0.34289330461218775,0.0013660910938803888,0.013446610134469838,current,0.637,none,0.5378,0.1149,status_source_conflict,status_source_conflict,reconcile_record,0.784
L000395,0.13586051959558929,0.31526325298895685,0.0014439209305514165,0.020617950884143765,current,0.6697,none,0.5292,0.1149,status_source_conflict,status_source_conflict,reconcile_record,0.794
L000395,0.14015414264201478,0.3372414617461963,0.0014029704071882004,0.02063945872699132,current,0.6519,none,0.5412,0.1149,status_source_conflict,status_source_conflict,reconcile_record,0.785
L000396,0.006943132825684327,0.0018984667778617567,0.0006595115905287209,0.9109511186947784,prepaid,0.8676,none,0.8115,0.2499,prepaid_positive_balance; outlier_remaining_term_months; status_source_conflict,prepaid_positive_balance; outlier_remaining_term_months; status_source_conflict,reconcile_record,0.866
L000396,0.0073356944329267745,0.0022090620838691017,0.0006606247637296223,0.8750267814622402,prepaid,0.8629,none,0.8149,0.2499,prepaid_positive_balance; outlier_remaining_term_months; status_source_conflict,prepaid_positive_balance; outlier_remaining_term_months; status_source_conflict,reconcile_record,0.852
L000396,0.006943132825684327,0.0018984667778617567,0.0006223428133839383,0.914266329831236,prepaid,0.8649,none,0.8112,0.2499,prepaid_positive_balance; outlier_remaining_term_months; status_source_conflict,prepaid_positive_balance; outlier_remaining_term_months; status_source_conflict,reconcile_record,0.866
L000396,0.006943132825684327,0.0018984667778617567,0.0006595115905287209,0.9109511186947784,prepaid,0.8649,none,0.8115,0.2499,prepaid_positive_balance; outlier_remaining_term_months; status_source_conflict,prepaid_positive_balance; outlier_remaining_term_months; status_source_conflict,reconcile_record,0.866
L000397,0.0656289196210835,0.0861962178401529,0.034066694884545966,0.2072194365918362,current,0.732,missing_docs,0.896,0.1149,status_source_conflict,status_source_conflict,reconcile_record,0.822
L000397,0.06871446647441148,0.10850579571679281,0.033685552903176104,0.20149518902062372,current,0.6743,none,0.8509,0.1149,status_source_conflict,status_source_conflict,reconcile_record,0.816
L000397,0.07808287906460376,0.10375313376743005,0.04770726725111355,0.25803323326589606,current,0.727,none,0.8596,0.1149,status_source_conflict,status_source_conflict,reconcile_record,0.789
L000399,0.14130020874680768,0.1335565128858863,0.008410910909321317,0.0007316230287740038,current,0.6447,source_conflict,0.5737,0.1149,balance_source_conflict,balance_source_conflict,reconcile_record,0.861
L000399,0.1294695796117387,0.1278065993265246,0.005726144560165854,0.000534683908535403,current,0.6656,source_conflict,0.5812,0.1149,balance_source_conflict,balance_source_conflict,reconcile_record,0.868
L000399,0.17495149165517287,0.12467232993827915,0.00372363525092438,0.0006938738022165379,current,0.6515,source_conflict,0.5002,0.1149,balance_source_conflict,balance_source_conflict,reconcile_record,0.854
L000399,0.14991572425405889,0.10475786766692523,0.004563595140147337,0.0005228843695305735,current,0.6516,source_conflict,0.5728,0.1149,balance_source_conflict,balance_source_conflict,reconcile_record,0.869
L000399,0.1295866970782952,0.08711403393714813,0.006969138760198353,0.0006547616380394101,current,0.6415,source_conflict,0.5545,0.1149,balance_source_conflict,balance_source_conflict,reconcile_record,0.882
L000400,0.007101555196886486,0.0016324010505569947,0.000697105326325306,0.5376858647075368,prepaid,0.9844,none,0.855,0.7759,prepaid_positive_balance; status_source_conflict,prepaid_positive_balance; status_source_conflict,escalate_human_review,0.759
L000400,0.007076613126280611,0.0016606146988694687,0.000697867801691392,0.5562381344038189,prepaid,0.9815,missing_docs,0.8997,0.2259,prepaid_positive_balance; status_source_conflict,prepaid_positive_balance; status_source_conflict,reconcile_record,0.765
L000400,0.0069981388488161355,0.0014488427534364466,0.0006970846086218706,0.5376858647075368,prepaid,0.9815,none,0.8533,0.2259,prepaid_positive_balance; status_source_conflict,prepaid_positive_balance; status_source_conflict,reconcile_record,0.759
L000400,0.0069981388488161355,0.0014295509143853243,0.000697105326325306,0.5376858647075368,prepaid,0.9818,none,0.8507,0.2259,prepaid_positive_balance; status_source_conflict,prepaid_positive_balance; status_source_conflict,reconcile_record,0.759
L000401,0.2544270551789772,0.5242124544200735,0.0011789747502712977,0.08598207969374992,current,0.667,none,0.729,0.7639,outlier_remaining_term_months; status_source_conflict,outlier_remaining_term_months; status_source_conflict,escalate_human_review,0.65
L000402,0.014321411778447243,0.005329541661311419,0.0012258164494478065,0.6700988259511195,prepaid,0.9134,none,0.6748,0.7999,prepaid_positive_balance; outlier_remaining_term_months; status_source_conflict,prepaid_positive_balance; outlier_remaining_term_months; status_source_conflict,escalate_human_review,0.778
L000402,0.015174671939371972,0.005156048723187948,0.0012141701381998442,0.6969334512040809,prepaid,0.9251,none,0.7508,0.7999,prepaid_positive_balance; outlier_remaining_term_months; status_source_conflict,prepaid_positive_balance; outlier_remaining_term_months; status_source_conflict,escalate_human_review,0.787
L000402,0.014645404247883442,0.005163274390726572,0.001211701799003667,0.6969334512040809,prepaid,0.9254,none,0.7565,0.7999,prepaid_positive_balance; outlier_remaining_term_months; status_source_conflict,prepaid_positive_balance; outlier_remaining_term_months; status_source_conflict,escalate_human_review,0.787
L000403,0.015956171806088562,0.017478243276475233,0.0030545424248323984,0.02802172602059246,current,0.7937,none,0.8178,0.6649,status_source_conflict,status_source_conflict,reconcile_record,0.938
L000403,0.01927415831039651,0.015569179755410487,0.002185401674120497,0.02760582127848761,current,0.7728,none,0.8067,0.1149,status_source_conflict,status_source_conflict,reconcile_record,0.938
L000403,0.018605748300161217,0.019948175781992084,0.00461893795474621,0.023765734232772676,current,0.7536,none,0.7953,0.1149,status_source_conflict,status_source_conflict,reconcile_record,0.937
L000403,0.020014421305739594,0.0176633956365949,0.002384577617998516,0.027655427218016133,current,0.734,none,0.7821,0.1149,status_source_conflict,status_source_conflict,reconcile_record,0.936
L000404,0.12501258937906337,0.31472682364125415,0.2021860359123245,0.00491328645327529,current,0.6982,none,0.719,0.2139,outlier_remaining_term_months; status_source_conflict,outlier_remaining_term_months; status_source_conflict,reconcile_record,0.71
L000404,0.14008994125580707,0.32618144837032115,0.20891947523325524,0.0049445397171727235,current,0.7133,none,0.7181,0.2139,outlier_remaining_term_months; status_source_conflict,outlier_remaining_term_months; status_source_conflict,reconcile_record,0.698
L000404,0.08464360266295935,0.2598357641170526,0.24460893717907065,0.005789801706397875,current,0.7126,none,0.7115,0.2139,outlier_remaining_term_months; status_source_conflict,outlier_remaining_term_months; status_source_conflict,reconcile_record,0.728
L000404,0.0711268352646537,0.19885099546144633,0.235962656488789,0.01196966651883734,current,0.7278,none,0.7164,0.7639,outlier_remaining_term_months; status_source_conflict,outlier_remaining_term_months; status_source_conflict,escalate_human_review,0.755
L000405,0.2909335929458941,0.529812782087748,0.10661989513139287,0.0981709131993702,current,0.7313,none,0.8099,0.2379,outlier_remaining_term_months; outlier_paydown_rate; status_source_conflict,outlier_remaining_term_months; outlier_paydown_rate; status_source_conflict,reconcile_record,0.574
L000405,0.16857496997313381,0.4254444373298026,0.12869525701972115,0.15657172413125783,current,0.7354,none,0.8142,0.2139,outlier_remaining_term_months; status_source_conflict,outlier_remaining_term_months; status_source_conflict,reconcile_record,0.628
L000405,0.30747346369963485,0.5582345567937641,0.3437473513294953,0.10362695244752966,60_dpd,0.4332,none,0.7246,0.7639,outlier_remaining_term_months; status_source_conflict,outlier_remaining_term_months; status_source_conflict,escalate_human_review,0.518
L000406,0.007456522033121756,0.00403317194926009,0.0019415384708653773,0.9611577044698288,prepaid,0.9144,none,0.7299,0.2499,prepaid_positive_balance; outlier_remaining_term_months; status_source_conflict,prepaid_positive_balance; outlier_remaining_term_months; status_source_conflict,reconcile_record,0.882
L000406,0.007456522033121756,0.0038925203312229323,0.0019413493544283421,0.9617141401845064,prepaid,0.9144,none,0.7397,0.7999,prepaid_positive_balance; outlier_remaining_term_months; status_source_conflict,prepaid_positive_balance; outlier_remaining_term_months; status_source_conflict,escalate_human_review,0.882
L000406,0.008144207008294291,0.004273238808519645,0.001943003562906413,0.958999778139285,prepaid,0.902,none,0.6634,0.7999,prepaid_positive_balance; outlier_remaining_term_months; status_source_conflict,prepaid_positive_balance; outlier_remaining_term_months; status_source_conflict,escalate_human_review,0.88
L000407,0.07758484675513981,0.07699611888152236,0.029014678107090946,0.25947373018797365,current,0.6723,none,0.7422,0.7879,outlier_remaining_term_months; outlier_paydown_rate; status_source_conflict,outlier_remaining_term_months; outlier_paydown_rate; status_source_conflict,escalate_human_review,0.757
L000408,0.11243809323578463,0.15029007648471815,0.031018195445449277,0.08871072054545492,current,0.7037,none,0.6087,0.2139,outlier_paydown_rate; status_source_conflict,outlier_paydown_rate; status_source_conflict,reconcile_record,0.802
L000408,0.14095789664219902,0.1409752925444532,0.02016478812775679,0.07889631050796557,current,0.7287,none,0.6007,0.1149,status_source_conflict,status_source_conflict,reconcile_record,0.827
L000408,0.13102171072637797,0.16419149256389257,0.024950360021376794,0.099381063069812,current,0.7321,none,0.5831,0.1149,status_source_conflict,status_source_conflict,reconcile_record,0.813
L000408,0.10365309343122558,0.17168667531877357,0.04118049956532672,0.08404192655819294,current,0.669,none,0.598,0.1149,status_source_conflict,status_source_conflict,reconcile_record,0.82
L000410,0.007265122420564099,0.002761113823932068,0.0011234296793415641,0.6961072982979797,prepaid,0.9793,none,0.5675,0.7759,prepaid_positive_balance; status_source_conflict,prepaid_positive_balance; status_source_conflict,escalate_human_review,0.813
L000411,0.0321342986212998,0.03423389464598309,0.0023262264820401737,0.029223227371729204,current,0.567,none,0.7151,0.7639,outlier_remaining_term_months; status_source_conflict,outlier_remaining_term_months; status_source_conflict,escalate_human_review,0.902
L000411,0.07473062993313902,0.059252982504628404,0.0022976915588728245,0.016010609715716714,current,0.6822,none,0.6945,0.2139,outlier_remaining_term_months; status_source_conflict,outlier_remaining_term_months; status_source_conflict,reconcile_record,0.883
L000412,0.057596121784465194,0.07535346646981918,0.009896471200372547,0.8345195554669873,current,0.747,none,0.5379,0.1149,status_source_conflict,status_source_conflict,reconcile_record,0.852
L000412,0.0705288570010683,0.09806132242099924,0.01609687796899151,0.812641131461349,current,0.7162,none,0.5599,0.1149,status_source_conflict,status_source_conflict,reconcile_record,0.83
L000412,0.015331634224308393,0.004565741093399071,0.0008546944450175345,0.8249325781168716,prepaid,0.7978,none,0.5506,0.2259,prepaid_positive_balance; status_source_conflict,prepaid_positive_balance; status_source_conflict,reconcile_record,0.855
L000412,0.014382434457918149,0.004337896235079468,0.0008751240209316433,0.730630024305659,prepaid,0.9352,none,0.5799,0.2259,prepaid_positive_balance; status_source_conflict,prepaid_positive_balance; status_source_conflict,reconcile_record,0.823
L000412,0.015495162586807087,0.004308383052936922,0.0009009417268156422,0.7198771597294361,prepaid,0.9311,none,0.5833,0.2259,prepaid_positive_balance; status_source_conflict,prepaid_positive_balance; status_source_conflict,reconcile_record,0.819
L000413,0.06759964806366575,0.04853260494408223,0.0013816306045796565,0.0009647517906250995,current,0.6531,none,0.7574,0.1149,status_source_conflict,status_source_conflict,reconcile_record,0.919
L000413,0.07540612411178986,0.04488068334098191,0.0018920451850682112,0.005933412187602842,current,0.5231,none,0.7461,0.1149,status_source_conflict,status_source_conflict,reconcile_record,0.915
L000413,0.06839318873752435,0.046602450633956155,0.001832410633290779,0.0016700532465909956,current,0.4529,none,0.7085,0.1149,status_source_conflict,status_source_conflict,reconcile_record,0.919
L000413,0.060516452454446014,0.037034468634098816,0.0016595025268895348,0.0012442040358418222,current,0.6563,none,0.7595,0.1149,status_source_conflict,status_source_conflict,reconcile_record,0.925
L000413,0.03917218344299645,0.02563482091023146,0.0013161377043378636,0.002999232031659849,current,0.7292,none,0.7655,0.1149,status_source_conflict,status_source_conflict,reconcile_record,0.936
L000414,0.06780351888131671,0.051744140101824286,0.00010838555187558642,0.07246985334283053,current,0.7748,none,0.6335,0.1149,status_source_conflict,status_source_conflict,reconcile_record,0.893
L000414,0.05978619723885067,0.04023361764097658,0.00012017657630516961,0.08890945941469997,current,0.7712,none,0.7827,0.1149,status_source_conflict,status_source_conflict,reconcile_record,0.894
L000414,0.0526396480866734,0.042047811967590644,0.00012000150137194509,0.06536429701572478,current,0.7663,none,0.6424,0.1149,status_source_conflict,status_source_conflict,reconcile_record,0.904
L000414,0.04368227361539631,0.04028212886912339,0.00011601061200483667,0.12145726704106914,current,0.7763,none,0.7951,0.1149,status_source_conflict,status_source_conflict,reconcile_record,0.888
L000415,0.005857217409556051,0.0019862868638880027,0.004238563974492421,0.9425734300620711,prepaid,0.8951,none,0.7507,0.7759,prepaid_positive_balance; status_source_conflict,prepaid_positive_balance; status_source_conflict,escalate_human_review,0.9
L000415,0.005995030705423804,0.0020698971679583913,0.004001764631224295,0.9472182723572384,prepaid,0.8951,none,0.7465,0.7759,prepaid_positive_balance; status_source_conflict,prepaid_positive_balance; status_source_conflict,escalate_human_review,0.902
L000415,0.00537544472073796,0.002004338347953972,0.00328773968703253,0.9526396495370298,prepaid,0.8951,none,0.7507,0.7759,prepaid_positive_balance; status_source_conflict,prepaid_positive_balance; status_source_conflict,escalate_human_review,0.904
L000415,0.005995030705423804,0.0020698971679583913,0.004269437887501576,0.9472182723572384,prepaid,0.8951,none,0.7465,0.7759,prepaid_positive_balance; status_source_conflict,prepaid_positive_balance; status_source_conflict,escalate_human_review,0.901
L000416,0.022759645313586777,0.029180311467961333,0.003457283638387177,0.0333571560656201,current,0.7365,none,0.7077,0.2139,outlier_remaining_term_months; status_source_conflict,outlier_remaining_term_months; status_source_conflict,reconcile_record,0.905
L000416,0.017647802144160906,0.0313861114941013,0.0025634392409047756,0.0533988370153598,current,0.6376,none,0.7164,0.2139,outlier_remaining_term_months; status_source_conflict,outlier_remaining_term_months; status_source_conflict,reconcile_record,0.9
L000416,0.015500110538690555,0.028598048120168747,0.0025510346947588175,0.059828569932742916,current,0.7101,none,0.6286,0.2139,outlier_remaining_term_months; status_source_conflict,outlier_remaining_term_months; status_source_conflict,reconcile_record,0.899
L000416,0.017742036395030913,0.019452357675279346,0.0029777690951329344,0.028040178508733363,current,0.7524,none,0.6858,0.2139,outlier_remaining_term_months; status_source_conflict,outlier_remaining_term_months; status_source_conflict,reconcile_record,0.912
L000417,0.009399820941221193,0.0033767398599206036,0.0003578414320491114,0.8055599298520236,prepaid,0.9524,none,0.5099,0.7759,prepaid_positive_balance; balance_source_conflict,prepaid_positive_balance; balance_source_conflict,escalate_human_review,0.851
L000417,0.008533341821463347,0.0025012053632292286,0.00028973313300499604,0.7906920863146807,prepaid,0.9507,none,0.5103,0.7759,prepaid_positive_balance; balance_source_conflict,prepaid_positive_balance; balance_source_conflict,escalate_human_review,0.847
L000417,0.00856494308721199,0.002854809259908267,0.00037544685701125144,0.8008745043016435,prepaid,0.9656,none,0.5066,0.7759,prepaid_positive_balance; balance_source_conflict,prepaid_positive_balance; balance_source_conflict,escalate_human_review,0.851
L000417,0.008393735784837144,0.002669670866661847,0.00028973313300499604,0.7981468685709835,prepaid,0.9507,none,0.5107,0.2259,prepaid_positive_balance; balance_source_conflict,prepaid_positive_balance; balance_source_conflict,reconcile_record,0.849
L000417,0.009057471553329827,0.00295669223627356,0.00036681256927051034,0.8083834611330345,prepaid,0.9632,none,0.4968,0.2259,prepaid_positive_balance; balance_source_conflict,prepaid_positive_balance; balance_source_conflict,reconcile_record,0.853
L000418,0.04695879030279196,0.08682179092141841,0.002107270876385676,0.022400542662410636,current,0.7632,none,0.7487,0.1149,status_source_conflict,status_source_conflict,reconcile_record,0.905
L000418,0.06563003394534048,0.14347510238195926,0.00254486780514928,0.018187437311068394,current,0.5689,none,0.6145,0.1149,status_source_conflict,status_source_conflict,reconcile_record,0.88
L000418,0.046329211774309785,0.09846673040209168,0.0026221502288088817,0.029716770935309462,current,0.6979,none,0.7572,0.1149,status_source_conflict,status_source_conflict,reconcile_record,0.898
L000419,0.00735961494182346,0.0019932200333367916,0.000424550521159734,0.38869133329917743,prepaid,0.9557,source_conflict,0.6673,0.8299,prepaid_positive_balance; outlier_remaining_term_months; balance_source_conflict,prepaid_positive_balance; outlier_remaining_term_months; balance_source_conflict,escalate_human_review,0.731
L000419,0.007001998944347779,0.002267546107510021,0.0004575363635915928,0.39236207172830784,prepaid,0.9512,source_conflict,0.6558,0.8299,prepaid_positive_balance; outlier_remaining_term_months; balance_source_conflict,prepaid_positive_balance; outlier_remaining_term_months; balance_source_conflict,escalate_human_review,0.729
L000419,0.007515504014160859,0.0021620906126178993,0.0004231439332384737,0.40671828341945,prepaid,0.9488,source_conflict,0.6513,0.8299,prepaid_positive_balance; outlier_remaining_term_months; balance_source_conflict,prepaid_positive_balance; outlier_remaining_term_months; balance_source_conflict,escalate_human_review,0.724
L000419,0.007515504014160859,0.0021697102793904466,0.0004231337525915627,0.3887398841622653,prepaid,0.9476,source_conflict,0.6513,0.8299,prepaid_positive_balance; outlier_remaining_term_months; balance_source_conflict,prepaid_positive_balance; outlier_remaining_term_months; balance_source_conflict,escalate_human_review,0.731
L000419,0.00735961494182346,0.0019932200333367916,0.000424550521159734,0.38869133329917743,prepaid,0.9444,source_conflict,0.672,0.8299,prepaid_positive_balance; outlier_remaining_term_months; balance_source_conflict,prepaid_positive_balance; outlier_remaining_term_months; balance_source_conflict,escalate_human_review,0.731
L000420,0.18151994158715248,0.13446695161186192,0.9305476136356489,0.00027898803317651186,default,0.9032,source_conflict,0.4892,0.7939,outlier_remaining_term_months; balance_source_conflict; status_source_conflict,outlier_remaining_term_months; balance_source_conflict; status_source_conflict,escalate_human_review,0.771
L000421,0.08268886199979936,0.06808069621584634,0.0004906028734090795,0.10344284064587071,current,0.6766,source_conflict,0.6529,0.6649,balance_source_conflict,balance_source_conflict,reconcile_record,0.871
L000421,0.08763242927552821,0.045633032671933686,0.00036724403536791045,0.08333368572730593,current,0.738,source_conflict,0.6444,0.6649,balance_source_conflict,balance_source_conflict,reconcile_record,0.884
L000421,0.07122087294317946,0.06687550705020585,0.0004338589881743343,0.08755787052014175,current,0.6916,source_conflict,0.6377,0.6649,balance_source_conflict,balance_source_conflict,reconcile_record,0.881
L000421,0.088596571637424,0.06567168781940363,0.00045418423671886814,0.08243099289348688,current,0.7085,source_conflict,0.6121,0.6649,balance_source_conflict,balance_source_conflict,reconcile_record,0.877
L000422,0.35368816734555103,0.6493632873149334,0.9671653400331922,0.00044876193445593716,default,0.9254,missing_docs,0.7921,0.7639,outlier_remaining_term_months; status_source_conflict,outlier_remaining_term_months; status_source_conflict,escalate_human_review,0.678
L000422,0.338930889051618,0.645658918503326,0.9708396877267417,0.0004652029582617257,default,0.9329,none,0.8278,0.7639,outlier_remaining_term_months; status_source_conflict,outlier_remaining_term_months; status_source_conflict,escalate_human_review,0.683
L000422,0.41171782623475034,0.6445713449178293,0.9706231965502682,0.00044544876643604834,default,0.9329,none,0.8301,0.7639,outlier_remaining_term_months; status_source_conflict,outlier_remaining_term_months; status_source_conflict,escalate_human_review,0.658
L000422,0.42671791086395877,0.6498227197450919,0.9705213481207363,0.0004753433081801054,default,0.9302,none,0.8258,0.7639,outlier_remaining_term_months; status_source_conflict,outlier_remaining_term_months; status_source_conflict,escalate_human_review,0.654
L000423,0.05700643999545845,0.04566940081197341,0.007488308992128527,0.02096415811989467,current,0.7098,none,0.6985,0.2139,outlier_remaining_term_months; status_source_conflict,outlier_remaining_term_months; status_source_conflict,reconcile_record,0.89
L000423,0.09075479098974987,0.086035017148412,0.01913988305175132,0.007360388324954041,current,0.6687,none,0.7123,0.2139,outlier_remaining_term_months; status_source_conflict,outlier_remaining_term_months; status_source_conflict,reconcile_record,0.865
L000423,0.12111120330793641,0.0920392205970212,0.04847369762982503,0.007750967210027104,current,0.6178,none,0.7144,0.2139,outlier_remaining_term_months; status_source_conflict,outlier_remaining_term_months; status_source_conflict,reconcile_record,0.842
L000423,0.08314893629921209,0.0928951422591558,0.03067641249835701,0.006314828854421822,current,0.6833,none,0.606,0.2139,outlier_remaining_term_months; status_source_conflict,outlier_remaining_term_months; status_source_conflict,reconcile_record,0.861
L000424,0.048056679213605936,0.028712228518004007,0.007852794196685447,0.05313100739956417,current,0.7183,none,0.8017,0.2139,outlier_remaining_term_months; status_source_conflict,outlier_remaining_term_months; status_source_conflict,reconcile_record,0.888
L000424,0.03804769654895621,0.027549699125982943,0.006147435276596808,0.13855067422547532,current,0.7214,none,0.7824,0.7639,outlier_remaining_term_months; status_source_conflict,outlier_remaining_term_months; status_source_conflict,escalate_human_review,0.863
L000425,0.012417590637136369,0.007136435644113288,0.0028122914028742597,0.0793885677702627,prepaid,0.9275,none,0.6914,0.7999,prepaid_positive_balance; outlier_remaining_term_months; status_source_conflict,prepaid_positive_balance; outlier_remaining_term_months; status_source_conflict,escalate_human_review,0.864
L000425,0.01351114386611253,0.0065316386544127915,0.003465247629525875,0.12343306324345275,prepaid,0.9151,none,0.6911,0.7999,prepaid_positive_balance; outlier_remaining_term_months; status_source_conflict,prepaid_positive_balance; outlier_remaining_term_months; status_source_conflict,escalate_human_review,0.849
L000425,0.013881112221616672,0.007136435644113288,0.002776741885562723,0.07677296333992038,prepaid,0.9207,none,0.6761,0.2499,prepaid_positive_balance; outlier_remaining_term_months; status_source_conflict,prepaid_positive_balance; outlier_remaining_term_months; status_source_conflict,reconcile_record,0.865
L000426,0.04340024255506241,0.020704934954413747,0.005263019906666846,0.04745597985471404,current,0.794,none,0.5766,0.6649,status_source_conflict,status_source_conflict,reconcile_record,0.919
L000426,0.04292273764130469,0.020359382333375347,0.004192409593568118,0.041395846776547916,current,0.7967,none,0.6565,0.6649,status_source_conflict,status_source_conflict,reconcile_record,0.922
L000426,0.03805731302216995,0.01914428482227227,0.004651794653272068,0.0356572852985334,current,0.7787,none,0.6484,0.1149,status_source_conflict,status_source_conflict,reconcile_record,0.926
L000426,0.04403261709114592,0.019076618876330557,0.0045067553270150005,0.03815623091875522,current,0.7588,none,0.5632,0.1149,status_source_conflict,status_source_conflict,reconcile_record,0.923
L000426,0.032484227845761215,0.02549371962950635,0.004651448861217128,0.1366518804609931,current,0.6641,none,0.5853,0.2286,missing_core; status_source_conflict,missing_core; status_source_conflict,reconcile_record,0.851
L000427,0.37239647173288937,0.559921530585553,0.8092782959341,0.0007591708249505753,default,0.9762,none,0.7179,0.6649,status_source_conflict,status_source_conflict,reconcile_record,0.609
L000427,0.3169890996350773,0.5607460371235707,0.7580018104245735,0.0007895234006920155,default,0.978,none,0.717,0.6649,status_source_conflict,status_source_conflict,reconcile_record,0.61
L000427,0.2916713735998531,0.5170820359748535,0.7481720597287632,0.0009150432315316684,default,0.9663,none,0.566,0.6649,status_source_conflict,status_source_conflict,reconcile_record,0.6
L000427,0.3782486417718529,0.5355781001812244,0.8089521571639287,0.0011160044216910697,default,0.9761,none,0.7189,0.6649,status_source_conflict,status_source_conflict,reconcile_record,0.598
L000428,0.27658263024583807,0.6459156467639567,0.7836577712645463,0.002325174404870178,default,0.8543,none,0.7652,0.7639,outlier_remaining_term_months; status_source_conflict,outlier_remaining_term_months; status_source_conflict,escalate_human_review,0.639
L000429,0.3989416069873228,0.6791059754107787,0.929291058320381,0.00038252687875917724,default,0.9587,none,0.7164,0.6649,status_source_conflict,status_source_conflict,reconcile_record,0.684
L000429,0.47460638657250787,0.7236450593256376,0.908422731237938,0.0003367010554802462,default,0.9564,none,0.7061,0.6649,status_source_conflict,status_source_conflict,reconcile_record,0.665
L000429,0.40203786254927293,0.6758813086822798,0.9331179578385793,0.00038283497262138103,default,0.9567,none,0.7048,0.6649,status_source_conflict,status_source_conflict,reconcile_record,0.682
L000429,0.46969209383737603,0.7236450593256376,0.9221072428540751,0.0003367010554802462,default,0.9564,none,0.7064,0.6649,status_source_conflict,status_source_conflict,reconcile_record,0.672
L000429,0.47555464227167416,0.7417989190547435,0.9351144546456588,0.00034821148609834275,default,0.9561,none,0.7069,0.6649,status_source_conflict,status_source_conflict,reconcile_record,0.681
L000429,0.433383944941861,0.7341068211301488,0.9340440344412952,0.00048428796280438924,default,0.9562,none,0.7097,0.6649,status_source_conflict,status_source_conflict,reconcile_record,0.692
L000430,0.059880709636623834,0.20006828182254308,0.013983604900038723,0.0019664089837241497,current,0.6989,none,0.7831,0.1149,status_source_conflict,status_source_conflict,reconcile_record,0.863
L000430,0.04981719234805972,0.18714549286111606,0.01565310664693351,0.0047244890946913165,current,0.7993,none,0.7958,0.1149,status_source_conflict,status_source_conflict,reconcile_record,0.87
L000431,0.01065737234828105,0.0027161210198534285,0.001700863241522417,0.5826868810086151,prepaid,0.9851,none,0.844,0.2259,prepaid_positive_balance; status_source_conflict,prepaid_positive_balance; status_source_conflict,reconcile_record,0.773
L000432,0.03362151696753634,0.02177466715080927,0.022582167764388563,0.11954940755832166,current,0.7154,none,0.7979,0.7639,outlier_remaining_term_months; status_source_conflict,outlier_remaining_term_months; status_source_conflict,escalate_human_review,0.867
L000432,0.035329858419160615,0.023221919933710772,0.030322774857125756,0.1066684604948565,current,0.712,none,0.7885,0.7639,outlier_remaining_term_months; status_source_conflict,outlier_remaining_term_months; status_source_conflict,escalate_human_review,0.867
L000432,0.03656481613415092,0.029172994207414562,0.0304394936581693,0.10952019349029052,current,0.7131,none,0.782,0.7639,outlier_remaining_term_months; status_source_conflict,outlier_remaining_term_months; status_source_conflict,escalate_human_review,0.864
L000432,0.03272865822975212,0.026959798560269903,0.0227596867890958,0.10688572364680915,current,0.6929,none,0.7633,0.7639,outlier_remaining_term_months; status_source_conflict,outlier_remaining_term_months; status_source_conflict,escalate_human_review,0.87
L000433,0.029281304057195128,0.04835206736143662,0.0008724306785551387,0.07798514065984245,current,0.762,none,0.8608,0.1149,status_source_conflict,status_source_conflict,reconcile_record,0.906
L000433,0.025940305184606157,0.03009269938513912,0.0008657468109423435,0.034094381354462855,current,0.8026,none,0.8124,0.1149,status_source_conflict,status_source_conflict,reconcile_record,0.929
L000433,0.023604535651027908,0.03600413931415911,0.0008158458890786842,0.03594635871692623,current,0.8206,none,0.8042,0.1149,status_source_conflict,status_source_conflict,reconcile_record,0.926
L000434,0.011560002555177038,0.003327283456722436,0.0005733081166553851,0.17389099186789062,prepaid,0.9554,none,0.8157,0.2259,prepaid_positive_balance; status_source_conflict,prepaid_positive_balance; status_source_conflict,reconcile_record,0.858
L000434,0.010687156571107243,0.003340776516271284,0.0006657995192845201,0.17497389830719579,prepaid,0.9557,none,0.8042,0.2259,prepaid_positive_balance; status_source_conflict,prepaid_positive_balance; status_source_conflict,reconcile_record,0.858
L000434,0.010687156571107243,0.003340776516271284,0.0006657995192845201,0.19628884871134078,prepaid,0.9557,none,0.8042,0.2259,prepaid_positive_balance; status_source_conflict,prepaid_positive_balance; status_source_conflict,reconcile_record,0.851
L000434,0.011009449533533458,0.003340776516271284,0.0006657995192845201,0.2288724645514615,prepaid,0.9557,none,0.8001,0.2259,prepaid_positive_balance; status_source_conflict,prepaid_positive_balance; status_source_conflict,reconcile_record,0.839
L000438,0.024867589217950698,0.006771824930376429,0.0014163364887842882,0.5445661875354476,current,0.7538,none,0.614,0.6649,status_source_conflict,status_source_conflict,reconcile_record,0.789
L000438,0.023356211625921903,0.010938528464655076,0.0008759982836922434,0.5366112015824392,current,0.6938,none,0.5749,0.1149,status_source_conflict,status_source_conflict,reconcile_record,0.786
L000439,0.030504749133409625,0.02917913557145413,0.011476576202342714,0.007037561649932571,current,0.7503,none,0.7266,0.1149,status_source_conflict,status_source_conflict,reconcile_record,0.933
L000439,0.04308014247315562,0.03189381742870258,0.008052717831135078,0.005625998613678649,current,0.7528,none,0.7133,0.1149,status_source_conflict,status_source_conflict,reconcile_record,0.929
L000439,0.034218196001765726,0.02858202637548843,0.011970903571648253,0.0066705670749571495,current,0.7547,none,0.7094,0.1149,status_source_conflict,status_source_conflict,reconcile_record,0.931
L000439,0.028638393255658933,0.02685598893202311,0.005862210762924188,0.007416195940429766,current,0.7406,none,0.725,0.6649,status_source_conflict,status_source_conflict,reconcile_record,0.936
L000439,0.035378766036138036,0.02920014242004418,0.01268258970930971,0.006393261355172267,current,0.7469,none,0.7094,0.6649,status_source_conflict,status_source_conflict,reconcile_record,0.931
L000440,0.10781512147004392,0.39155431957897907,0.01327104128341204,0.10786165073878363,current,0.6923,none,0.75,0.6649,status_source_conflict,status_source_conflict,reconcile_record,0.743
L000440,0.20104705121555036,0.2883392830907046,0.08808219235717984,0.12387806976899397,60_dpd,0.396,none,0.7566,0.6649,status_source_conflict,status_source_conflict,reconcile_record,0.714
L000440,0.12883201358284654,0.17848428956561677,0.022577179215439686,0.10971922956250234,90_dpd,0.5402,none,0.7642,0.6649,status_source_conflict,status_source_conflict,reconcile_record,0.806
L000440,0.056704954533883654,0.10332511304169956,0.006203959052351549,0.1487334066692598,current,0.7231,none,0.8326,0.1149,status_source_conflict,status_source_conflict,reconcile_record,0.85
L000441,0.045252615304388295,0.024539797660908785,0.01520921971183666,0.3049104670312899,current,0.7683,none,0.8032,0.2139,outlier_remaining_term_months; status_source_conflict,outlier_remaining_term_months; status_source_conflict,reconcile_record,0.8
L000441,0.06138759357813578,0.02499076130610349,0.01903857265002453,0.2357025406312444,current,0.7264,none,0.7926,0.2139,outlier_remaining_term_months; status_source_conflict,outlier_remaining_term_months; status_source_conflict,reconcile_record,0.816
L000442,0.012101969965850298,0.003098671065696146,0.0019384405798741206,0.6473621018919717,prepaid,0.9243,none,0.7598,0.2499,prepaid_positive_balance; outlier_remaining_term_months; status_source_conflict,prepaid_positive_balance; outlier_remaining_term_months; status_source_conflict,reconcile_record,0.771
L000442,0.01223937832285756,0.00298951385105023,0.0020994531011182035,0.634570479262466,prepaid,0.9265,none,0.7552,0.2499,prepaid_positive_balance; outlier_remaining_term_months; status_source_conflict,prepaid_positive_balance; outlier_remaining_term_months; status_source_conflict,reconcile_record,0.766
L000442,0.012101969965850298,0.003098671065696146,0.0019384405798741206,0.6473621018919717,prepaid,0.9243,none,0.7598,0.2499,prepaid_positive_balance; outlier_remaining_term_months; status_source_conflict,prepaid_positive_balance; outlier_remaining_term_months; status_source_conflict,reconcile_record,0.771
L000443,0.08821333586897717,0.06110787059888334,0.004435119281232406,0.012454255734590849,current,0.5494,none,0.6744,0.1149,status_source_conflict,status_source_conflict,reconcile_record,0.902
L000443,0.10164582219381768,0.070937205107078,0.0034773311618416483,0.01077168693913728,current,0.6756,none,0.6814,0.1149,status_source_conflict,status_source_conflict,reconcile_record,0.895
L000443,0.13123007473760862,0.08257843947398257,0.005492637877991082,0.03157787611054673,current,0.6486,none,0.6828,0.6649,status_source_conflict,status_source_conflict,reconcile_record,0.873
L000444,0.04964179223847385,0.0660374066975855,0.05297757138962685,0.0050963314994880325,current,0.8038,source_conflict,0.7708,0.2199,balance_source_conflict; status_source_conflict,balance_source_conflict; status_source_conflict,reconcile_record,0.869
L000444,0.08887087592576255,0.13123746130958305,0.06632033473704198,0.00492898811857639,current,0.8136,source_conflict,0.707,0.2199,balance_source_conflict; status_source_conflict,balance_source_conflict; status_source_conflict,reconcile_record,0.828
L000444,0.08696742653902267,0.11510201963762597,0.05309696326986402,0.004953180551829742,current,0.7827,source_conflict,0.7355,0.2199,balance_source_conflict; status_source_conflict,balance_source_conflict; status_source_conflict,reconcile_record,0.839
L000444,0.09123946015147451,0.10912898498166762,0.04770643584187701,0.005408124322879554,current,0.7871,source_conflict,0.7308,0.2199,balance_source_conflict; status_source_conflict,balance_source_conflict; status_source_conflict,reconcile_record,0.841
L000445,0.26125973218645687,0.579338630712151,0.020944461887831778,0.3434608910731385,current,0.544,none,0.71,0.2139,outlier_remaining_term_months; status_source_conflict,outlier_remaining_term_months; status_source_conflict,reconcile_record,0.57
L000445,0.21426458720454425,0.5388148196254333,0.026230491105079943,0.36312455164022167,current,0.5527,none,0.6921,0.2139,outlier_remaining_term_months; status_source_conflict,outlier_remaining_term_months; status_source_conflict,reconcile_record,0.564
L000445,0.2528113049090925,0.557065344367039,0.07230181257982686,0.31353216394013866,current,0.4872,none,0.6661,0.2139,outlier_remaining_term_months; status_source_conflict,outlier_remaining_term_months; status_source_conflict,reconcile_record,0.557
L000445,0.2080442183704049,0.5468757782681941,0.030880545774034828,0.31373928799081613,current,0.4992,none,0.5381,0.2139,outlier_remaining_term_months; status_source_conflict,outlier_remaining_term_months; status_source_conflict,reconcile_record,0.584
L000446,0.02801563683617661,0.13742022451212624,0.004100122781578398,0.027818322415963475,current,0.794,none,0.7896,0.2139,outlier_paydown_rate; status_source_conflict,outlier_paydown_rate; status_source_conflict,reconcile_record,0.867
L000446,0.019687348879342582,0.15167467875799384,0.0023092264280960826,0.032046212127356914,current,0.8178,none,0.8408,0.1149,status_source_conflict,status_source_conflict,reconcile_record,0.888
L000446,0.041801451809429874,0.12807435336634249,0.003132270883091205,0.04035328183912037,current,0.4993,none,0.7811,0.7759,dpd_status_break; status_source_conflict,dpd_status_break; status_source_conflict,escalate_human_review,0.849
L000447,0.08045954215713046,0.2071230027688986,0.8896922931575025,0.0007170419064425172,default,0.9184,none,0.5783,0.6649,status_source_conflict,status_source_conflict,reconcile_record,0.821
L000447,0.08664012402331554,0.2226528571145471,0.9027433745654682,0.0006598275801048544,default,0.909,none,0.4892,0.6649,status_source_conflict,status_source_conflict,reconcile_record,0.817
L000448,0.02636480868167269,0.03006728615268527,0.0013690487952708198,0.6409368778792851,current,0.7569,none,0.8626,0.1149,status_source_conflict,status_source_conflict,reconcile_record,0.814
L000448,0.01113456235931723,0.0029991489543163712,0.0006264213769337014,0.5895419229930902,prepaid,0.8429,none,0.8694,0.2259,prepaid_positive_balance; status_source_conflict,prepaid_positive_balance; status_source_conflict,reconcile_record,0.775
L000448,0.009625800145445618,0.0031684121829935754,0.0006535644909784439,0.582039866196362,prepaid,0.9445,none,0.8401,0.2259,prepaid_positive_balance; status_source_conflict,prepaid_positive_balance; status_source_conflict,reconcile_record,0.773
L000448,0.01003160428961602,0.003146898601943385,0.0006511663853124053,0.5552511300671054,prepaid,0.9442,none,0.8397,0.2259,prepaid_positive_balance; status_source_conflict,prepaid_positive_balance; status_source_conflict,reconcile_record,0.764
L000449,0.21661731524289263,0.31165009727272547,0.5052793888819256,0.0018225094522706152,default,0.9869,none,0.755,0.6649,status_source_conflict,status_source_conflict,reconcile_record,0.602
L000449,0.19372536739752208,0.30066256929925267,0.5817436209935289,0.0018013835865661736,default,0.9915,none,0.7553,0.6649,status_source_conflict,status_source_conflict,reconcile_record,0.64
L000451,0.23220157242703598,0.3337785462186557,0.11669695909907545,0.011696912462803967,current,0.5099,none,0.7522,0.1149,status_source_conflict,status_source_conflict,reconcile_record,0.717
L000451,0.16411302312449738,0.19201193581151474,0.1567630767620052,0.01081576938500186,current,0.6494,none,0.7298,0.2259,dpd_status_break; status_source_conflict,dpd_status_break; status_source_conflict,reconcile_record,0.741
L000452,0.008793339438609894,0.002337657787403379,0.0009497968742897592,0.1065841906442851,prepaid,0.9867,none,0.7582,0.2259,prepaid_positive_balance; status_source_conflict,prepaid_positive_balance; status_source_conflict,reconcile_record,0.883
L000452,0.007980593351607087,0.002260046383424107,0.0010480967584677245,0.13097810139778507,prepaid,0.9866,none,0.7594,0.2259,prepaid_positive_balance; status_source_conflict,prepaid_positive_balance; status_source_conflict,reconcile_record,0.874
L000454,0.15007076065382596,0.24602655280250882,0.11466498939234078,0.11526552583394001,current,0.6761,none,0.7847,0.2139,outlier_remaining_term_months; status_source_conflict,outlier_remaining_term_months; status_source_conflict,reconcile_record,0.717
L000454,0.10757299572041301,0.32267770219386505,0.08556782704331127,0.12715710607754244,current,0.7499,none,0.8056,0.2139,outlier_remaining_term_months; status_source_conflict,outlier_remaining_term_months; status_source_conflict,reconcile_record,0.711
L000455,0.007601000138907264,0.0019263749502654956,0.0011319093424675063,0.38088102442276023,prepaid,0.9571,none,0.7375,0.7999,prepaid_positive_balance; outlier_remaining_term_months; status_source_conflict,prepaid_positive_balance; outlier_remaining_term_months; status_source_conflict,escalate_human_review,0.763
L000455,0.007636902322097047,0.0016398639261535261,0.0019070873029632578,0.3728562445190862,prepaid,0.9488,none,0.5885,0.7999,prepaid_positive_balance; outlier_remaining_term_months; status_source_conflict,prepaid_positive_balance; outlier_remaining_term_months; status_source_conflict,escalate_human_review,0.766
L000455,0.00804655069345848,0.0022742860829899265,0.001052002455925995,0.370977305930535,prepaid,0.958,none,0.7256,0.7999,prepaid_positive_balance; outlier_remaining_term_months; status_source_conflict,prepaid_positive_balance; outlier_remaining_term_months; status_source_conflict,escalate_human_review,0.766
L000456,0.06899424393058563,0.08283608591947467,0.0008301929498784931,0.05706842079229777,current,0.6771,none,0.6789,0.2139,outlier_remaining_term_months; status_source_conflict,outlier_remaining_term_months; status_source_conflict,reconcile_record,0.863
L000456,0.04362731331060896,0.07626998844133097,0.0013539556730768154,0.030657720757966012,current,0.623,none,0.4949,0.7879,outlier_remaining_term_months; outlier_paydown_rate; status_source_conflict,outlier_remaining_term_months; outlier_paydown_rate; status_source_conflict,escalate_human_review,0.859
L000456,0.05153730698443539,0.11440265564767586,0.0008194205987056393,0.028901366688811724,current,0.6776,none,0.6646,0.2379,outlier_remaining_term_months; outlier_paydown_rate; status_source_conflict,outlier_remaining_term_months; outlier_paydown_rate; status_source_conflict,reconcile_record,0.843
L000457,0.07813617037083967,0.028894705342551074,0.001306580912128855,0.011171358084450434,current,0.785,none,0.7323,0.6649,status_source_conflict,status_source_conflict,reconcile_record,0.918
L000457,0.060534649752907455,0.05121670483774233,0.0019234714677730325,0.018318965692295745,current,0.7186,none,0.7244,0.1149,status_source_conflict,status_source_conflict,reconcile_record,0.914
L000458,0.007941288269606899,0.0026435386766202732,0.0008046555746738107,0.5359918655062005,prepaid,0.8851,none,0.857,0.2259,prepaid_positive_balance; status_source_conflict,prepaid_positive_balance; status_source_conflict,reconcile_record,0.758
L000458,0.008455242622926585,0.002910421211270956,0.000872166439802314,0.38557920521777916,prepaid,0.8746,none,0.8355,0.2259,prepaid_positive_balance; status_source_conflict,prepaid_positive_balance; status_source_conflict,reconcile_record,0.785
L000459,0.028059916695837683,0.024819208113356323,0.0024621925547393194,0.6459027208653331,current,0.6596,none,0.7949,0.1149,status_source_conflict,status_source_conflict,reconcile_record,0.817
L000459,0.009284505908366651,0.0034124633376949065,0.0009456747872719807,0.3591511877698433,prepaid,0.9388,none,0.7856,0.2259,prepaid_positive_balance; status_source_conflict,prepaid_positive_balance; status_source_conflict,reconcile_record,0.794
L000459,0.009284505908366651,0.003366165056904062,0.0009453156901785349,0.39973898673740305,prepaid,0.941,none,0.7836,0.2259,prepaid_positive_balance; status_source_conflict,prepaid_positive_balance; status_source_conflict,reconcile_record,0.779
L000459,0.009227346539551219,0.0034453365977138353,0.0005650553423776418,0.5530723773267702,prepaid,0.9364,none,0.7818,0.2259,prepaid_positive_balance; status_source_conflict,prepaid_positive_balance; status_source_conflict,reconcile_record,0.763
L000459,0.009213812190446168,0.002911596400025055,0.000602378430499066,0.44476324495248204,prepaid,0.9364,none,0.7717,0.2259,prepaid_positive_balance; status_source_conflict,prepaid_positive_balance; status_source_conflict,reconcile_record,0.764
L000460,0.00813931225324867,0.004843605224085959,0.0005948498308020581,0.6983686538079334,prepaid,0.9252,none,0.7894,0.2259,prepaid_positive_balance; status_source_conflict,prepaid_positive_balance; status_source_conflict,reconcile_record,0.813
L000460,0.008956866472033316,0.005144495270401602,0.0005779846625391701,0.6644647917929194,prepaid,0.9245,none,0.7983,0.2259,prepaid_positive_balance; status_source_conflict,prepaid_positive_balance; status_source_conflict,reconcile_record,0.802
L000460,0.009341373104124426,0.005227725317354325,0.0005779937225570572,0.5704961176546295,prepaid,0.9206,none,0.7889,0.2259,prepaid_positive_balance; status_source_conflict,prepaid_positive_balance; status_source_conflict,reconcile_record,0.769
L000460,0.00918636398344408,0.005199314944075903,0.0005779937225570572,0.5704961176546295,prepaid,0.9206,none,0.7934,0.2259,prepaid_positive_balance; status_source_conflict,prepaid_positive_balance; status_source_conflict,reconcile_record,0.769
L000460,0.008341970481690187,0.004518450672744416,0.0005948196786338974,0.7031765559362974,prepaid,0.9265,missing_docs,0.8598,0.2259,prepaid_positive_balance; status_source_conflict,prepaid_positive_balance; status_source_conflict,reconcile_record,0.816
L000461,0.0699130488915465,0.0896625347291789,0.01263235440840181,0.01553705410804423,current,0.7214,source_conflict,0.7584,0.1149,balance_source_conflict,balance_source_conflict,reconcile_record,0.894
L000461,0.04642934728030298,0.06397932271146851,0.009271296738523113,0.05444278461284624,current,0.7654,source_conflict,0.711,0.1149,balance_source_conflict,balance_source_conflict,reconcile_record,0.899
L000462,0.03209353558412742,0.016463665802278437,0.005390605559981162,0.013801156311811733,current,0.6802,none,0.8008,0.2139,outlier_remaining_term_months; status_source_conflict,outlier_remaining_term_months; status_source_conflict,reconcile_record,0.912
L000462,0.026356449535609342,0.014973574124052966,0.005073921109597286,0.013410363785416107,current,0.6727,none,0.7955,0.2139,outlier_remaining_term_months; status_source_conflict,outlier_remaining_term_months; status_source_conflict,reconcile_record,0.915
L000462,0.029629796561049988,0.011092764322171352,0.004729342973706984,0.16015862749390622,current,0.5199,none,0.7529,0.2379,outlier_remaining_term_months; outlier_paydown_rate; status_source_conflict,outlier_remaining_term_months; outlier_paydown_rate; status_source_conflict,reconcile_record,0.84
L000462,0.024818993943883223,0.010739570829070538,0.0057477571974808685,0.12383417193137684,current,0.6805,none,0.7862,0.2379,outlier_remaining_term_months; outlier_paydown_rate; status_source_conflict,outlier_remaining_term_months; outlier_paydown_rate; status_source_conflict,reconcile_record,0.854
L000463,0.11035874884066861,0.17355382868980115,0.1450270051098642,0.016816978933090518,current,0.6495,none,0.6143,0.2379,outlier_remaining_term_months; outlier_paydown_rate; status_source_conflict,outlier_remaining_term_months; outlier_paydown_rate; status_source_conflict,reconcile_record,0.756
L000463,0.1527388892628605,0.2000184912562455,0.3703151506190154,0.03033703127054728,current,0.6809,none,0.656,0.2379,outlier_remaining_term_months; outlier_paydown_rate; status_source_conflict,outlier_remaining_term_months; outlier_paydown_rate; status_source_conflict,reconcile_record,0.648
L000463,0.13798501548765965,0.19154441201059944,0.3247051330416912,0.042411534081406056,current,0.6813,none,0.6543,0.2139,outlier_remaining_term_months; status_source_conflict,outlier_remaining_term_months; status_source_conflict,reconcile_record,0.692
L000464,0.055555213694111295,0.0641649770697382,0.015619433858680337,0.0022817816647761734,current,0.5491,none,0.7038,0.7639,outlier_remaining_term_months; status_source_conflict,outlier_remaining_term_months; status_source_conflict,escalate_human_review,0.888
L000464,0.04872012127512817,0.04105542119647739,0.015099839012145082,0.001911499225950411,current,0.7573,none,0.73,0.7639,outlier_remaining_term_months; status_source_conflict,outlier_remaining_term_months; status_source_conflict,escalate_human_review,0.899
L000464,0.04780081635330593,0.04398362206599674,0.014354515351069632,0.0018521580598013351,current,0.7537,none,0.7344,0.7639,outlier_remaining_term_months; status_source_conflict,outlier_remaining_term_months; status_source_conflict,escalate_human_review,0.898
L000465,0.019436065118665715,0.00890923445268541,0.0005839488269676864,0.39175260451944505,current,0.7533,source_conflict,0.7598,0.2139,outlier_remaining_term_months; balance_source_conflict,outlier_remaining_term_months; balance_source_conflict,reconcile_record,0.789
L000465,0.018012748788237387,0.008630224128747727,0.0007401100844949284,0.31304549177782887,current,0.7638,source_conflict,0.7519,0.2139,outlier_remaining_term_months; balance_source_conflict,outlier_remaining_term_months; balance_source_conflict,reconcile_record,0.817
L000465,0.01678165702893354,0.0060039100155327985,0.00047686070004557165,0.33035370490011906,current,0.7433,source_conflict,0.7104,0.2139,outlier_remaining_term_months; balance_source_conflict,outlier_remaining_term_months; balance_source_conflict,reconcile_record,0.812
L000465,0.019645877127185206,0.011617088056968787,0.000873551485223063,0.3400027816516272,current,0.741,source_conflict,0.7072,0.2139,outlier_remaining_term_months; balance_source_conflict,outlier_remaining_term_months; balance_source_conflict,reconcile_record,0.806
L000466,0.5165981515123995,0.7581602850414285,0.07906418937496523,0.018765525900575376,60_dpd,0.4613,none,0.6621,0.1149,status_source_conflict,status_source_conflict,reconcile_record,0.672
L000466,0.4278590017463857,0.6347122933727561,0.006025834180382776,0.0037026664972499615,90_dpd,0.4851,none,0.6181,0.6649,status_source_conflict,status_source_conflict,reconcile_record,0.679
L000466,0.34201338055254477,0.6189397493628351,0.006644694404579695,0.029549154420809992,current,0.5234,none,0.6639,0.1149,status_source_conflict,status_source_conflict,reconcile_record,0.694
L000467,0.052701387441266935,0.061318219366508254,0.0004554813831325674,0.005251587564884241,current,0.7424,none,0.6027,0.6649,status_source_conflict,status_source_conflict,reconcile_record,0.918
L000467,0.05317984585554201,0.05478435150028992,0.00032064636935623874,0.008037737491232237,current,0.7078,none,0.579,0.1149,status_source_conflict,status_source_conflict,reconcile_record,0.919
L000467,0.06646804994393292,0.05250824375266822,0.001031822912385484,0.00494253739859189,current,0.6879,none,0.6009,0.1149,status_source_conflict,status_source_conflict,reconcile_record,0.917
L000467,0.05072311431798284,0.06638491245536507,0.0003681994495877078,0.011148376722522085,current,0.6754,none,0.59,0.1149,status_source_conflict,status_source_conflict,reconcile_record,0.915
L000468,0.058058174490383176,0.08009958698185325,0.002452022081641577,0.7300596391701827,current,0.7585,none,0.7196,0.1149,status_source_conflict,status_source_conflict,reconcile_record,0.817
L000468,0.009377635870925978,0.004652949759493961,0.0008039639847393143,0.5703238791938707,prepaid,0.951,none,0.7772,0.2259,prepaid_positive_balance; status_source_conflict,prepaid_positive_balance; status_source_conflict,reconcile_record,0.769
L000468,0.009264349039321447,0.0050649722234411745,0.0008404592552706831,0.6191004733010749,prepaid,0.9545,none,0.7835,0.2259,prepaid_positive_balance; status_source_conflict,prepaid_positive_balance; status_source_conflict,reconcile_record,0.786
L000469,0.18515346353157447,0.2937604264761037,0.01725921110289648,0.00708648056635289,current,0.6718,none,0.7089,0.2139,outlier_remaining_term_months; status_source_conflict,outlier_remaining_term_months; status_source_conflict,reconcile_record,0.76
L000469,0.26445261135032566,0.28463108719344143,0.025284387944089614,0.007978315041113942,current,0.6564,none,0.711,0.2139,outlier_remaining_term_months; status_source_conflict,outlier_remaining_term_months; status_source_conflict,reconcile_record,0.732
L000470,0.4786537614771737,0.5645860600716472,0.7753347267351814,0.002165522556487378,default,0.933,none,0.7263,0.7639,outlier_remaining_term_months; status_source_conflict,outlier_remaining_term_months; status_source_conflict,escalate_human_review,0.537
L000470,0.5053384427894997,0.7528781672545154,0.9614985680865465,0.0009514015380999502,default,0.9523,none,0.7096,0.7639,outlier_remaining_term_months; status_source_conflict,outlier_remaining_term_months; status_source_conflict,escalate_human_review,0.662
L000470,0.5093831303800248,0.7492454203639353,0.9600950398977449,0.0011359207565966598,default,0.9475,none,0.7171,0.7639,outlier_remaining_term_months; status_source_conflict,outlier_remaining_term_months; status_source_conflict,escalate_human_review,0.662
L000473,0.04332590952318648,0.14608056529742702,0.021506469298479592,0.17028511080859235,current,0.7615,none,0.6807,0.2139,outlier_remaining_term_months; status_source_conflict,outlier_remaining_term_months; status_source_conflict,reconcile_record,0.802
L000473,0.051450193676664625,0.193220132981331,0.03464123447428517,0.12845941098718477,current,0.7472,none,0.6789,0.2139,outlier_remaining_term_months; status_source_conflict,outlier_remaining_term_months; status_source_conflict,reconcile_record,0.793
L000473,0.04694325504819726,0.21147027797304352,0.05016493015132073,0.14947073066907582,current,0.5666,none,0.5953,0.2139,outlier_remaining_term_months; status_source_conflict,outlier_remaining_term_months; status_source_conflict,reconcile_record,0.776
L000473,0.04883300498261287,0.2234238799853078,0.02644603823857058,0.2057700849653843,current,0.7369,none,0.6846,0.2139,outlier_remaining_term_months; status_source_conflict,outlier_remaining_term_months; status_source_conflict,reconcile_record,0.76
L000473,0.06116896822201099,0.26773042624657334,0.02278637726447672,0.20976534316968223,current,0.7313,none,0.6702,0.2139,outlier_remaining_term_months; status_source_conflict,outlier_remaining_term_months; status_source_conflict,reconcile_record,0.739
L000473,0.04057034868635261,0.20283221518606973,0.03383161098988468,0.2252107460321281,current,0.7067,none,0.6391,0.2139,outlier_remaining_term_months; status_source_conflict,outlier_remaining_term_months; status_source_conflict,reconcile_record,0.76
L000474,0.03896795739728329,0.04077893518301854,0.0075405133814439316,0.028947165980961562,current,0.6873,data_break,0.7593,0.8329,negative_balance; outlier_balance_ratio; outlier_paydown_rate,negative_balance; outlier_balance_ratio; outlier_paydown_rate,escalate_human_review,0.826
L000474,0.041466688845492095,0.0643437383936379,0.01162422246204563,0.06765502806173561,current,0.7169,none,0.6103,0.2139,outlier_paydown_rate; status_source_conflict,outlier_paydown_rate; status_source_conflict,reconcile_record,0.871
L000474,0.03823440209064324,0.11189583946472514,0.004828860576354052,0.04658943844519734,current,0.7345,none,0.7908,0.1149,status_source_conflict,status_source_conflict,reconcile_record,0.889
L000475,0.013964818851722393,0.011394674774718476,0.0009394612989891537,0.018224925518188394,current,0.7866,source_conflict,0.6003,0.2199,balance_source_conflict; status_source_conflict,balance_source_conflict; status_source_conflict,reconcile_record,0.915
L000475,0.01369867662274489,0.010538215916937155,0.0007109716610536101,0.01880093143148397,current,0.7985,source_conflict,0.6011,0.2199,balance_source_conflict; status_source_conflict,balance_source_conflict; status_source_conflict,reconcile_record,0.915
L000475,0.016300782404169448,0.01325162994015667,0.0009911534218237862,0.024347039102378693,current,0.8127,source_conflict,0.5693,0.2199,balance_source_conflict; status_source_conflict,balance_source_conflict; status_source_conflict,reconcile_record,0.911
L000475,0.021584592555595625,0.015143490624741296,0.0010880753176334649,0.020873528684837304,current,0.7445,source_conflict,0.5226,0.1149,balance_source_conflict,balance_source_conflict,reconcile_record,0.94
L000476,0.08729749353116383,0.08460217960089089,0.0013749101272129461,0.17802062179316988,current,0.7316,none,0.8296,0.1149,status_source_conflict,status_source_conflict,reconcile_record,0.837
L000476,0.06932321616098132,0.062469486125385686,0.00130813451756003,0.1714126175366335,current,0.7813,none,0.846,0.1149,status_source_conflict,status_source_conflict,reconcile_record,0.854
L000476,0.07239360389496523,0.06973522200728832,0.0013344291669867643,0.16751485879814246,current,0.7722,none,0.8333,0.1149,status_source_conflict,status_source_conflict,reconcile_record,0.852
L000477,0.034456561854269686,0.02620446266969118,0.0042618681873618945,0.04834782051810507,current,0.7115,none,0.7141,0.2139,outlier_paydown_rate; status_source_conflict,outlier_paydown_rate; status_source_conflict,reconcile_record,0.896
L000477,0.03856681578864951,0.038440823040244265,0.0036919802654868518,0.029978698172987123,current,0.7666,none,0.6962,0.2139,outlier_paydown_rate; status_source_conflict,outlier_paydown_rate; status_source_conflict,reconcile_record,0.898
L000477,0.03634726046136994,0.03499338450045177,0.0033708853294040857,0.04807760763747058,current,0.7592,none,0.7196,0.1149,status_source_conflict,status_source_conflict,reconcile_record,0.917
L000478,0.039772324777671925,0.05811866381923966,0.0017896336478321281,0.014383489773266712,current,0.747,none,0.6629,0.1149,balance_source_conflict,balance_source_conflict,reconcile_record,0.92
L000478,0.0373735895234818,0.06309445177913925,0.001749973537036366,0.014405748477988886,current,0.8081,none,0.6668,0.1149,balance_source_conflict,balance_source_conflict,reconcile_record,0.919
L000478,0.03956548940193494,0.06193212300554294,0.00172444717294702,0.01348917440613133,current,0.7899,none,0.6741,0.1149,balance_source_conflict,balance_source_conflict,reconcile_record,0.919
L000478,0.031367436582139016,0.05568601175695262,0.0018064664132794875,0.015616156143026605,current,0.7993,none,0.6672,0.1149,balance_source_conflict,balance_source_conflict,reconcile_record,0.924
L000479,0.03660348278130261,0.042572586768889066,0.029044076456822023,0.04746432974668365,current,0.6866,none,0.6845,0.2139,outlier_remaining_term_months; status_source_conflict,outlier_remaining_term_months; status_source_conflict,reconcile_record,0.882
L000479,0.0477819758607597,0.042947009862315026,0.032675397109546346,0.09364769766377712,current,0.6632,none,0.6917,0.2139,outlier_remaining_term_months; status_source_conflict,outlier_remaining_term_months; status_source_conflict,reconcile_record,0.86
L000479,0.04167382778195283,0.028110652527791612,0.020188796618490785,0.1485095865052274,current,0.6572,none,0.7058,0.2589,dpd_impossible; outlier_remaining_term_months; status_source_conflict,dpd_impossible; outlier_remaining_term_months; status_source_conflict,reconcile_record,0.808
L000479,0.06083922994308997,0.03402913767967963,0.022815357744453174,0.09206148059016979,current,0.6554,none,0.7162,0.2139,outlier_remaining_term_months; status_source_conflict,outlier_remaining_term_months; status_source_conflict,reconcile_record,0.863
L000480,0.004738790225403373,0.0010787986520573464,0.0012710590200411636,0.6871544744135862,prepaid,0.9856,none,0.8643,0.2259,prepaid_positive_balance; status_source_conflict,prepaid_positive_balance; status_source_conflict,reconcile_record,0.812
L000480,0.004879888772268258,0.0011435820907413794,0.0012722151589578934,0.6644043348499433,prepaid,0.9846,none,0.8607,0.2259,prepaid_positive_balance; status_source_conflict,prepaid_positive_balance; status_source_conflict,reconcile_record,0.804
L000480,0.004992476538952975,0.001127967875510885,0.001270211365544677,0.6559164715886117,prepaid,0.9845,missing_docs,0.7966,0.2259,prepaid_positive_balance; status_source_conflict,prepaid_positive_balance; status_source_conflict,reconcile_record,0.801
L000480,0.00486521770694731,0.001020409304465361,0.0012307770687203198,0.6877376747064439,prepaid,0.9826,none,0.8643,0.2259,prepaid_positive_balance; status_source_conflict,prepaid_positive_balance; status_source_conflict,reconcile_record,0.812
L000481,0.010100232180838447,0.001995945500871573,0.0002778321497975962,0.17299857525274534,prepaid,0.9896,none,0.8003,0.2259,prepaid_positive_balance; status_source_conflict,prepaid_positive_balance; status_source_conflict,reconcile_record,0.859
L000481,0.009405243928685934,0.0019937131907398643,0.0002773653065985758,0.1409619967520109,prepaid,0.9818,none,0.8011,0.2259,prepaid_positive_balance; status_source_conflict,prepaid_positive_balance; status_source_conflict,reconcile_record,0.871
L000481,0.007924565597107552,0.0019291684401549413,0.0002921665942558888,0.14855286868552567,prepaid,0.9856,none,0.7953,0.2259,prepaid_positive_balance; status_source_conflict,prepaid_positive_balance; status_source_conflict,reconcile_record,0.869
L000481,0.008058191211067926,0.0019291684401549413,0.0002820122953907258,0.14855286868552567,prepaid,0.986,none,0.7891,0.2259,prepaid_positive_balance; status_source_conflict,prepaid_positive_balance; status_source_conflict,reconcile_record,0.869
L000482,0.3589606914902728,0.5742387398804892,0.790541274001927,0.00042570683020889645,default,0.9792,none,0.8051,0.7639,outlier_remaining_term_months; status_source_conflict,outlier_remaining_term_months; status_source_conflict,escalate_human_review,0.588
L000482,0.337648075385603,0.5040526385339613,0.7893938076512068,0.00042511683503543757,default,0.9796,none,0.8073,0.7639,outlier_remaining_term_months; status_source_conflict,outlier_remaining_term_months; status_source_conflict,escalate_human_review,0.571
L000482,0.3131676114797004,0.5083952371735045,0.7484008763547809,0.00045365375614651063,default,0.9796,none,0.8038,0.7639,outlier_remaining_term_months; status_source_conflict,outlier_remaining_term_months; status_source_conflict,escalate_human_review,0.566
L000482,0.337648075385603,0.5040526385339613,0.7893938076512068,0.00042511683503543757,default,0.9796,none,0.8073,0.7639,outlier_remaining_term_months; status_source_conflict,outlier_remaining_term_months; status_source_conflict,escalate_human_review,0.571
L000483,0.004554461305247064,0.002049100523593015,0.0005995194552068865,0.36043698029314686,prepaid,0.8344,none,0.7325,0.2259,prepaid_positive_balance; status_source_conflict,prepaid_positive_balance; status_source_conflict,reconcile_record,0.795
L000483,0.004924581780354056,0.002089004767750958,0.0005995194552068865,0.41105100532727895,prepaid,0.8344,none,0.7307,0.2259,prepaid_positive_balance; status_source_conflict,prepaid_positive_balance; status_source_conflict,reconcile_record,0.778
L000483,0.005619815961745625,0.002274992029071787,0.0007032108291068643,0.30080000132860724,prepaid,0.831,none,0.726,0.2259,prepaid_positive_balance; status_source_conflict,prepaid_positive_balance; status_source_conflict,reconcile_record,0.816
L000483,0.005535534272348759,0.0018934108585052971,0.0007032108291068643,0.30080000132860724,prepaid,0.8316,none,0.7177,0.2259,prepaid_positive_balance; status_source_conflict,prepaid_positive_balance; status_source_conflict,reconcile_record,0.816
L000484,0.008946874167544331,0.003484697790612438,0.00020244950014370377,0.8455849671683553,prepaid,0.9362,none,0.7464,0.7759,prepaid_positive_balance; status_source_conflict,prepaid_positive_balance; status_source_conflict,escalate_human_review,0.865
L000484,0.008404179945480532,0.0033784713107117017,0.0002144170309847646,0.8324333815361014,prepaid,0.9366,none,0.7551,0.7759,prepaid_positive_balance; status_source_conflict,prepaid_positive_balance; status_source_conflict,escalate_human_review,0.861
L000484,0.008294946031522593,0.003018066149963592,0.00020244153290826638,0.8505832390854794,prepaid,0.9321,missing_docs,0.7642,0.7759,prepaid_positive_balance; status_source_conflict,prepaid_positive_balance; status_source_conflict,escalate_human_review,0.868
L000486,0.07074057780083441,0.03775302019514007,0.005173264052785616,0.015600575936436155,current,0.7803,none,0.4982,0.2199,balance_source_conflict; status_source_conflict,balance_source_conflict; status_source_conflict,reconcile_record,0.885
L000486,0.04207749992015749,0.026573118866252205,0.0034315475167524564,0.02852920168437462,current,0.7894,none,0.5122,0.2199,balance_source_conflict; status_source_conflict,balance_source_conflict; status_source_conflict,reconcile_record,0.895
L000486,0.0603804996078931,0.03374024757333423,0.00398213489259349,0.02141539944167309,current,0.7244,none,0.4634,0.2199,balance_source_conflict; status_source_conflict,balance_source_conflict; status_source_conflict,reconcile_record,0.888
L000486,0.03503246160981876,0.01957295245283325,0.003720462997742162,0.0871114077301174,current,0.7924,none,0.5112,0.2199,balance_source_conflict; status_source_conflict,balance_source_conflict; status_source_conflict,reconcile_record,0.879
L000487,0.06045979961189035,0.06339638994275792,0.010020166427058561,0.0011375841971911472,current,0.7254,none,0.7644,0.6649,status_source_conflict,status_source_conflict,reconcile_record,0.912
L000487,0.0566482599938689,0.056692752778808427,0.006959335233942454,0.0018137136928121813,current,0.4163,none,0.7221,0.7759,dpd_status_break; status_source_conflict,dpd_status_break; status_source_conflict,escalate_human_review,0.881
L000487,0.024540660093339786,0.031319700739081496,0.004061002965076807,0.0015675486726594997,current,0.6625,none,0.59,0.6649,status_source_conflict,status_source_conflict,reconcile_record,0.938
L000487,0.03872849947941913,0.04257260569862872,0.006518638277394898,0.0024119220281911373,current,0.631,none,0.6141,0.6649,status_source_conflict,status_source_conflict,reconcile_record,0.929
L000487,0.037559415723136265,0.038763258947403456,0.0065079896273955926,0.002031245057388385,current,0.6672,none,0.7478,0.1149,status_source_conflict,status_source_conflict,reconcile_record,0.931
L000487,0.035805753621543736,0.03605698689219838,0.008461973851888065,0.0017473058736558204,current,0.6783,none,0.7573,0.1149,status_source_conflict,status_source_conflict,reconcile_record,0.931
L000488,0.017266269511300582,0.005717582766931447,0.003078982069044637,0.2707048832003039,prepaid,0.9285,none,0.8851,0.2259,prepaid_positive_balance; status_source_conflict,prepaid_positive_balance; status_source_conflict,reconcile_record,0.82
L000488,0.014651683903988315,0.005642667798223527,0.0026228680492562093,0.31042068205751333,prepaid,0.9261,none,0.896,0.2259,prepaid_positive_balance; status_source_conflict,prepaid_positive_balance; status_source_conflict,reconcile_record,0.807
L000488,0.014629652167060839,0.005841305895813566,0.0013858522759717933,0.32305359037100356,prepaid,0.92,none,0.8973,0.2259,prepaid_positive_balance; status_source_conflict,prepaid_positive_balance; status_source_conflict,reconcile_record,0.804
L000488,0.01585299053218001,0.005717582766931447,0.003086838194453058,0.2660248482668745,prepaid,0.9242,none,0.8904,0.2259,prepaid_positive_balance; status_source_conflict,prepaid_positive_balance; status_source_conflict,reconcile_record,0.823
L000489,0.09233983451344568,0.12688541488954044,0.024297783800825257,0.0011514380969475139,current,0.6751,none,0.7014,0.7639,outlier_remaining_term_months; status_source_conflict,outlier_remaining_term_months; status_source_conflict,escalate_human_review,0.851
L000489,0.10108469397608444,0.1180278738728664,0.030066836298890624,0.0016033447192678409,current,0.6454,none,0.6723,0.7639,outlier_remaining_term_months; status_source_conflict,outlier_remaining_term_months; status_source_conflict,escalate_human_review,0.849
L000489,0.08099459625643436,0.10958977605344418,0.021300996220227825,0.0014789615403545144,current,0.6757,none,0.6878,0.7639,outlier_remaining_term_months; status_source_conflict,outlier_remaining_term_months; status_source_conflict,escalate_human_review,0.861
L000489,0.1034478515158123,0.12004322922491624,0.02158321536275859,0.0015407927350248498,current,0.6565,none,0.6811,0.7639,outlier_remaining_term_months; status_source_conflict,outlier_remaining_term_months; status_source_conflict,escalate_human_review,0.85
L000489,0.09417310646318988,0.11454730746890433,0.02029501216110521,0.0013425428870482198,current,0.668,none,0.6719,0.7639,outlier_remaining_term_months; status_source_conflict,outlier_remaining_term_months; status_source_conflict,escalate_human_review,0.856
L000490,0.163395417460304,0.10470691755014334,0.009238727337211636,0.0006516299951992787,current,0.6495,none,0.7254,0.7639,outlier_remaining_term_months; status_source_conflict,outlier_remaining_term_months; status_source_conflict,escalate_human_review,0.839
L000490,0.08603567789023932,0.06318018102997681,0.006683432768966433,0.0005055711216130167,current,0.6341,none,0.7551,0.7639,outlier_remaining_term_months; status_source_conflict,outlier_remaining_term_months; status_source_conflict,escalate_human_review,0.882
L000490,0.07305105451051092,0.08999002487924185,0.008772306535004973,0.0005379257294903589,current,0.6128,none,0.7319,0.2139,outlier_remaining_term_months; status_source_conflict,outlier_remaining_term_months; status_source_conflict,reconcile_record,0.876
L000491,0.23653109517195592,0.32588266415666595,0.03574989813314817,0.5342097763106556,current,0.622,none,0.5389,0.6649,status_source_conflict,status_source_conflict,reconcile_record,0.588
L000491,0.20392119409166884,0.3382612549610484,0.028668900745275488,0.5577640986585221,current,0.5699,none,0.6628,0.6649,status_source_conflict,status_source_conflict,reconcile_record,0.605
L000491,0.20662672435198792,0.3055444932425388,0.042810272751727475,0.5662521357173609,current,0.5996,none,0.66,0.6649,status_source_conflict,status_source_conflict,reconcile_record,0.614
L000491,0.015399072764007126,0.00872442875280513,0.0013429833475292307,0.3871553114708797,prepaid,0.7945,none,0.6678,0.7759,prepaid_positive_balance; status_source_conflict,prepaid_positive_balance; status_source_conflict,escalate_human_review,0.78
L000492,0.050073895416025284,0.10074451773018979,0.006322900959423333,0.014453597487459493,current,0.6812,none,0.7921,0.1149,status_source_conflict,status_source_conflict,reconcile_record,0.9
L000492,0.043666080444714594,0.09722867321116895,0.007604512235924998,0.015233587174428664,current,0.6944,none,0.7915,0.1149,status_source_conflict,status_source_conflict,reconcile_record,0.903
L000492,0.04204660163570036,0.09865323713294571,0.006946423328864669,0.015698446310670848,current,0.7145,none,0.789,0.1149,status_source_conflict,status_source_conflict,reconcile_record,0.903
L000492,0.15737546422895807,0.22303547583620034,0.033409452425748595,0.018062350319012228,60_dpd,0.446,none,0.7269,0.6649,status_source_conflict,status_source_conflict,reconcile_record,0.809
L000492,0.10384086873825037,0.12163210514097263,0.017264652311837415,0.008983409278161133,90_dpd,0.6795,none,0.7526,0.6649,status_source_conflict,status_source_conflict,reconcile_record,0.872
L000492,0.0301527892076655,0.07375716362528621,0.0018705681069943198,0.01930551908523068,current,0.6545,none,0.7928,0.1149,status_source_conflict,status_source_conflict,reconcile_record,0.916
L000493,0.011194080332928564,0.005873254085991397,0.0003841395677218035,0.10528512162412075,prepaid,0.9849,missing_docs,0.8868,0.2499,prepaid_positive_balance; outlier_remaining_term_months; status_source_conflict,prepaid_positive_balance; outlier_remaining_term_months; status_source_conflict,reconcile_record,0.857
L000493,0.011163633866255185,0.00574414408991758,0.00038645983128229687,0.13206718413971885,prepaid,0.9793,none,0.7335,0.2499,prepaid_positive_balance; outlier_remaining_term_months; status_source_conflict,prepaid_positive_balance; outlier_remaining_term_months; status_source_conflict,reconcile_record,0.848
L000494,0.06907078702282186,0.10213399490846604,0.023534158011680805,0.007718588319044056,current,0.6988,none,0.796,0.2139,outlier_remaining_term_months; status_source_conflict,outlier_remaining_term_months; status_source_conflict,reconcile_record,0.865
L000494,0.053806730540786184,0.10696367716669679,0.03782994437431906,0.009036823379755164,current,0.7075,none,0.7977,0.2139,outlier_remaining_term_months; status_source_conflict,outlier_remaining_term_months; status_source_conflict,reconcile_record,0.863
L000494,0.04698555984301419,0.09290499324716654,0.03547265298186154,0.008096292003541478,current,0.7077,none,0.8032,0.2139,outlier_remaining_term_months; status_source_conflict,outlier_remaining_term_months; status_source_conflict,reconcile_record,0.872
L000494,0.07715670661634062,0.11928275296612628,0.07333817761465507,0.016867411396974726,current,0.7112,none,0.7989,0.7639,outlier_remaining_term_months; status_source_conflict,outlier_remaining_term_months; status_source_conflict,escalate_human_review,0.836
L000494,0.06036153708549239,0.10723042492508202,0.03553878734627657,0.0178149767721975,current,0.7323,none,0.7854,0.7639,outlier_remaining_term_months; status_source_conflict,outlier_remaining_term_months; status_source_conflict,escalate_human_review,0.859
L000495,0.14108484252597808,0.245740736983054,0.04799149171624709,0.05238010222554689,current,0.5634,missing_docs,0.7785,0.7639,outlier_remaining_term_months; status_source_conflict,outlier_remaining_term_months; status_source_conflict,escalate_human_review,0.765
L000495,0.16451957373495807,0.35491072524487005,0.0709817428730366,0.08181529071503953,current,0.6311,none,0.7815,0.7639,outlier_remaining_term_months; status_source_conflict,outlier_remaining_term_months; status_source_conflict,escalate_human_review,0.701
L000495,0.11906791700626794,0.19497472661837767,0.06933777465110387,0.08638271255923867,current,0.6423,none,0.6759,0.7639,outlier_remaining_term_months; status_source_conflict,outlier_remaining_term_months; status_source_conflict,escalate_human_review,0.772
L000495,0.15633181704024987,0.22433129728877196,0.04955289818687277,0.09570645714624938,current,0.5838,none,0.7449,0.7639,outlier_remaining_term_months; status_source_conflict,outlier_remaining_term_months; status_source_conflict,escalate_human_review,0.752
L000495,0.15459946504243804,0.19677143503521974,0.054883847187320145,0.10264568184200229,current,0.6696,none,0.7669,0.7639,outlier_remaining_term_months; status_source_conflict,outlier_remaining_term_months; status_source_conflict,escalate_human_review,0.758
L000496,0.09516597703928041,0.2410260682839184,0.002303811816202159,0.13221711411306358,current,0.6684,none,0.5651,0.6649,status_source_conflict,status_source_conflict,reconcile_record,0.796
L000496,0.09991673539437346,0.2480613172023527,0.002830862626827965,0.1309035275991489,current,0.6678,none,0.5794,0.6649,status_source_conflict,status_source_conflict,reconcile_record,0.791
L000496,0.09732189857753877,0.23890150626901752,0.0028628223712659872,0.1309336553632199,current,0.6885,none,0.5755,0.1149,status_source_conflict,status_source_conflict,reconcile_record,0.796
L000496,0.10550343222886266,0.1927927506520024,0.0015708757061120657,0.14746249918936424,current,0.6773,none,0.5756,0.1149,status_source_conflict,status_source_conflict,reconcile_record,0.803
L000497,0.061035499374691014,0.4145815427559904,0.9337494945145471,0.003628387640080505,current,0.6646,none,0.6232,0.6649,status_source_conflict,status_source_conflict,reconcile_record,0.769
L000497,0.1788498283422152,0.5009221540726875,0.9276505272119108,0.002482703938136196,60_dpd,0.4959,none,0.6915,0.6649,status_source_conflict,status_source_conflict,reconcile_record,0.697
L000497,0.09982628182541105,0.36391157311665157,0.942056080552164,0.0003423583459087169,default,0.899,none,0.6227,0.6649,status_source_conflict,status_source_conflict,reconcile_record,0.777
L000497,0.08726697207138678,0.27503968832157083,0.9421510602441034,0.0003443707048428288,default,0.929,none,0.6761,0.6649,status_source_conflict,status_source_conflict,reconcile_record,0.813
L000497,0.10010617035799313,0.3556682862105435,0.9393369648842036,0.00033545029210900533,default,0.9286,none,0.6729,0.6649,status_source_conflict,status_source_conflict,reconcile_record,0.78
L000498,0.05461968168254649,0.08204030306979986,0.03497787526882488,0.19343655752661068,current,0.7091,none,0.8882,0.2139,outlier_paydown_rate; status_source_conflict,outlier_paydown_rate; status_source_conflict,reconcile_record,0.808
L000498,0.062078133417383365,0.09463851373199228,0.04258861743671815,0.13212287984162327,current,0.5916,missing_docs,0.8686,0.1149,status_source_conflict,status_source_conflict,reconcile_record,0.844
L000498,0.07053547430218567,0.08659321461834708,0.021086517540881602,0.1860949437471673,current,0.7361,none,0.9078,0.1149,status_source_conflict,status_source_conflict,reconcile_record,0.833
L000498,0.060817185181637666,0.10508026318627682,0.03505555517642215,0.23071834178875858,current,0.7158,none,0.8859,0.1149,status_source_conflict,status_source_conflict,reconcile_record,0.809
L000499,0.032845310525942306,0.0873531236993143,0.03844884686566329,0.019481456528240907,current,0.8116,none,0.743,0.1149,status_source_conflict,status_source_conflict,reconcile_record,0.898
L000499,0.1775123070617259,0.24861015081794632,0.47916189787550484,0.012197955906475606,60_dpd,0.5131,none,0.5974,0.7639,outlier_paydown_rate; status_source_conflict,outlier_paydown_rate; status_source_conflict,escalate_human_review,0.615
L000500,0.008127132146972514,0.00349526691376516,0.0016266020321886964,0.683781094483725,prepaid,0.8999,none,0.7569,0.2739,prepaid_positive_balance; outlier_remaining_term_months; outlier_paydown_rate,prepaid_positive_balance; outlier_remaining_term_months; outlier_paydown_rate,reconcile_record,0.761
L000501,0.014936084837109105,0.009783884020660267,0.006286578702346401,0.27263299045381073,current,0.7575,none,0.7972,0.2139,outlier_remaining_term_months; status_source_conflict,outlier_remaining_term_months; status_source_conflict,reconcile_record,0.83
L000502,0.012609183385828879,0.0035050597886754653,0.000922885358980627,0.8487568786536018,prepaid,0.9044,none,0.6958,0.2499,prepaid_positive_balance; outlier_remaining_term_months; status_source_conflict,prepaid_positive_balance; outlier_remaining_term_months; status_source_conflict,reconcile_record,0.841
L000502,0.011720651016994094,0.002958213992966392,0.0009084674789237419,0.8585676973775055,prepaid,0.9044,none,0.7109,0.2499,prepaid_positive_balance; outlier_remaining_term_months; status_source_conflict,prepaid_positive_balance; outlier_remaining_term_months; status_source_conflict,reconcile_record,0.845
L000502,0.011661798306034693,0.002952664917333241,0.0008991235220980545,0.8585612874588578,prepaid,0.9044,none,0.7033,0.7999,prepaid_positive_balance; outlier_remaining_term_months; status_source_conflict,prepaid_positive_balance; outlier_remaining_term_months; status_source_conflict,escalate_human_review,0.845
L000502,0.012609183385828879,0.0035050597886754653,0.000922885358980627,0.8487568786536018,prepaid,0.9044,none,0.6958,0.7999,prepaid_positive_balance; outlier_remaining_term_months; status_source_conflict,prepaid_positive_balance; outlier_remaining_term_months; status_source_conflict,escalate_human_review,0.841
L000503,0.13059588929513888,0.2598052732920622,0.03210341199362257,0.0034747541019642704,current,0.6572,none,0.7231,0.1149,status_source_conflict,status_source_conflict,reconcile_record,0.811
L000503,0.118803547957517,0.24003268106072842,0.024538898705453685,0.004194821438211757,current,0.6367,none,0.6153,0.1149,status_source_conflict,status_source_conflict,reconcile_record,0.824
L000503,0.08147040690868042,0.17084707334024418,0.04358636590887311,0.0028304383369018686,current,0.6265,none,0.7318,0.2349,dpd_impossible; status_source_conflict,dpd_impossible; status_source_conflict,reconcile_record,0.811
L000503,0.1350006222965573,0.2693782163137814,0.02073880571955846,0.0032820213398873158,current,0.6225,none,0.7308,0.1149,status_source_conflict,status_source_conflict,reconcile_record,0.81
L000504,0.1930029232350863,0.6626351816115892,0.1337453031701605,0.024174826516264774,current,0.747,none,0.771,0.1149,status_source_conflict,status_source_conflict,reconcile_record,0.719
L000504,0.18130319063636616,0.6646050013275605,0.07074251641262207,0.02845368211356719,current,0.7134,none,0.7712,0.1149,status_source_conflict,status_source_conflict,reconcile_record,0.744
L000504,0.16642097982437,0.6498394545050457,0.0882792776008383,0.033085010495025,current,0.7037,none,0.7708,0.1149,status_source_conflict,status_source_conflict,reconcile_record,0.737
L000504,0.1336246522622978,0.6600425614473237,0.11756012122385767,0.02511203689677273,current,0.7171,none,0.758,0.1149,status_source_conflict,status_source_conflict,reconcile_record,0.744
L000504,0.14588816988831488,0.6265820369619567,0.07004505603495995,0.03705535101261236,current,0.7201,none,0.7331,0.1149,status_source_conflict,status_source_conflict,reconcile_record,0.741
L000505,0.05968781770512638,0.05318849456976003,0.001502532541294319,0.43685621298929384,current,0.7766,none,0.7721,0.2139,outlier_remaining_term_months; status_source_conflict,outlier_remaining_term_months; status_source_conflict,reconcile_record,0.743
L000505,0.06064493491040628,0.05441333518163818,0.0010145590671524203,0.29943749808373615,current,0.7312,none,0.7512,0.2139,outlier_remaining_term_months; status_source_conflict,outlier_remaining_term_months; status_source_conflict,reconcile_record,0.79
L000505,0.0642936040054252,0.05804788303904642,0.001527128121973366,0.2903207045855038,current,0.7159,none,0.6572,0.2139,outlier_remaining_term_months; status_source_conflict,outlier_remaining_term_months; status_source_conflict,reconcile_record,0.791
L000506,0.22889898079201987,0.3677001427956847,0.0026915071806123173,0.03395241576637226,current,0.5098,source_conflict,0.6143,0.2199,balance_source_conflict; status_source_conflict,balance_source_conflict; status_source_conflict,reconcile_record,0.708
L000506,0.2709318163851905,0.4680753820691273,0.0029146437062561176,0.022886977329920403,current,0.5521,source_conflict,0.6658,0.1149,balance_source_conflict,balance_source_conflict,reconcile_record,0.693
L000506,0.22743932916240725,0.36979930537249633,0.0021357626870725636,0.02497477657406244,current,0.6231,source_conflict,0.6462,0.6649,balance_source_conflict,balance_source_conflict,reconcile_record,0.742
L000508,0.1191589160048681,0.17632034869430147,0.024438123104535348,0.07250155445775087,current,0.7167,none,0.7394,0.2139,outlier_remaining_term_months; status_source_conflict,outlier_remaining_term_months; status_source_conflict,reconcile_record,0.799
L000508,0.13651708266796894,0.17676675031105635,0.024649181811399246,0.052720947431110395,current,0.6904,none,0.7263,0.2139,outlier_remaining_term_months; status_source_conflict,outlier_remaining_term_months; status_source_conflict,reconcile_record,0.8
L000509,0.04611911140403866,0.08446105606568644,0.0004449489399938715,0.13589783563665592,current,0.7096,none,0.7057,0.2139,outlier_remaining_term_months; status_source_conflict,outlier_remaining_term_months; status_source_conflict,reconcile_record,0.843
L000509,0.043653011347549474,0.08290099965990097,0.00047905270344382814,0.1542011579399278,current,0.7232,none,0.7165,0.2139,outlier_remaining_term_months; status_source_conflict,outlier_remaining_term_months; status_source_conflict,reconcile_record,0.837
L000509,0.03519575910034691,0.06557911563718423,0.00024516435055777885,0.16324018168170892,current,0.7174,none,0.7183,0.2139,outlier_remaining_term_months; status_source_conflict,outlier_remaining_term_months; status_source_conflict,reconcile_record,0.844
L000509,0.03474367342997093,0.047100881964015656,0.0002540026462581481,0.2078055023158627,current,0.7377,none,0.7279,0.2139,outlier_remaining_term_months; status_source_conflict,outlier_remaining_term_months; status_source_conflict,reconcile_record,0.835
L000509,0.038518464649923166,0.08759359201590482,0.00048717418822837776,0.19387018690006808,current,0.7149,none,0.701,0.2139,outlier_remaining_term_months; status_source_conflict,outlier_remaining_term_months; status_source_conflict,reconcile_record,0.824
L000510,0.039437274373605474,0.036722685645625384,0.0019088885266626877,0.06931717434582974,current,0.7529,source_conflict,0.502,0.7939,outlier_remaining_term_months; balance_source_conflict; status_source_conflict,outlier_remaining_term_months; balance_source_conflict; status_source_conflict,escalate_human_review,0.854
L000510,0.0395184436869579,0.013659464522334306,0.0022690494871668867,0.04417286887802909,current,0.5837,none,0.5166,0.8299,dpd_status_break; outlier_remaining_term_months; balance_source_conflict,dpd_status_break; outlier_remaining_term_months; balance_source_conflict,escalate_human_review,0.835
L000510,0.024757340251591212,0.011671310425259743,0.0016057800349403017,0.1075322877894731,current,0.6801,none,0.4954,0.2439,outlier_remaining_term_months; balance_source_conflict; status_source_conflict,outlier_remaining_term_months; balance_source_conflict; status_source_conflict,reconcile_record,0.855
L000511,0.005346822604449971,0.0020218768618490896,0.0006213490312160528,0.8749757502911852,prepaid,0.8761,missing_docs,0.7362,0.2259,prepaid_positive_balance; balance_source_conflict,prepaid_positive_balance; balance_source_conflict,reconcile_record,0.877
L000511,0.005327484019710287,0.0020284870562023403,0.0006167570894906452,0.8740832561090829,prepaid,0.8816,source_conflict,0.5922,0.2259,prepaid_positive_balance; balance_source_conflict,prepaid_positive_balance; balance_source_conflict,reconcile_record,0.877
L000511,0.005849517595538812,0.0018740623407085865,0.0006170237449808593,0.8548582847554552,prepaid,0.8829,source_conflict,0.5861,0.7759,prepaid_positive_balance; balance_source_conflict,prepaid_positive_balance; balance_source_conflict,escalate_human_review,0.87
L000512,0.2990263292995628,0.4568105132337062,0.8660060204842921,0.001164576276137342,default,0.9523,none,0.7514,0.7639,outlier_remaining_term_months; status_source_conflict,outlier_remaining_term_months; status_source_conflict,escalate_human_review,0.625
L000512,0.30132419539280625,0.4376139288476684,0.8633244119886513,0.001164576276137342,default,0.9523,none,0.7507,0.7639,outlier_remaining_term_months; status_source_conflict,outlier_remaining_term_months; status_source_conflict,escalate_human_review,0.63
L000512,0.32259394630188704,0.525024920111531,0.8691919609784357,0.0008714460202299202,default,0.9489,missing_docs,0.7713,0.7639,outlier_remaining_term_months; status_source_conflict,outlier_remaining_term_months; status_source_conflict,escalate_human_review,0.611
L000513,0.21323963646756647,0.3252634462617798,0.8568478641072298,0.04584984229918667,current,0.7113,none,0.8259,0.1149,status_source_conflict,status_source_conflict,reconcile_record,0.705
L000513,0.15182111670037648,0.2884330617388005,0.9036539113069043,0.041296331385032005,current,0.765,none,0.8204,0.1149,status_source_conflict,status_source_conflict,reconcile_record,0.758
L000513,0.1596434759728241,0.19260921105115605,0.8902175498442676,0.067819438417345,current,0.7305,none,0.8231,0.1149,status_source_conflict,status_source_conflict,reconcile_record,0.775
L000513,0.10914282519791424,0.1772881553580857,0.8367251953928104,0.0004630825058698263,default,0.94,none,0.7479,0.7639,outlier_paydown_rate; status_source_conflict,outlier_paydown_rate; status_source_conflict,escalate_human_review,0.779
L000514,0.10806773084414023,0.1372380537971952,0.042631901161450964,0.10473366762878238,current,0.6852,none,0.852,0.1149,status_source_conflict,status_source_conflict,reconcile_record,0.823
L000514,0.11744205473186238,0.14455659064498882,0.038662618430083596,0.10589045616449257,current,0.6596,none,0.8449,0.1149,status_source_conflict,status_source_conflict,reconcile_record,0.818
L000514,0.11810668244524232,0.17682526734908524,0.03047754699201896,0.10323479321298985,current,0.6214,none,0.6863,0.1149,status_source_conflict,status_source_conflict,reconcile_record,0.81
L000514,0.10223839285845326,0.1571836070225114,0.039624917351609196,0.1129843571395554,current,0.6166,none,0.8421,0.1149,status_source_conflict,status_source_conflict,reconcile_record,0.816
L000515,0.06876030321936231,0.10629447454398529,0.0006909505740932431,0.14589314939596645,current,0.6862,none,0.7628,0.2139,outlier_remaining_term_months; status_source_conflict,outlier_remaining_term_months; status_source_conflict,reconcile_record,0.823
L000515,0.08867411796882639,0.11967694859255745,0.0005135552857298264,0.1641287569782911,current,0.6765,none,0.7625,0.2139,outlier_remaining_term_months; status_source_conflict,outlier_remaining_term_months; status_source_conflict,reconcile_record,0.806
L000515,0.06146549563369516,0.11207692387028723,0.00059129494556556,0.17880919430733513,current,0.6687,none,0.7733,0.2139,outlier_remaining_term_months; status_source_conflict,outlier_remaining_term_months; status_source_conflict,reconcile_record,0.813
L000515,0.05665270236576886,0.09906369361498428,0.00042254530698294517,0.20608285139715452,current,0.681,none,0.7569,0.2139,outlier_remaining_term_months; status_source_conflict,outlier_remaining_term_months; status_source_conflict,reconcile_record,0.809
L000516,0.010978282355067316,0.0024517138635470827,0.0014537783640872302,0.6448542250718386,prepaid,0.9609,none,0.7245,0.7999,prepaid_positive_balance; outlier_remaining_term_months; status_source_conflict,prepaid_positive_balance; outlier_remaining_term_months; status_source_conflict,escalate_human_review,0.771
L000516,0.01002416177025833,0.002686467145137228,0.0014508680735970272,0.6301201036330982,prepaid,0.9649,none,0.7369,0.7999,prepaid_positive_balance; outlier_remaining_term_months; status_source_conflict,prepaid_positive_balance; outlier_remaining_term_months; status_source_conflict,escalate_human_review,0.766
L000516,0.010763864930079628,0.0025083640087797863,0.0014535120465200477,0.6434719169083336,prepaid,0.9667,none,0.7297,0.7999,prepaid_positive_balance; outlier_remaining_term_months; status_source_conflict,prepaid_positive_balance; outlier_remaining_term_months; status_source_conflict,escalate_human_review,0.77
L000516,0.009528117916180837,0.0025402962317744304,0.0014537924579462846,0.6368805752832113,prepaid,0.9649,none,0.7363,0.7999,prepaid_positive_balance; outlier_remaining_term_months; status_source_conflict,prepaid_positive_balance; outlier_remaining_term_months; status_source_conflict,escalate_human_review,0.768
L000517,0.01617590821836046,0.005489412586351899,0.0038526580456237657,0.13194959422865446,prepaid,0.9663,none,0.7416,0.7999,prepaid_positive_balance; outlier_remaining_term_months; status_source_conflict,prepaid_positive_balance; outlier_remaining_term_months; status_source_conflict,escalate_human_review,0.845
L000517,0.01648506719728343,0.006687230082657335,0.0024806929176183073,0.16506555864470684,prepaid,0.9663,missing_docs,0.7956,0.7999,prepaid_positive_balance; outlier_remaining_term_months; status_source_conflict,prepaid_positive_balance; outlier_remaining_term_months; status_source_conflict,escalate_human_review,0.834
L000518,0.0961470443554497,0.081131426965504,0.077715874970051,0.05956891344548365,current,0.7477,none,0.6466,0.1149,status_source_conflict,status_source_conflict,reconcile_record,0.85
L000518,0.0856312442883476,0.10422297136880511,0.07723075550397424,0.06672797598057123,current,0.7497,none,0.647,0.1149,status_source_conflict,status_source_conflict,reconcile_record,0.843
L000518,0.08239791288946711,0.07938632303389064,0.15925023544427627,0.040735450256149025,current,0.6728,none,0.6341,0.1149,status_source_conflict,status_source_conflict,reconcile_record,0.833
L000518,0.09181762997647526,0.08247174862938794,0.15400529260416063,0.05431197334238075,current,0.7813,none,0.6537,0.1149,status_source_conflict,status_source_conflict,reconcile_record,0.826
L000519,0.008374489406503982,0.004284060509908547,0.0012410911200695703,0.4731762214132546,prepaid,0.9619,none,0.7312,0.7999,prepaid_positive_balance; outlier_remaining_term_months; status_source_conflict,prepaid_positive_balance; outlier_remaining_term_months; status_source_conflict,escalate_human_review,0.729
L000519,0.008091528478959097,0.003572924268295835,0.00107836885515367,0.4543070743433179,prepaid,0.9579,none,0.7204,0.7999,prepaid_positive_balance; outlier_remaining_term_months; status_source_conflict,prepaid_positive_balance; outlier_remaining_term_months; status_source_conflict,escalate_human_review,0.736
L000519,0.007852641445384105,0.0031615168086127628,0.0008997301899344364,0.548978315014026,prepaid,0.9645,none,0.6981,0.2499,prepaid_positive_balance; outlier_remaining_term_months; status_source_conflict,prepaid_positive_balance; outlier_remaining_term_months; status_source_conflict,reconcile_record,0.738
L000521,0.05403252270477326,0.0854961736069117,0.0005827039904513025,0.23991299819078674,current,0.7317,none,0.673,0.1149,status_source_conflict,status_source_conflict,reconcile_record,0.827
L000521,0.04625606426206502,0.054570530799135125,0.0007603930982440122,0.37098457415758884,current,0.7253,none,0.8482,0.1149,status_source_conflict,status_source_conflict,reconcile_record,0.795
L000521,0.05604367229001156,0.075931558089389,0.0006651849605648608,0.40045953820884317,current,0.7297,none,0.8453,0.1149,status_source_conflict,status_source_conflict,reconcile_record,0.773
L000521,0.04340053041955891,0.049217286856124705,0.0007864090515372424,0.39719632620949125,current,0.7246,none,0.8474,0.1149,status_source_conflict,status_source_conflict,reconcile_record,0.789
L000522,0.03917658070919428,0.03993765493732462,0.004508500786341307,0.09412984428090214,current,0.7845,none,0.6844,0.7639,outlier_remaining_term_months; status_source_conflict,outlier_remaining_term_months; status_source_conflict,escalate_human_review,0.874
L000522,0.011371070051768179,0.004112587495670579,0.0021993531165450113,0.02990296462274589,prepaid,0.928,none,0.6744,0.2499,prepaid_positive_balance; outlier_remaining_term_months; status_source_conflict,prepaid_positive_balance; outlier_remaining_term_months; status_source_conflict,reconcile_record,0.883
L000522,0.011371070051768179,0.004039981713575888,0.0020747106933719684,0.030563464679817187,prepaid,0.928,none,0.6721,0.2499,prepaid_positive_balance; outlier_remaining_term_months; status_source_conflict,prepaid_positive_balance; outlier_remaining_term_months; status_source_conflict,reconcile_record,0.883
L000523,0.03560029556249162,0.027293539089244107,0.000470444214368009,0.5232536606762123,current,0.7817,none,0.8816,0.1149,status_source_conflict,status_source_conflict,reconcile_record,0.771
L000523,0.03607467334114336,0.039422185700849655,0.0005334026447829488,0.24067336361669464,current,0.7299,none,0.7403,0.1149,status_source_conflict,status_source_conflict,reconcile_record,0.849
L000523,0.044533034848645354,0.04034871167468792,0.0016367118247322063,0.1185590774004018,current,0.7588,none,0.8499,0.2139,outlier_paydown_rate; status_source_conflict,outlier_paydown_rate; status_source_conflict,reconcile_record,0.864
L000523,0.038657789061250496,0.04527032287889076,0.0006451793083310444,0.18976573307782754,current,0.5655,none,0.8396,0.2139,outlier_paydown_rate; status_source_conflict,outlier_paydown_rate; status_source_conflict,reconcile_record,0.84
L000523,0.04355037324708311,0.04128404785835411,0.0006601722994817369,0.28142623154085267,current,0.794,none,0.8976,0.1149,status_source_conflict,status_source_conflict,reconcile_record,0.832
L000524,0.09270096813189903,0.11555652379623327,0.002257824764507436,0.011418336929687753,current,0.6854,none,0.6588,0.7639,outlier_remaining_term_months; status_source_conflict,outlier_remaining_term_months; status_source_conflict,escalate_human_review,0.858
L000524,0.1021007885487107,0.05072196953850963,0.003059649221070819,0.018041870736384108,current,0.5642,none,0.51,0.7879,outlier_remaining_term_months; outlier_paydown_rate; status_source_conflict,outlier_remaining_term_months; outlier_paydown_rate; status_source_conflict,escalate_human_review,0.851
L000524,0.07123931990157081,0.05866472319953089,0.003199515387489448,0.013240453990213003,current,0.6739,none,0.6439,0.7879,outlier_remaining_term_months; outlier_paydown_rate; status_source_conflict,outlier_remaining_term_months; outlier_paydown_rate; status_source_conflict,escalate_human_review,0.861
L000525,0.006804745451528773,0.003100953185046469,0.000674468829199682,0.669266377899899,prepaid,0.9629,none,0.7561,0.7999,prepaid_positive_balance; outlier_remaining_term_months; status_source_conflict,prepaid_positive_balance; outlier_remaining_term_months; status_source_conflict,escalate_human_review,0.78
L000527,0.10225712307884134,0.12668466983174068,0.07093721415230032,0.02547959798515481,current,0.673,source_conflict,0.5596,0.2139,outlier_remaining_term_months; balance_source_conflict,outlier_remaining_term_months; balance_source_conflict,reconcile_record,0.822
L000527,0.1966431228947744,0.360140473980565,0.18255375764921503,0.014878787007425143,current,0.6722,source_conflict,0.5564,0.2139,outlier_remaining_term_months; balance_source_conflict,outlier_remaining_term_months; balance_source_conflict,reconcile_record,0.672
L000527,0.1739254993489131,0.2687038164719002,0.10715604388571691,0.011970952135251787,current,0.6528,missing_docs,0.8765,0.2139,outlier_remaining_term_months; balance_source_conflict,outlier_remaining_term_months; balance_source_conflict,reconcile_record,0.739
L000529,0.08180252256560364,0.061844037736970024,0.0014181356451306562,0.04518551310974219,current,0.7124,none,0.818,0.1149,status_source_conflict,status_source_conflict,reconcile_record,0.894
L000529,0.1646207009198547,0.10119728956993074,0.006594058121942462,0.056989215342706845,current,0.7094,none,0.8157,0.1149,status_source_conflict,status_source_conflict,reconcile_record,0.845
L000529,0.15446629382998053,0.09863355550822372,0.007373452374361054,0.11713422711227707,current,0.6899,none,0.8277,0.1149,status_source_conflict,status_source_conflict,reconcile_record,0.828
L000530,0.010630360839339756,0.004109737840432869,0.0007747120617461089,0.33188385962913003,prepaid,0.983,none,0.7636,0.2259,prepaid_positive_balance; status_source_conflict,prepaid_positive_balance; status_source_conflict,reconcile_record,0.802
L000530,0.010704082491422774,0.004712931920283979,0.0014001748022861016,0.30509675788194024,prepaid,0.9829,none,0.7503,0.2259,prepaid_positive_balance; status_source_conflict,prepaid_positive_balance; status_source_conflict,reconcile_record,0.811
L000530,0.009888147574944954,0.004138640397543976,0.0010153729042471629,0.3347354783317498,prepaid,0.9825,none,0.7534,0.2259,prepaid_positive_balance; status_source_conflict,prepaid_positive_balance; status_source_conflict,reconcile_record,0.802
L000530,0.010248610476438692,0.005298297486702376,0.0013957511316861511,0.29445421777798475,prepaid,0.9796,none,0.751,0.2259,prepaid_positive_balance; status_source_conflict,prepaid_positive_balance; status_source_conflict,reconcile_record,0.815
L000531,0.0783330895379998,0.06365655340403291,0.026554053487479207,0.22201503123231003,current,0.7395,none,0.5911,0.1149,status_source_conflict,status_source_conflict,reconcile_record,0.824
L000531,0.08163420038330559,0.06385233780252257,0.026045131210744237,0.24396916698765528,current,0.697,none,0.5968,0.1149,status_source_conflict,status_source_conflict,reconcile_record,0.814
L000531,0.07417270429527338,0.07247392214580634,0.02527602010637574,0.2268451129357627,current,0.7101,none,0.5526,0.1149,status_source_conflict,status_source_conflict,reconcile_record,0.821
L000532,0.06543242005439744,0.0643727188230687,0.0010938365190821038,0.028440101674883672,current,0.6941,none,0.749,0.7639,outlier_remaining_term_months; status_source_conflict,outlier_remaining_term_months; status_source_conflict,escalate_human_review,0.88
L000532,0.059748303332810865,0.06128743688284638,0.0020241948016285036,0.04759012326921914,current,0.672,none,0.6195,0.7639,outlier_remaining_term_months; status_source_conflict,outlier_remaining_term_months; status_source_conflict,escalate_human_review,0.877
L000532,0.07028451080497844,0.05728023486894027,0.0015428065214562912,0.040312725027773666,current,0.662,missing_docs,0.8752,0.2139,outlier_remaining_term_months; status_source_conflict,outlier_remaining_term_months; status_source_conflict,reconcile_record,0.877
L000532,0.06125004880751511,0.03564467429352477,0.0064690520962521385,0.021289686373181214,current,0.4031,none,0.7002,0.8239,dpd_status_break; outlier_remaining_term_months; outlier_paydown_rate,dpd_status_break; outlier_remaining_term_months; outlier_paydown_rate,escalate_human_review,0.833
L000532,0.03480300193435419,0.028259651948843018,0.001339460003524238,0.037497643976155154,current,0.6164,none,0.7253,0.2379,outlier_remaining_term_months; outlier_paydown_rate; status_source_conflict,outlier_remaining_term_months; outlier_paydown_rate; status_source_conflict,reconcile_record,0.876
L000532,0.04894814537949565,0.031643839461296806,0.002250105858798502,0.043446569844083516,current,0.741,none,0.7743,0.2139,outlier_remaining_term_months; status_source_conflict,outlier_remaining_term_months; status_source_conflict,reconcile_record,0.892
L000533,0.05075128293312137,0.12371662897870683,0.0007913585479477884,0.046015076569294135,current,0.6767,none,0.7619,0.1149,status_source_conflict,status_source_conflict,reconcile_record,0.882
L000533,0.0743751736580544,0.1502756844584624,0.0008440421267170106,0.045934742197025306,current,0.6613,none,0.7659,0.1149,status_source_conflict,status_source_conflict,reconcile_record,0.865
L000533,0.09085874409711812,0.15987176002337175,0.0008289884721195992,0.052106057087135234,current,0.6937,none,0.785,0.1149,status_source_conflict,status_source_conflict,reconcile_record,0.854
L000533,0.07093683441188646,0.20018108583423233,0.0010429854874707857,0.030402826602912113,current,0.6327,none,0.7271,0.2139,outlier_paydown_rate; status_source_conflict,outlier_paydown_rate; status_source_conflict,reconcile_record,0.83
L000533,0.16069262189124975,0.17361258053079517,0.001333534958162387,0.06703160227203818,current,0.6626,none,0.7735,0.2139,outlier_paydown_rate; status_source_conflict,outlier_paydown_rate; status_source_conflict,reconcile_record,0.795
L000534,0.024549827732114737,0.08392029374273667,0.016814605286042134,0.0025122233413828903,current,0.7215,none,0.7806,0.7639,outlier_paydown_rate; status_source_conflict,outlier_paydown_rate; status_source_conflict,escalate_human_review,0.891
L000534,0.03252581963352618,0.08596635175505678,0.011439335376946129,0.0038507018625223003,current,0.7946,none,0.7957,0.6649,status_source_conflict,status_source_conflict,reconcile_record,0.913
L000534,0.032276593439255236,0.09240191782087137,0.006617080825913456,0.0025668302317710515,current,0.804,none,0.8005,0.6649,status_source_conflict,status_source_conflict,reconcile_record,0.913
L000534,0.041000296799345394,0.16231843527315884,0.009259736698668574,0.0025636666949587646,current,0.6157,none,0.7364,0.1149,status_source_conflict,status_source_conflict,reconcile_record,0.884
L000534,0.03203309498124041,0.12814136954883423,0.007207246401640194,0.0030054931372375995,current,0.8147,none,0.758,0.1149,status_source_conflict,status_source_conflict,reconcile_record,0.901
L000534,0.032981213802364025,0.13068958747205497,0.01876488288615702,0.0035777307612233065,current,0.7936,none,0.7574,0.1149,status_source_conflict,status_source_conflict,reconcile_record,0.895
L000535,0.01341042213703495,0.004715487252688035,0.0006559569950375143,0.7454474150978015,prepaid,0.9615,none,0.7809,0.2259,prepaid_positive_balance; status_source_conflict,prepaid_positive_balance; status_source_conflict,reconcile_record,0.828
L000535,0.01341042213703495,0.00470265030487048,0.0006559569950375143,0.7454474150978015,prepaid,0.9589,none,0.7809,0.2259,prepaid_positive_balance; status_source_conflict,prepaid_positive_balance; status_source_conflict,reconcile_record,0.828
L000535,0.012363270722342973,0.004601990840228463,0.0006559569950375143,0.7454474150978015,prepaid,0.9589,none,0.7809,0.2259,prepaid_positive_balance; status_source_conflict,prepaid_positive_balance; status_source_conflict,reconcile_record,0.829
L000536,0.011602024308029549,0.0034446060735720987,0.0005972362985280067,0.47190876409455296,prepaid,0.9489,none,0.7093,0.2499,prepaid_positive_balance; outlier_remaining_term_months; status_source_conflict,prepaid_positive_balance; outlier_remaining_term_months; status_source_conflict,reconcile_record,0.729
L000536,0.012015446063540802,0.003312276447954663,0.0008085258156330062,0.41476855791328865,prepaid,0.9568,none,0.7059,0.2499,prepaid_positive_balance; outlier_remaining_term_months; status_source_conflict,prepaid_positive_balance; outlier_remaining_term_months; status_source_conflict,reconcile_record,0.75
L000537,0.045333804251581906,0.03361848548191262,0.008086410824439276,0.009137530373396123,current,0.7277,none,0.857,0.2139,outlier_remaining_term_months; status_source_conflict,outlier_remaining_term_months; status_source_conflict,reconcile_record,0.902
L000537,0.02702656716004138,0.03308401124565829,0.004959203782374927,0.01051567860840774,current,0.7923,none,0.8509,0.2139,outlier_remaining_term_months; status_source_conflict,outlier_remaining_term_months; status_source_conflict,reconcile_record,0.909
L000538,0.02529720783296968,0.013262884166100124,0.0042422194999403575,0.01305195647817809,current,0.7383,none,0.7821,0.1149,status_source_conflict,status_source_conflict,reconcile_record,0.94
L000538,0.030356289361243887,0.017350890684434357,0.00415477295645674,0.011346817117721704,current,0.7863,none,0.7774,0.1149,status_source_conflict,status_source_conflict,reconcile_record,0.938
L000538,0.02994749150540286,0.01451748926420978,0.003729112292278923,0.0232917259814682,current,0.7887,none,0.7949,0.1149,status_source_conflict,status_source_conflict,reconcile_record,0.935
L000538,0.03343731165309422,0.015303239156973224,0.0030886531207967656,0.02842836591089089,current,0.7843,none,0.8001,0.1149,status_source_conflict,status_source_conflict,reconcile_record,0.932
L000539,0.10077330719291931,0.1282407709718312,0.47176132163126816,0.027914253170092346,current,0.5825,none,0.7217,0.6649,status_source_conflict,status_source_conflict,reconcile_record,0.705
L000539,0.10322484915085085,0.3072055061450087,0.5477107752940787,0.03916092679615583,current,0.7104,none,0.7435,0.6649,status_source_conflict,status_source_conflict,reconcile_record,0.644
L000539,0.2370195868943322,0.4069612318683449,0.6815701955144671,0.09389811197513283,60_dpd,0.5431,none,0.7043,0.6649,status_source_conflict,status_source_conflict,reconcile_record,0.59
L000539,0.133526370521449,0.24538144665094605,0.6315737597553513,0.00044464286915063203,default,0.7988,none,0.6807,0.7639,outlier_paydown_rate; status_source_conflict,outlier_paydown_rate; status_source_conflict,escalate_human_review,0.674
L000540,0.03745682601446349,0.03858738376675735,0.0002894421125289147,0.007027533671831091,current,0.6921,none,0.7289,0.1149,status_source_conflict,status_source_conflict,reconcile_record,0.931
L000540,0.046404736454063115,0.08386856323371612,0.0006195085910567531,0.019389629495116276,current,0.6943,none,0.6157,0.1149,status_source_conflict,status_source_conflict,reconcile_record,0.908
L000540,0.06351446919743152,0.08697426711379329,0.0005758446569508937,0.022307493340468592,current,0.5712,none,0.7291,0.1149,status_source_conflict,status_source_conflict,reconcile_record,0.899
L000540,0.04566810897335677,0.09018917880989734,0.0005964129948677707,0.025643192648451895,current,0.684,none,0.7336,0.1149,status_source_conflict,status_source_conflict,reconcile_record,0.903
L000541,0.010411283202786897,0.002405106593690185,0.00356232815510577,0.04437015764202926,prepaid,0.9797,none,0.8542,0.2499,prepaid_positive_balance; outlier_remaining_term_months; status_source_conflict,prepaid_positive_balance; outlier_remaining_term_months; status_source_conflict,reconcile_record,0.879
L000541,0.009965289950631525,0.00220354714314678,0.0038101385254394288,0.04434248848040578,prepaid,0.9793,none,0.8355,0.2499,prepaid_positive_balance; outlier_remaining_term_months; status_source_conflict,prepaid_positive_balance; outlier_remaining_term_months; status_source_conflict,reconcile_record,0.879
L000542,0.032230656813014465,0.06406792473447731,0.018076867661501485,0.026522335426667012,current,0.7326,none,0.8012,0.2379,outlier_remaining_term_months; outlier_paydown_rate; status_source_conflict,outlier_remaining_term_months; outlier_paydown_rate; status_source_conflict,reconcile_record,0.863
L000542,0.030795940117229442,0.06676448913081184,0.009581997532926148,0.030650799220685546,current,0.7149,none,0.815,0.2139,outlier_remaining_term_months; status_source_conflict,outlier_remaining_term_months; status_source_conflict,reconcile_record,0.888
L000543,0.0076517050828287985,0.001594846610565378,0.0003102625122099105,0.9072481240690348,prepaid,0.9355,none,0.7612,0.2499,prepaid_positive_balance; outlier_remaining_term_months; status_source_conflict,prepaid_positive_balance; outlier_remaining_term_months; status_source_conflict,reconcile_record,0.864
L000543,0.007166576541275963,0.0012728207236507186,0.0002810842407424834,0.9138517732477468,prepaid,0.9375,none,0.7632,0.2499,prepaid_positive_balance; outlier_remaining_term_months; status_source_conflict,prepaid_positive_balance; outlier_remaining_term_months; status_source_conflict,reconcile_record,0.867
L000543,0.006534372165631818,0.0011543238639221064,0.0004732637015972547,0.900794796796191,prepaid,0.933,none,0.7599,0.2499,prepaid_positive_balance; outlier_remaining_term_months; status_source_conflict,prepaid_positive_balance; outlier_remaining_term_months; status_source_conflict,reconcile_record,0.862
L000543,0.007072749820505664,0.0014195693242457594,0.0002812206691125382,0.9084575088728517,prepaid,0.9264,none,0.7663,0.2499,prepaid_positive_balance; outlier_remaining_term_months; status_source_conflict,prepaid_positive_balance; outlier_remaining_term_months; status_source_conflict,reconcile_record,0.865
L000543,0.0076517050828287985,0.001594846610565378,0.0003100355367926908,0.9072481240690348,prepaid,0.9237,none,0.7607,0.2499,prepaid_positive_balance; outlier_remaining_term_months; status_source_conflict,prepaid_positive_balance; outlier_remaining_term_months; status_source_conflict,reconcile_record,0.864
L000544,0.15019701169782462,0.2987109734382973,0.011050613912810791,0.2037991567030044,current,0.519,none,0.7014,0.1149,status_source_conflict,status_source_conflict,reconcile_record,0.728
L000544,0.12627907918528555,0.25468925605678217,0.0032847333956931464,0.3437122221074511,current,0.5868,none,0.6851,0.1149,status_source_conflict,status_source_conflict,reconcile_record,0.705
L000544,0.15879659263801163,0.25558439236981856,0.007063182098630678,0.21983591796353988,current,0.5598,none,0.7036,0.1149,status_source_conflict,status_source_conflict,reconcile_record,0.735
L000544,0.1828546347139232,0.32112708787159067,0.008098920709974365,0.17298373982870527,current,0.5348,none,0.6692,0.2259,dpd_status_break; status_source_conflict,dpd_status_break; status_source_conflict,reconcile_record,0.684
L000545,0.01883699596934409,0.01046155739446507,0.0033689189564766707,0.7090774545264923,current,0.6313,none,0.7043,0.7639,outlier_paydown_rate; status_source_conflict,outlier_paydown_rate; status_source_conflict,escalate_human_review,0.823
L000545,0.01534185064665348,0.010851183225350912,0.0036081650043695325,0.5691247030407158,current,0.7552,none,0.7452,0.2139,outlier_paydown_rate; status_source_conflict,outlier_paydown_rate; status_source_conflict,reconcile_record,0.775
L000545,0.019035769898450638,0.012591188260463267,0.0025986860676578314,0.6459267474797794,current,0.7614,none,0.7385,0.1149,status_source_conflict,status_source_conflict,reconcile_record,0.824
L000545,0.019061698341271263,0.00824375915741509,0.0028689829212705576,0.6149670740232566,current,0.6414,none,0.7314,0.1149,status_source_conflict,status_source_conflict,reconcile_record,0.814
L000546,0.010265587792077112,0.004080254448532051,0.00025266711406102786,0.6876627642841052,prepaid,0.9857,none,0.7181,0.2259,prepaid_positive_balance; status_source_conflict,prepaid_positive_balance; status_source_conflict,reconcile_record,0.81
L000546,0.010360881725416616,0.00355027190572567,0.00026947525637662607,0.7119902004832558,prepaid,0.975,none,0.5792,0.2259,prepaid_positive_balance; status_source_conflict,prepaid_positive_balance; status_source_conflict,reconcile_record,0.818
L000546,0.010800746614907911,0.004371711263529574,0.0002526778355058365,0.6989374580716671,prepaid,0.9811,none,0.712,0.2259,prepaid_positive_balance; status_source_conflict,prepaid_positive_balance; status_source_conflict,reconcile_record,0.813
L000546,0.010419182333070936,0.0036591842180066863,0.00025346605292879106,0.6989374580716671,prepaid,0.9813,none,0.7058,0.2259,prepaid_positive_balance; status_source_conflict,prepaid_positive_balance; status_source_conflict,reconcile_record,0.813
L000547,0.007660850732147666,0.0015160918981995547,0.0002683905323531114,0.7555262744456651,prepaid,0.9674,none,0.8114,0.7759,prepaid_positive_balance; status_source_conflict,prepaid_positive_balance; status_source_conflict,escalate_human_review,0.835
L000547,0.008006843929754344,0.001627657196133288,0.0002683905323531114,0.7383407071183172,prepaid,0.9689,none,0.8373,0.7759,prepaid_positive_balance; status_source_conflict,prepaid_positive_balance; status_source_conflict,escalate_human_review,0.829
L000547,0.0076766014031455386,0.0014118289810220418,0.0002811565379254289,0.69813081134184,prepaid,0.9687,none,0.8017,0.2259,prepaid_positive_balance; status_source_conflict,prepaid_positive_balance; status_source_conflict,reconcile_record,0.815
L000548,0.1772604681862,0.44693220014240165,0.9091289106885027,0.0007141731340163752,60_dpd,0.405,none,0.7121,0.7639,outlier_remaining_term_months; status_source_conflict,outlier_remaining_term_months; status_source_conflict,escalate_human_review,0.686
L000548,0.09871998317364494,0.3023232856868819,0.9024314386641872,0.00013788155529429792,default,0.9,none,0.6566,0.7639,outlier_remaining_term_months; status_source_conflict,outlier_remaining_term_months; status_source_conflict,escalate_human_review,0.762
L000548,0.10426985616706586,0.2946809045452145,0.8807918067582912,7.632152050150922e-05,default,0.9192,none,0.5927,0.7639,outlier_remaining_term_months; status_source_conflict,outlier_remaining_term_months; status_source_conflict,escalate_human_review,0.755
L000549,0.18965113514878093,0.39868241959437345,0.7901702501675979,0.0019251293373255217,default,0.8106,source_conflict,0.5464,0.7699,balance_source_conflict; status_source_conflict,balance_source_conflict; status_source_conflict,escalate_human_review,0.65
L000549,0.2614710467319217,0.4580967567817715,0.7855885557464393,0.0018691343436645547,default,0.9349,source_conflict,0.5831,0.7699,balance_source_conflict; status_source_conflict,balance_source_conflict; status_source_conflict,escalate_human_review,0.602
L000549,0.2500535156567877,0.4343752535247372,0.7835723213886029,0.0018691343436645547,default,0.9349,source_conflict,0.5818,0.7699,balance_source_conflict; status_source_conflict,balance_source_conflict; status_source_conflict,escalate_human_review,0.614
L000549,0.254964700025976,0.4237939076284114,0.8190483633237174,0.0018735180983930992,default,0.9349,source_conflict,0.5851,0.7699,balance_source_conflict; status_source_conflict,balance_source_conflict; status_source_conflict,escalate_human_review,0.628
L000549,0.19581872146382306,0.398841213023916,0.7962734677694131,0.0018529236815291673,default,0.9303,source_conflict,0.5817,0.7699,balance_source_conflict; status_source_conflict,balance_source_conflict; status_source_conflict,escalate_human_review,0.65
L000550,0.07110338783288296,0.0735144309381266,0.0036283594564113114,0.0070128896184769715,current,0.7412,none,0.6857,0.1149,status_source_conflict,status_source_conflict,reconcile_record,0.906
L000550,0.08348776506418067,0.11016885425819965,0.001988245168314606,0.011561841599977854,current,0.7911,none,0.81,0.1149,status_source_conflict,status_source_conflict,reconcile_record,0.887
L000551,0.012770756090305918,0.0050695264133229405,0.0010024550579174187,0.9023042819378769,prepaid,0.8627,none,0.7467,0.2499,prepaid_positive_balance; outlier_remaining_term_months; status_source_conflict,prepaid_positive_balance; outlier_remaining_term_months; status_source_conflict,reconcile_record,0.859
L000551,0.012571019195726832,0.0051797637669781585,0.0012303784134145134,0.9160219378099065,prepaid,0.869,none,0.7451,0.2499,prepaid_positive_balance; outlier_remaining_term_months; status_source_conflict,prepaid_positive_balance; outlier_remaining_term_months; status_source_conflict,reconcile_record,0.864
L000551,0.013119043203719427,0.005415279124147056,0.0012303784134145134,0.9159944296437915,prepaid,0.8754,none,0.7413,0.7999,prepaid_positive_balance; outlier_remaining_term_months; status_source_conflict,prepaid_positive_balance; outlier_remaining_term_months; status_source_conflict,escalate_human_review,0.864
L000552,0.11903561783122518,0.1113959462475833,0.018160725138163865,0.007582025107874522,current,0.728,none,0.8212,0.1149,status_source_conflict,status_source_conflict,reconcile_record,0.87
L000552,0.13244347584117674,0.1433345321692563,0.019974385121737444,0.019594992581133768,current,0.596,none,0.8094,0.1149,status_source_conflict,status_source_conflict,reconcile_record,0.849
L000552,0.12462261208163876,0.12785732167613675,0.018375682902515556,0.017338698492558445,current,0.7618,none,0.8224,0.1149,status_source_conflict,status_source_conflict,reconcile_record,0.859
L000552,0.10262160498056123,0.13357636343633605,0.022077488832924968,0.020657706006746882,current,0.7778,none,0.8291,0.1149,status_source_conflict,status_source_conflict,reconcile_record,0.863
L000553,0.4111715525950171,0.5100252557825966,0.6809486314129815,0.0007714864693862551,default,0.9859,none,0.6718,0.7639,outlier_remaining_term_months; status_source_conflict,outlier_remaining_term_months; status_source_conflict,escalate_human_review,0.509
L000553,0.44120500094613097,0.6119404786556752,0.6815304745978851,0.0006594863049313587,default,0.9856,none,0.6656,0.7639,outlier_remaining_term_months; status_source_conflict,outlier_remaining_term_months; status_source_conflict,escalate_human_review,0.534
L000553,0.42494218312972093,0.5567006394124515,0.6789614593054232,0.0009356250797858768,default,0.9862,none,0.6728,0.7639,outlier_remaining_term_months; status_source_conflict,outlier_remaining_term_months; status_source_conflict,escalate_human_review,0.52
L000553,0.44120500094613097,0.6119404786556752,0.6815304745978851,0.0006594863049313587,default,0.9856,none,0.6656,0.7639,outlier_remaining_term_months; status_source_conflict,outlier_remaining_term_months; status_source_conflict,escalate_human_review,0.534
L000554,0.033583101195490565,0.022994855767398067,0.0026021469026630416,0.4882417000179879,current,0.7511,none,0.8022,0.2139,outlier_remaining_term_months; status_source_conflict,outlier_remaining_term_months; status_source_conflict,reconcile_record,0.744
L000554,0.008212302838794887,0.0013762005304747387,0.0010589109292990365,0.4860259103666362,prepaid,0.8931,none,0.7879,0.2499,prepaid_positive_balance; outlier_remaining_term_months; status_source_conflict,prepaid_positive_balance; outlier_remaining_term_months; status_source_conflict,reconcile_record,0.726
L000554,0.008212302838794887,0.0014409437477072972,0.0010589109292990365,0.47906525493649194,prepaid,0.8931,none,0.7879,0.2499,prepaid_positive_balance; outlier_remaining_term_months; status_source_conflict,prepaid_positive_balance; outlier_remaining_term_months; status_source_conflict,reconcile_record,0.729
L000554,0.008212302838794887,0.0015025740286997637,0.001057402052558714,0.47906525493649194,prepaid,0.8931,none,0.789,0.7999,prepaid_positive_balance; outlier_remaining_term_months; status_source_conflict,prepaid_positive_balance; outlier_remaining_term_months; status_source_conflict,escalate_human_review,0.729
L000556,0.009315731472371106,0.0019101624341986009,0.0011333838397849171,0.8361167790755889,prepaid,0.9606,none,0.8028,0.7999,prepaid_positive_balance; outlier_remaining_term_months; status_source_conflict,prepaid_positive_balance; outlier_remaining_term_months; status_source_conflict,escalate_human_review,0.838
L000556,0.00877514905505749,0.0019754728062910502,0.0009133820640959239,0.8355790990739212,prepaid,0.9606,none,0.7993,0.7999,prepaid_positive_balance; outlier_remaining_term_months; status_source_conflict,prepaid_positive_balance; outlier_remaining_term_months; status_source_conflict,escalate_human_review,0.838
L000557,0.08340319395938195,0.08333243287935421,0.1262117299246728,0.7065654951003002,current,0.7904,none,0.7412,0.1149,status_source_conflict,status_source_conflict,reconcile_record,0.755
L000557,0.07862282746913547,0.08798741129629924,0.0706697592183861,0.7712344216142889,current,0.7716,none,0.7811,0.1149,status_source_conflict,status_source_conflict,reconcile_record,0.797
L000557,0.07622303985548931,0.08879269062494695,0.07306429776766586,0.7457905053405537,current,0.7716,none,0.7646,0.1149,status_source_conflict,status_source_conflict,reconcile_record,0.788
L000557,0.09201157667168332,0.08975142673950044,0.1114228058632678,0.7553780728828614,current,0.5937,none,0.7279,0.1149,status_source_conflict,status_source_conflict,reconcile_record,0.772
L000558,0.008156109577266858,0.0015784854463878981,0.0015727741971251691,0.8923345602893993,prepaid,0.7986,none,0.8247,0.7999,prepaid_positive_balance; outlier_remaining_term_months; status_source_conflict,prepaid_positive_balance; outlier_remaining_term_months; status_source_conflict,escalate_human_review,0.859
L000558,0.008501879079136654,0.0023938325873114176,0.0011486478995599053,0.8907720339667528,prepaid,0.9116,none,0.7396,0.7999,prepaid_positive_balance; outlier_remaining_term_months; status_source_conflict,prepaid_positive_balance; outlier_remaining_term_months; status_source_conflict,escalate_human_review,0.857
L000559,0.01841596113458673,0.027206390850995184,0.0019154694402051815,0.0005253605110875714,current,0.7492,none,0.7205,0.2139,outlier_paydown_rate; status_source_conflict,outlier_paydown_rate; status_source_conflict,reconcile_record,0.919
L000559,0.022246820455688158,0.023285865708037614,0.0021262746328530036,0.000722713822933204,current,0.8182,none,0.7917,0.1149,status_source_conflict,status_source_conflict,reconcile_record,0.943
L000559,0.021821205877467765,0.019425391832987013,0.0016257150213150782,0.0006748552006794194,current,0.8363,none,0.7993,0.6649,status_source_conflict,status_source_conflict,reconcile_record,0.945
L000560,0.0074464073242125105,0.0020549165741541265,0.00022239281106234375,0.7128161664243536,prepaid,0.9303,none,0.6898,0.7759,prepaid_positive_balance; status_source_conflict,prepaid_positive_balance; status_source_conflict,escalate_human_review,0.82
L000560,0.007325857795551148,0.0021986569633770333,0.00023163712335641366,0.6272493230931767,prepaid,0.9302,none,0.7055,0.7759,prepaid_positive_balance; status_source_conflict,prepaid_positive_balance; status_source_conflict,escalate_human_review,0.79
L000560,0.007734355840430367,0.002142389033482528,0.0002099093297275969,0.668255875028842,prepaid,0.9267,none,0.6847,0.7759,prepaid_positive_balance; status_source_conflict,prepaid_positive_balance; status_source_conflict,escalate_human_review,0.804
L000561,0.10754746702861999,0.16116661336235164,0.00040118047561909067,0.504277093161365,current,0.6853,none,0.8132,0.2139,outlier_remaining_term_months; status_source_conflict,outlier_remaining_term_months; status_source_conflict,reconcile_record,0.669
L000561,0.08670596679541985,0.14860248740047322,0.0003731776384236929,0.4785991071311153,current,0.6741,none,0.8068,0.2139,outlier_remaining_term_months; status_source_conflict,outlier_remaining_term_months; status_source_conflict,reconcile_record,0.686
L000561,0.08995566105078677,0.14782971481137933,0.00035729303036490965,0.49159182608184243,current,0.6581,none,0.7969,0.2139,outlier_remaining_term_months; status_source_conflict,outlier_remaining_term_months; status_source_conflict,reconcile_record,0.681
L000561,0.06552870961963435,0.10092525854204519,0.00028848814828665953,0.5323619047528192,current,0.6692,none,0.8106,0.2139,outlier_remaining_term_months; status_source_conflict,outlier_remaining_term_months; status_source_conflict,reconcile_record,0.714
L000561,0.06070166182444098,0.07388778113616044,0.00029232042918144515,0.498359524651391,current,0.504,none,0.6763,0.2139,outlier_remaining_term_months; status_source_conflict,outlier_remaining_term_months; status_source_conflict,reconcile_record,0.714
L000562,0.015398716093665945,0.01373007433212522,0.0002591417752631474,0.010881532607145361,current,0.689,source_conflict,0.7533,0.2199,balance_source_conflict; status_source_conflict,balance_source_conflict; status_source_conflict,reconcile_record,0.916
L000562,0.018760612137149187,0.01647231032101026,0.0002726814794358343,0.01179139580288501,current,0.6621,source_conflict,0.7441,0.2199,balance_source_conflict; status_source_conflict,balance_source_conflict; status_source_conflict,reconcile_record,0.913
L000562,0.024691443415689778,0.021637985825296514,0.00028627119923719456,0.012223774147534483,current,0.6517,source_conflict,0.7497,0.2199,balance_source_conflict; status_source_conflict,balance_source_conflict; status_source_conflict,reconcile_record,0.91
L000562,0.018703484273105874,0.012659429330920768,0.0002656054510812156,0.011425904679505805,current,0.6846,source_conflict,0.7363,0.2199,balance_source_conflict; status_source_conflict,balance_source_conflict; status_source_conflict,reconcile_record,0.915
L000562,0.02530987512742852,0.013952686706479337,0.0002939328962543592,0.018072457068657646,current,0.6227,source_conflict,0.5425,0.7699,balance_source_conflict; status_source_conflict,balance_source_conflict; status_source_conflict,escalate_human_review,0.91
L000563,0.21597724224127637,0.47622419582209224,0.3205318491186851,0.005032031929990474,default,0.9917,none,0.7936,0.6649,status_source_conflict,status_source_conflict,reconcile_record,0.604
L000563,0.1830305113849006,0.47786472658238743,0.3282982915155198,0.00467372422798779,default,0.9873,missing_docs,0.814,0.6649,status_source_conflict,status_source_conflict,reconcile_record,0.612
L000563,0.09014524045371342,0.1578752240047024,0.07144077297459635,0.002465035769750153,default,0.8149,data_break,0.8088,0.8329,negative_balance; outlier_balance_ratio; outlier_paydown_rate,negative_balance; outlier_balance_ratio; outlier_paydown_rate,escalate_human_review,0.754
L000563,0.09869584834949839,0.171888761195743,0.2660646368997828,0.004271924935264065,default,0.8735,none,0.6137,0.7639,outlier_paydown_rate; status_source_conflict,outlier_paydown_rate; status_source_conflict,escalate_human_review,0.747
L000564,0.07676356887540482,0.0953194884744996,0.0018779644427333712,0.21639164478983655,current,0.6123,missing_docs,0.8953,0.7639,outlier_remaining_term_months; status_source_conflict,outlier_remaining_term_months; status_source_conflict,escalate_human_review,0.8
L000564,0.07646218173438095,0.117212486543817,0.0021864784054970326,0.21856724515829093,current,0.6304,none,0.7285,0.7639,outlier_remaining_term_months; status_source_conflict,outlier_remaining_term_months; status_source_conflict,escalate_human_review,0.791
L000564,0.08739227419777122,0.10633131651019279,0.0022019391472131223,0.3453421857063721,current,0.637,none,0.7255,0.7639,outlier_remaining_term_months; status_source_conflict,outlier_remaining_term_months; status_source_conflict,escalate_human_review,0.746
L000565,0.04333447995943015,0.03131590970753723,0.006765795636940749,0.1396996784165942,current,0.7708,none,0.6639,0.1149,status_source_conflict,status_source_conflict,reconcile_record,0.882
L000565,0.035045554993512695,0.030764343036988415,0.0078013857163871285,0.23769570172040058,current,0.7608,none,0.6773,0.1149,status_source_conflict,status_source_conflict,reconcile_record,0.851
L000566,0.009714487602332377,0.002760545492798829,0.0015744749523640556,0.5201549481720283,prepaid,0.9502,none,0.6059,0.7759,prepaid_positive_balance; status_source_conflict,prepaid_positive_balance; status_source_conflict,escalate_human_review,0.751
L000566,0.009346830275483881,0.0020185637594444463,0.0015173987627089566,0.5383155490627581,prepaid,0.9455,none,0.5804,0.2259,prepaid_positive_balance; status_source_conflict,prepaid_positive_balance; status_source_conflict,reconcile_record,0.758
L000566,0.009547343186967986,0.0023815521232641436,0.0015729925489220231,0.47708489759416134,prepaid,0.9454,none,0.5745,0.2259,prepaid_positive_balance; status_source_conflict,prepaid_positive_balance; status_source_conflict,reconcile_record,0.753
L000567,0.014783649221360063,0.0037924849199078453,0.0006706919140420652,0.6278558260265766,prepaid,0.977,none,0.7363,0.2259,prepaid_positive_balance; status_source_conflict,prepaid_positive_balance; status_source_conflict,reconcile_record,0.787
L000567,0.01600603164551866,0.00406982359056936,0.0006717318081324316,0.6358366403306389,prepaid,0.9699,none,0.7179,0.2259,prepaid_positive_balance; status_source_conflict,prepaid_positive_balance; status_source_conflict,reconcile_record,0.79
L000567,0.01487963272797474,0.003840171892369663,0.0006962999219071688,0.6278558260265766,prepaid,0.9761,none,0.7302,0.2259,prepaid_positive_balance; status_source_conflict,prepaid_positive_balance; status_source_conflict,reconcile_record,0.787
L000567,0.015308278314710244,0.004702954446201547,0.0007351237758928389,0.6187381373666098,prepaid,0.9438,none,0.7132,0.7759,prepaid_positive_balance; status_source_conflict,prepaid_positive_balance; status_source_conflict,escalate_human_review,0.783
L000567,0.015029472160557713,0.0041274741722530746,0.0007010412932739567,0.6323361635137202,prepaid,0.9566,none,0.6174,0.7759,prepaid_positive_balance; status_source_conflict,prepaid_positive_balance; status_source_conflict,escalate_human_review,0.788
L000569,0.006744896303027034,0.0015659732744057336,0.001095315357066295,0.6929813369428719,prepaid,0.9543,none,0.8125,0.2259,prepaid_positive_balance; status_source_conflict,prepaid_positive_balance; status_source_conflict,reconcile_record,0.813
L000569,0.0069581667025453734,0.0015958884758378415,0.001100463476943293,0.6929813369428719,prepaid,0.9543,none,0.8089,0.2259,prepaid_positive_balance; status_source_conflict,prepaid_positive_balance; status_source_conflict,reconcile_record,0.813
L000569,0.0069581667025453734,0.001410992970219914,0.001103633934339474,0.6475049743982041,prepaid,0.9498,none,0.7973,0.7759,prepaid_positive_balance; status_source_conflict,prepaid_positive_balance; status_source_conflict,escalate_human_review,0.797
L000570,0.007173399535411213,0.001630046785708159,0.001073371420163389,0.9341499236329268,prepaid,0.844,none,0.6996,0.2739,prepaid_positive_balance; outlier_remaining_term_months; outlier_paydown_rate,prepaid_positive_balance; outlier_remaining_term_months; outlier_paydown_rate,reconcile_record,0.849
L000570,0.005038260311322419,0.0011353772094704515,0.0013765432138890428,0.9601517085702015,prepaid,0.9291,none,0.7929,0.2739,prepaid_positive_balance; outlier_remaining_term_months; outlier_paydown_rate,prepaid_positive_balance; outlier_remaining_term_months; outlier_paydown_rate,reconcile_record,0.859
L000570,0.006080832863445064,0.0009671609710792303,0.0007435564733860364,0.9658980542478394,prepaid,0.9418,none,0.7949,0.2499,prepaid_positive_balance; outlier_remaining_term_months; status_source_conflict,prepaid_positive_balance; outlier_remaining_term_months; status_source_conflict,reconcile_record,0.885
L000571,0.010124031946300302,0.0022872550815488594,0.00022663458504749024,0.4471478748228334,prepaid,0.9813,none,0.8622,0.2259,prepaid_positive_balance; status_source_conflict,prepaid_positive_balance; status_source_conflict,reconcile_record,0.763
L000571,0.008663622569020138,0.001982641782537122,0.0002149216580068547,0.5296794727017582,prepaid,0.9802,none,0.8465,0.2259,prepaid_positive_balance; status_source_conflict,prepaid_positive_balance; status_source_conflict,reconcile_record,0.755
L000571,0.00911750885115875,0.002418255756021863,0.0002222318728254649,0.4652355023525849,prepaid,0.9798,none,0.8481,0.2259,prepaid_positive_balance; status_source_conflict,prepaid_positive_balance; status_source_conflict,reconcile_record,0.758
L000571,0.007818810335869363,0.0020293050811026137,0.0002149575360842136,0.5347364290235853,prepaid,0.9802,none,0.8391,0.2259,prepaid_positive_balance; status_source_conflict,prepaid_positive_balance; status_source_conflict,reconcile_record,0.758
L000572,0.10750573208749581,0.3666156230198679,0.03135647918800504,0.0575482101193302,current,0.8557,none,0.6496,0.1149,balance_source_conflict,balance_source_conflict,reconcile_record,0.763
L000572,0.07737305012964406,0.20793452487520678,0.006564000739468325,0.23418293270661739,current,0.8342,none,0.7041,0.1149,balance_source_conflict,balance_source_conflict,reconcile_record,0.776
L000572,0.12832759729432805,0.28345457884389585,0.01597394214883853,0.13053417826459027,current,0.8262,none,0.6706,0.1149,balance_source_conflict,balance_source_conflict,reconcile_record,0.765
L000572,0.0862191991920378,0.15339025224447247,0.017900203820841558,0.13270660389317976,current,0.8248,none,0.6981,0.1149,balance_source_conflict,balance_source_conflict,reconcile_record,0.824
L000572,0.13039952066969454,0.4163553544453474,0.07124323703304908,0.08348354703388416,current,0.7964,none,0.6582,0.1149,balance_source_conflict,balance_source_conflict,reconcile_record,0.714
L000573,0.04953415632493018,0.1313746370713297,0.000463499346119172,0.021125832194753252,current,0.7171,none,0.671,0.1149,status_source_conflict,status_source_conflict,reconcile_record,0.889
L000573,0.16787759200795346,0.14568088037701907,0.0026783016763051917,0.019700020011195436,60_dpd,0.4952,none,0.7866,0.6649,status_source_conflict,status_source_conflict,reconcile_record,0.842
L000573,0.032076187452405404,0.05210086134916655,0.00039580514021017745,0.03399899582749429,current,0.7673,none,0.8218,0.1149,status_source_conflict,status_source_conflict,reconcile_record,0.919
L000573,0.048729853736292704,0.08986238120816537,0.0007717284409733523,0.024833498262562603,current,0.7559,none,0.7869,0.1149,status_source_conflict,status_source_conflict,reconcile_record,0.903
L000574,0.08392545875544684,0.21180619064585993,0.0030589220836906446,0.029701165985289085,current,0.7262,none,0.7016,0.2379,outlier_remaining_term_months; outlier_paydown_rate; status_source_conflict,outlier_remaining_term_months; outlier_paydown_rate; status_source_conflict,reconcile_record,0.797
L000574,0.09274227395486885,0.2173673433689185,0.0026200206349902347,0.02385504635265152,current,0.6453,none,0.6318,0.2379,outlier_remaining_term_months; outlier_paydown_rate; status_source_conflict,outlier_remaining_term_months; outlier_paydown_rate; status_source_conflict,reconcile_record,0.794
L000577,0.013001056734910248,0.003942988622117276,0.001789593802510368,0.8362847736203082,prepaid,0.8919,none,0.7028,0.7999,prepaid_positive_balance; outlier_remaining_term_months; status_source_conflict,prepaid_positive_balance; outlier_remaining_term_months; status_source_conflict,escalate_human_review,0.836
L000577,0.00820830909242378,0.003797515941357743,0.001481696293467379,0.6627061934304745,prepaid,0.8829,none,0.6828,0.7999,prepaid_positive_balance; outlier_remaining_term_months; status_source_conflict,prepaid_positive_balance; outlier_remaining_term_months; status_source_conflict,escalate_human_review,0.778
L000578,0.20503338072032254,0.6326750915757305,0.01882020185259073,0.04554398528263081,current,0.7005,none,0.786,0.2139,outlier_remaining_term_months; status_source_conflict,outlier_remaining_term_months; status_source_conflict,reconcile_record,0.714
L000578,0.10000140711349707,0.5092494656946719,0.009917387049722623,0.06276971523637058,current,0.734,missing_docs,0.8702,0.7639,outlier_remaining_term_months; status_source_conflict,outlier_remaining_term_months; status_source_conflict,escalate_human_review,0.704
L000579,0.06636964861577398,0.0993654243979929,0.0031675531095382505,0.3239547152718234,current,0.7065,none,0.7365,0.7879,outlier_remaining_term_months; outlier_paydown_rate; status_source_conflict,outlier_remaining_term_months; outlier_paydown_rate; status_source_conflict,escalate_human_review,0.74
L000579,0.11657426318964124,0.12026639155140462,0.0032898277636285353,0.6034288747392155,current,0.6783,none,0.7136,0.2139,outlier_remaining_term_months; status_source_conflict,outlier_remaining_term_months; status_source_conflict,reconcile_record,0.714
L000579,0.08536681264183084,0.0764544411687229,0.0038536059186276245,0.6573834327756128,current,0.6925,none,0.714,0.2139,outlier_remaining_term_months; status_source_conflict,outlier_remaining_term_months; status_source_conflict,reconcile_record,0.758
L000580,0.07149578054416755,0.321473510277393,0.0070567429942690755,0.023898963931133093,90_dpd,0.4984,none,0.668,0.7639,outlier_paydown_rate; status_source_conflict,outlier_paydown_rate; status_source_conflict,escalate_human_review,0.788
L000580,0.10337673738641014,0.36374136686707476,0.015516709840002156,0.013904644587260382,90_dpd,0.5827,none,0.7297,0.7639,outlier_paydown_rate; status_source_conflict,outlier_paydown_rate; status_source_conflict,escalate_human_review,0.762
L000580,0.024541017532016998,0.25611604877252075,0.0032432342831870773,0.031932509689600194,current,0.7952,none,0.7203,0.1149,status_source_conflict,status_source_conflict,reconcile_record,0.849
L000580,0.03680920135690676,0.29743936892908546,0.003998914162404576,0.024614674672695683,current,0.8076,none,0.702,0.1149,status_source_conflict,status_source_conflict,reconcile_record,0.833
L000580,0.03664448186798961,0.31106988263856516,0.003953714409134656,0.03590139691828604,current,0.7123,none,0.7045,0.1149,status_source_conflict,status_source_conflict,reconcile_record,0.824
L000581,0.008209817393324383,0.002610926766935752,0.0018381048315901552,0.33668787129213545,prepaid,0.9748,missing_docs,0.7682,0.7999,prepaid_positive_balance; outlier_remaining_term_months; status_source_conflict,prepaid_positive_balance; outlier_remaining_term_months; status_source_conflict,escalate_human_review,0.778
L000581,0.008621258449375434,0.002576192936766134,0.0018318505036085664,0.35507436905418616,prepaid,0.9745,none,0.6288,0.7999,prepaid_positive_balance; outlier_remaining_term_months; status_source_conflict,prepaid_positive_balance; outlier_remaining_term_months; status_source_conflict,escalate_human_review,0.771
L000581,0.007537663495397984,0.0030805251057907084,0.002070865102190437,0.22888982943523786,prepaid,0.9681,none,0.7028,0.7999,prepaid_positive_balance; outlier_remaining_term_months; status_source_conflict,prepaid_positive_balance; outlier_remaining_term_months; status_source_conflict,escalate_human_review,0.815
L000581,0.008626938816833697,0.0028174034093899486,0.001885184460420862,0.33457668757044434,prepaid,0.9761,none,0.7034,0.7999,prepaid_positive_balance; outlier_remaining_term_months; status_source_conflict,prepaid_positive_balance; outlier_remaining_term_months; status_source_conflict,escalate_human_review,0.778
L000582,0.013121492891933609,0.005369867834398479,0.0010302768600093776,0.6245087568510285,prepaid,0.979,none,0.8538,0.2499,prepaid_positive_balance; outlier_remaining_term_months; status_source_conflict,prepaid_positive_balance; outlier_remaining_term_months; status_source_conflict,reconcile_record,0.762
L000583,0.040491787755208404,0.05495703148795947,0.007813910382417653,0.025713746452391748,current,0.7968,none,0.801,0.1149,status_source_conflict,status_source_conflict,reconcile_record,0.915
L000583,0.051419262440967485,0.05706825336968117,0.00524912907070113,0.03397625394449986,current,0.7835,none,0.8175,0.1149,status_source_conflict,status_source_conflict,reconcile_record,0.908
L000583,0.04715760801592605,0.05655636862182937,0.00524912907070113,0.03356427223096298,current,0.7863,none,0.8123,0.1149,status_source_conflict,status_source_conflict,reconcile_record,0.91
L000584,0.06141154714967088,0.10618946329763379,0.007776647597184612,0.15169666609525412,current,0.6582,source_conflict,0.7109,0.2139,outlier_remaining_term_months; balance_source_conflict,outlier_remaining_term_months; balance_source_conflict,reconcile_record,0.821
L000584,0.06925583338434173,0.14048141405703884,0.006061969065071299,0.11131144449888063,current,0.6816,source_conflict,0.6591,0.2139,outlier_remaining_term_months; balance_source_conflict,outlier_remaining_term_months; balance_source_conflict,reconcile_record,0.821
L000584,0.06764149263934226,0.12646064998860237,0.006443987866114072,0.12622836252017314,current,0.686,source_conflict,0.5679,0.2139,outlier_remaining_term_months; balance_source_conflict,outlier_remaining_term_months; balance_source_conflict,reconcile_record,0.822
L000584,0.1749336774508182,0.3085081883523926,0.03501755355724223,0.1745734614447306,60_dpd,0.3705,source_conflict,0.5661,0.7939,outlier_remaining_term_months; balance_source_conflict; status_source_conflict,outlier_remaining_term_months; balance_source_conflict; status_source_conflict,escalate_human_review,0.663
L000584,0.056835945297895506,0.1474919887345776,0.004432928594792651,0.15589237033395034,current,0.7134,source_conflict,0.6212,0.7639,outlier_remaining_term_months; balance_source_conflict,outlier_remaining_term_months; balance_source_conflict,escalate_human_review,0.809
L000584,0.07722773531220417,0.1203738780913894,0.007109096838314219,0.22628895675380276,current,0.7048,source_conflict,0.6253,0.7639,outlier_remaining_term_months; balance_source_conflict,outlier_remaining_term_months; balance_source_conflict,escalate_human_review,0.786
L000585,0.010211702677336022,0.0019068482427735177,0.0014236274736964133,0.015471877507550448,current,0.8092,none,0.7221,0.1149,status_source_conflict,status_source_conflict,reconcile_record,0.95
L000585,0.01704348336729522,0.003952172608138149,0.002018714672925036,0.005722447136730555,current,0.7845,none,0.7264,0.1149,status_source_conflict,status_source_conflict,reconcile_record,0.95
L000585,0.017698717441844574,0.005112182869971788,0.002588996577803339,0.011957500217336041,current,0.784,none,0.7428,0.1149,status_source_conflict,status_source_conflict,reconcile_record,0.947
L000585,0.017273960139464913,0.0034603692311151904,0.001516085817723816,0.011598672098056718,current,0.8047,none,0.7327,0.1149,status_source_conflict,status_source_conflict,reconcile_record,0.948
L000587,0.22440340944264556,0.257795729592677,0.010689157416078331,0.0037360848871441266,current,0.6373,none,0.7996,0.1149,status_source_conflict,status_source_conflict,reconcile_record,0.786
L000587,0.1466819449817578,0.15700845167495767,0.014552959265333723,0.00386550395319793,current,0.6556,none,0.8007,0.1149,status_source_conflict,status_source_conflict,reconcile_record,0.847
L000587,0.15537312303268846,0.22194930623735742,0.016296093016799656,0.004115892358273285,current,0.6444,none,0.7853,0.6649,status_source_conflict,status_source_conflict,reconcile_record,0.821
L000588,0.29370271572023765,0.38627173999411085,0.8858478869880567,0.0003026759070461393,default,0.9011,none,0.7898,0.7639,outlier_paydown_rate; status_source_conflict,outlier_paydown_rate; status_source_conflict,escalate_human_review,0.658
L000588,0.3596023542454308,0.3671984748254145,0.8856676710802738,0.00027681351510764246,default,0.835,none,0.8384,0.6649,status_source_conflict,status_source_conflict,reconcile_record,0.665
L000588,0.3809956118497259,0.5255446481811236,0.947266786958837,0.0005053890997374792,default,0.9008,none,0.7875,0.6649,status_source_conflict,status_source_conflict,reconcile_record,0.642
L000588,0.37340990019942405,0.5148919278960685,0.9619513922390895,0.00048079097910396304,default,0.9008,none,0.7908,0.6649,status_source_conflict,status_source_conflict,reconcile_record,0.646
L000589,0.025804814080529714,0.0181727680398048,0.006460183417525338,0.0854167929557942,current,0.5667,none,0.5998,0.2439,outlier_remaining_term_months; balance_source_conflict; status_source_conflict,outlier_remaining_term_months; balance_source_conflict; status_source_conflict,reconcile_record,0.858
L000589,0.05076222868606659,0.02337129912877448,0.010695692500383693,0.0638477430453465,current,0.5131,none,0.5284,0.7999,dpd_status_break; outlier_remaining_term_months; balance_source_conflict,dpd_status_break; outlier_remaining_term_months; balance_source_conflict,escalate_human_review,0.848
L000589,0.03902709782048612,0.0171370005355939,0.007480208434914981,0.03922888982628751,current,0.7337,none,0.5827,0.2139,outlier_remaining_term_months; balance_source_conflict,outlier_remaining_term_months; balance_source_conflict,reconcile_record,0.9
L000590,0.023703087462074317,0.009119320338640146,0.0012516708150038726,0.8302380137490303,current,0.8463,missing_docs,0.889,0.1149,status_source_conflict,status_source_conflict,reconcile_record,0.889
L000590,0.0181828151285179,0.008528766718777935,0.0011610648767377636,0.8241218830792096,current,0.832,none,0.7742,0.1149,status_source_conflict,status_source_conflict,reconcile_record,0.889
L000590,0.027422518799594873,0.013371844849342977,0.0012846663232991618,0.8315483617673797,current,0.8302,none,0.7529,0.1149,status_source_conflict,status_source_conflict,reconcile_record,0.887
L000590,0.01013218448402343,0.0025422637375594535,0.0008010789086644485,0.7337174102956084,prepaid,0.7126,none,0.7675,0.2259,prepaid_positive_balance; status_source_conflict,prepaid_positive_balance; status_source_conflict,reconcile_record,0.826
L000591,0.03381253348009446,0.028125029772479798,0.002746804284209746,0.15280194101602548,current,0.6504,none,0.7727,0.7639,outlier_remaining_term_months; status_source_conflict,outlier_remaining_term_months; status_source_conflict,escalate_human_review,0.86
L000591,0.03919537240146204,0.0247089801416585,0.002352459343206249,0.24044057589118695,current,0.6276,none,0.7478,0.2139,outlier_remaining_term_months; status_source_conflict,outlier_remaining_term_months; status_source_conflict,reconcile_record,0.829
L000591,0.027603124103213295,0.022775118959058798,0.0021342225852319136,0.3490892799525413,current,0.6389,none,0.6379,0.2139,outlier_remaining_term_months; status_source_conflict,outlier_remaining_term_months; status_source_conflict,reconcile_record,0.795
L000592,0.09744002786373396,0.12586321492349742,0.08139535980332128,0.03891054065945366,current,0.7068,none,0.8521,0.7639,outlier_remaining_term_months; status_source_conflict,outlier_remaining_term_months; status_source_conflict,escalate_human_review,0.816
L000592,0.10882476538028406,0.13194518016357212,0.0544091440654946,0.04289568651103256,current,0.6703,none,0.6817,0.2139,outlier_remaining_term_months; status_source_conflict,outlier_remaining_term_months; status_source_conflict,reconcile_record,0.818
L000592,0.12926677603187955,0.1290904782951795,0.04680919728855678,0.007782290433928054,current,0.7052,none,0.8137,0.2139,outlier_remaining_term_months; status_source_conflict,outlier_remaining_term_months; status_source_conflict,reconcile_record,0.827
L000592,0.1256973493935521,0.12953319030438246,0.05122991184142189,0.03171013730274457,current,0.6758,none,0.6732,0.2139,outlier_remaining_term_months; status_source_conflict,outlier_remaining_term_months; status_source_conflict,reconcile_record,0.818
L000592,0.09641038577929528,0.1276214249849507,0.05161859145929637,0.012558828667882034,current,0.7031,none,0.805,0.2139,outlier_remaining_term_months; status_source_conflict,outlier_remaining_term_months; status_source_conflict,reconcile_record,0.835
L000592,0.09431281608078339,0.09203060129321883,0.055048579712792776,0.1202385103552162,current,0.7015,none,0.7991,0.2139,outlier_remaining_term_months; status_source_conflict,outlier_remaining_term_months; status_source_conflict,reconcile_record,0.809
L000593,0.10937783587760519,0.24237312791582036,0.016221423283341124,0.015566173867290133,current,0.6924,none,0.5563,0.1149,status_source_conflict,status_source_conflict,reconcile_record,0.826
L000593,0.0799228821170299,0.20954415396826034,0.01706167738905161,0.013322428626572359,current,0.6709,none,0.5533,0.1149,status_source_conflict,status_source_conflict,reconcile_record,0.848
L000593,0.07423612093854079,0.21871642979718509,0.017179098239550925,0.01232180182232393,current,0.6679,none,0.5534,0.1149,status_source_conflict,status_source_conflict,reconcile_record,0.847
L000593,0.06814159751459871,0.20231438907672586,0.01733261207915948,0.012617488484368685,current,0.6642,none,0.5541,0.1149,status_source_conflict,status_source_conflict,reconcile_record,0.855
L000593,0.1084736364975047,0.1927123545285454,0.014973076416646003,0.011937750106487025,current,0.6252,none,0.555,0.1149,status_source_conflict,status_source_conflict,reconcile_record,0.845
L000593,0.09194008425779138,0.20846966437255351,0.017413195965210748,0.011805731366905645,current,0.644,none,0.5672,0.1149,status_source_conflict,status_source_conflict,reconcile_record,0.845
L000594,0.09157134169111066,0.05499401009778395,0.001347091433888041,0.06826526413058721,current,0.8075,none,0.7453,0.1149,status_source_conflict,status_source_conflict,reconcile_record,0.884
L000594,0.06984934151605088,0.04924634923183561,0.001392068030895463,0.0417086447714701,current,0.801,none,0.7641,0.1149,status_source_conflict,status_source_conflict,reconcile_record,0.903
L000594,0.08737161781358517,0.07651154845643987,0.002684629046530843,0.04434637811119809,current,0.7745,none,0.7578,0.1149,status_source_conflict,status_source_conflict,reconcile_record,0.887
L000595,0.04358538210254478,0.03211470607194728,0.0008287161296082211,0.026225866172393725,current,0.7312,none,0.7109,0.1149,status_source_conflict,status_source_conflict,reconcile_record,0.924
L000595,0.04090539555310174,0.03573320458059682,0.0011361711161227497,0.03125130235087468,current,0.739,missing_docs,0.8763,0.1149,status_source_conflict,status_source_conflict,reconcile_record,0.922
L000595,0.04561792002739414,0.04281649705499563,0.0010498573805991984,0.030372634405292642,current,0.7037,none,0.7194,0.1149,status_source_conflict,status_source_conflict,reconcile_record,0.918
L000596,0.13582806197826905,0.21841259164085167,0.024196365819138116,0.1561979326539953,current,0.4617,none,0.6511,0.7639,outlier_remaining_term_months; status_source_conflict,outlier_remaining_term_months; status_source_conflict,escalate_human_review,0.749
L000596,0.12733764883964874,0.1978236513934771,0.0377385359851414,0.22108493866077958,current,0.5765,none,0.6686,0.7639,outlier_remaining_term_months; status_source_conflict,outlier_remaining_term_months; status_source_conflict,escalate_human_review,0.732
L000596,0.11177524740767987,0.19146778944995357,0.044262866477669416,0.23839981788642417,current,0.5752,none,0.654,0.7639,outlier_remaining_term_months; status_source_conflict,outlier_remaining_term_months; status_source_conflict,escalate_human_review,0.731
L000596,0.1016353570497918,0.231324405745405,0.04049763071914888,0.2224107822026634,current,0.5725,none,0.6411,0.7639,outlier_remaining_term_months; status_source_conflict,outlier_remaining_term_months; status_source_conflict,escalate_human_review,0.727
L000597,0.008864805997383993,0.0019933787248060915,0.0004190322306896824,0.9123466088700775,prepaid,0.9101,none,0.882,0.2259,prepaid_positive_balance; status_source_conflict,prepaid_positive_balance; status_source_conflict,reconcile_record,0.89
L000597,0.009016872039177884,0.002067120654776791,0.00043655286840655906,0.9410873282194715,prepaid,0.91,none,0.8837,0.2259,prepaid_positive_balance; status_source_conflict,prepaid_positive_balance; status_source_conflict,reconcile_record,0.9
L000597,0.01004650165529499,0.0019110855197636972,0.00041310298493515523,0.8908806305495043,prepaid,0.9015,none,0.7527,0.2259,prepaid_positive_balance; status_source_conflict,prepaid_positive_balance; status_source_conflict,reconcile_record,0.881
L000597,0.009152555307139612,0.002038583053938414,0.00041907236993979005,0.9123466088700775,prepaid,0.9052,none,0.882,0.7759,prepaid_positive_balance; status_source_conflict,prepaid_positive_balance; status_source_conflict,escalate_human_review,0.889
L000599,0.11139449695587329,0.3728105997054401,0.0028654357091713115,0.02620148435423454,current,0.7655,none,0.8122,0.1149,status_source_conflict,status_source_conflict,reconcile_record,0.78
L000599,0.15471874734912103,0.3153626449564748,0.0040935573019598446,0.023967232589725454,current,0.579,none,0.7892,0.1149,status_source_conflict,status_source_conflict,reconcile_record,0.786
L000599,0.14084363109126533,0.3018811681846319,0.0026672778336458897,0.028199330791490743,current,0.7597,none,0.8162,0.1149,status_source_conflict,status_source_conflict,reconcile_record,0.794
L000599,0.17575471209106433,0.30016513205201195,0.0022538495293653806,0.024745910898534562,current,0.7484,none,0.7933,0.1149,status_source_conflict,status_source_conflict,reconcile_record,0.784
L000599,0.14563125559503054,0.2346469624808123,0.0018542796317969166,0.05778133410953675,current,0.7449,none,0.7833,0.1149,status_source_conflict,status_source_conflict,reconcile_record,0.806
L000600,0.03084158423821313,0.026255075752088814,0.0014781686897760748,0.2256327575965158,current,0.7442,none,0.6807,0.1149,balance_source_conflict,balance_source_conflict,reconcile_record,0.861
L000600,0.030179075422339458,0.027404052820309804,0.0007019904291094317,0.18228237143246476,current,0.733,none,0.6609,0.1149,balance_source_conflict,balance_source_conflict,reconcile_record,0.876
L000600,0.027542076885538974,0.025872992340583146,0.0006360501917047967,0.09330435366868552,current,0.744,missing_docs,0.8968,0.1149,balance_source_conflict,balance_source_conflict,reconcile_record,0.908
L000600,0.026574826271467112,0.022009501708645223,0.0006650703849992516,0.10660828122955174,current,0.7509,none,0.6888,0.1149,balance_source_conflict,balance_source_conflict,reconcile_record,0.906
L000601,0.007406706039702633,0.002156245728982519,0.0014418270199415063,0.6403653294724045,prepaid,0.996,none,0.8143,0.2259,prepaid_positive_balance; status_source_conflict,prepaid_positive_balance; status_source_conflict,reconcile_record,0.795
L000601,0.0072921100503955906,0.0018051925477107313,0.001441643736020682,0.6403653294724045,prepaid,0.996,none,0.8143,0.2259,prepaid_positive_balance; status_source_conflict,prepaid_positive_balance; status_source_conflict,reconcile_record,0.795
L000603,0.11974950238355758,0.1053986973482381,0.03445353386637779,0.2517933216103162,current,0.7027,none,0.5886,0.7639,outlier_remaining_term_months; balance_source_conflict,outlier_remaining_term_months; balance_source_conflict,escalate_human_review,0.757
L000603,0.14258919776429838,0.13308677959108148,0.03782143523936355,0.24678474371001005,current,0.6942,none,0.5822,0.7639,outlier_remaining_term_months; balance_source_conflict,outlier_remaining_term_months; balance_source_conflict,escalate_human_review,0.74
L000603,0.09515984221674911,0.11416304891507222,0.025155968186693967,0.22622758699856305,current,0.6789,none,0.5174,0.2139,outlier_remaining_term_months; balance_source_conflict,outlier_remaining_term_months; balance_source_conflict,reconcile_record,0.775
L000603,0.1573558104783184,0.1557217533907504,0.04558453885696343,0.413755207270929,current,0.3618,none,0.6016,0.7999,dpd_status_break; outlier_remaining_term_months; balance_source_conflict,dpd_status_break; outlier_remaining_term_months; balance_source_conflict,escalate_human_review,0.63
L000605,0.06905274316092654,0.13779192126485293,0.058442877389120074,0.0249482169497575,current,0.6051,none,0.5318,0.2259,dpd_status_break; status_source_conflict,dpd_status_break; status_source_conflict,reconcile_record,0.823
L000605,0.04648868691912981,0.06190572798556254,0.04359902775001725,0.06031191148043974,current,0.6131,none,0.543,0.1149,status_source_conflict,status_source_conflict,reconcile_record,0.886
L000605,0.04620945697319206,0.09220201879128902,0.05839515433452331,0.078366728406569,current,0.6915,none,0.5428,0.1149,status_source_conflict,status_source_conflict,reconcile_record,0.863
L000605,0.05141987698178981,0.08032825638914055,0.04589997422451272,0.03693642628102079,current,0.7031,none,0.5406,0.1149,status_source_conflict,status_source_conflict,reconcile_record,0.885
L000606,0.09073201050951446,0.15248421682369206,0.0017023120889177346,0.3803619504310154,current,0.6885,none,0.6889,0.8089,dpd_impossible; outlier_remaining_term_months; status_source_conflict,dpd_impossible; outlier_remaining_term_months; status_source_conflict,escalate_human_review,0.672
L000606,0.08173600239029322,0.1482115273384372,0.0015918196638499535,0.49743045353694465,current,0.6714,none,0.6826,0.7639,outlier_remaining_term_months; status_source_conflict,outlier_remaining_term_months; status_source_conflict,escalate_human_review,0.681
L000606,0.06403892789201122,0.0646195888633238,0.0015004111967114049,0.5837514726992157,current,0.6914,none,0.6917,0.7639,outlier_remaining_term_months; status_source_conflict,outlier_remaining_term_months; status_source_conflict,escalate_human_review,0.745
L000607,0.04762780484639983,0.06850977036363162,0.0011961726469858864,0.14141012563583563,current,0.7247,none,0.6821,0.2199,balance_source_conflict; status_source_conflict,balance_source_conflict; status_source_conflict,reconcile_record,0.84
L000607,0.04828993359370141,0.04509906070151921,0.0011143084377661244,0.36814661648678276,current,0.7635,none,0.6643,0.1149,balance_source_conflict,balance_source_conflict,reconcile_record,0.798
L000607,0.04028759755786326,0.03851369336463207,0.0006539806351711989,0.4461005350152265,current,0.7535,none,0.6466,0.1149,balance_source_conflict,balance_source_conflict,reconcile_record,0.776
L000608,0.06949771459691195,0.031754294856161734,0.002771049544642622,0.44401069980492514,current,0.6842,none,0.7308,0.2139,outlier_remaining_term_months; status_source_conflict,outlier_remaining_term_months; status_source_conflict,reconcile_record,0.744
L000608,0.06829882617428001,0.03315386585976814,0.002434822189487327,0.5269854496472444,current,0.691,none,0.7307,0.2139,outlier_remaining_term_months; status_source_conflict,outlier_remaining_term_months; status_source_conflict,reconcile_record,0.734
L000608,0.06779723240876048,0.032647726903606865,0.002402394495817623,0.5934975761644238,current,0.6875,none,0.7317,0.2139,outlier_remaining_term_months; status_source_conflict,outlier_remaining_term_months; status_source_conflict,reconcile_record,0.758
L000608,0.06626274364021752,0.024344378029657276,0.0026478246542099705,0.6132887279449136,current,0.7011,none,0.6588,0.2139,outlier_remaining_term_months; status_source_conflict,outlier_remaining_term_months; status_source_conflict,reconcile_record,0.768
L000608,0.061149937231283945,0.019032457842903708,0.0030306087381311267,0.6452496551447232,current,0.7096,none,0.7445,0.2139,outlier_remaining_term_months; status_source_conflict,outlier_remaining_term_months; status_source_conflict,reconcile_record,0.783
L000609,0.084635344690511,0.20806632840817663,0.009685861326148059,0.007540932428288104,current,0.6528,none,0.7485,0.1149,status_source_conflict,status_source_conflict,reconcile_record,0.852
L000610,0.04885413287675123,0.05590496376437267,0.5166445560566375,0.0007101266367371722,default,0.9271,none,0.7511,0.6649,status_source_conflict,status_source_conflict,reconcile_record,0.754
L000610,0.043884881579383944,0.05720737023766106,0.43329937204270036,0.0007556328011729691,default,0.9417,none,0.7782,0.6649,status_source_conflict,status_source_conflict,reconcile_record,0.772
L000611,0.02445770631842556,0.03225370052615984,0.0044478154798084065,0.18006850896046378,current,0.836,none,0.8224,0.1149,status_source_conflict,status_source_conflict,reconcile_record,0.875
L000611,0.024604747698720942,0.032403818890453046,0.004483304746196202,0.23383713589030944,current,0.8232,none,0.8175,0.1149,status_source_conflict,status_source_conflict,reconcile_record,0.856
L000611,0.020119895269576988,0.026539727404550528,0.0040298829924544245,0.22012177278269052,current,0.832,none,0.8175,0.1149,status_source_conflict,status_source_conflict,reconcile_record,0.866
L000612,0.007982482528620759,0.003099024104686633,0.00034448392244888553,0.07669803010864817,prepaid,0.9346,none,0.6548,0.7999,prepaid_positive_balance; outlier_remaining_term_months; status_source_conflict,prepaid_positive_balance; outlier_remaining_term_months; status_source_conflict,escalate_human_review,0.869
L000612,0.008186261325550394,0.0032422337311842375,0.00033726447415609296,0.07207818941040921,prepaid,0.935,none,0.6371,0.7999,prepaid_positive_balance; outlier_remaining_term_months; status_source_conflict,prepaid_positive_balance; outlier_remaining_term_months; status_source_conflict,escalate_human_review,0.871
L000613,0.024109806818219476,0.02502222620069966,0.0034506006670800026,0.04893362947190327,current,0.7873,source_conflict,0.7157,0.2139,outlier_remaining_term_months; balance_source_conflict,outlier_remaining_term_months; balance_source_conflict,reconcile_record,0.9
L000613,0.03151523665411627,0.032859986964116905,0.003393395531738095,0.04518275740706062,current,0.7895,source_conflict,0.7359,0.2139,outlier_remaining_term_months; balance_source_conflict,outlier_remaining_term_months; balance_source_conflict,reconcile_record,0.897
L000613,0.017839439799095105,0.01878590454248758,0.0036796174550870905,0.04665997898025748,current,0.7618,source_conflict,0.6076,0.2139,outlier_remaining_term_months; balance_source_conflict,outlier_remaining_term_months; balance_source_conflict,reconcile_record,0.906
L000613,0.017376998863250673,0.014581122222829498,0.0028580601900796633,0.03672788419934514,current,0.7461,source_conflict,0.6615,0.7639,outlier_remaining_term_months; balance_source_conflict,outlier_remaining_term_months; balance_source_conflict,escalate_human_review,0.911
L000614,0.06409296836528848,0.06993019932514431,0.0018833610633486283,0.13677395361172542,current,0.7806,none,0.6977,0.1149,status_source_conflict,status_source_conflict,reconcile_record,0.865
L000614,0.03348197539691807,0.023138513435716577,0.0010324435394234194,0.46297585939391,current,0.8174,none,0.8238,0.1149,status_source_conflict,status_source_conflict,reconcile_record,0.778
L000614,0.04275716437431678,0.03760604949541143,0.0015829925633704122,0.33056568103994255,current,0.8176,none,0.7835,0.1149,status_source_conflict,status_source_conflict,reconcile_record,0.816
L000615,0.12308054943551922,0.07974161121900747,0.0064750824723266995,0.2169037912269406,current,0.7357,none,0.7669,0.1149,status_source_conflict,status_source_conflict,reconcile_record,0.811
L000615,0.12440644519668893,0.09299736636095206,0.008830651326420191,0.14925752727174796,current,0.7347,none,0.7659,0.1149,status_source_conflict,status_source_conflict,reconcile_record,0.828
L000615,0.10959965035756215,0.08820228871812813,0.008644519950061222,0.20584969962101551,current,0.6509,none,0.7329,0.1149,status_source_conflict,status_source_conflict,reconcile_record,0.816
L000615,0.10572123119032868,0.07108212995302327,0.009640605383783335,0.38917045851577975,current,0.7228,none,0.7479,0.1149,status_source_conflict,status_source_conflict,reconcile_record,0.758
L000616,0.008372802734141448,0.004039733710102705,0.0009759975297743837,0.6374526459497483,prepaid,0.7151,none,0.8258,0.2259,prepaid_positive_balance; status_source_conflict,prepaid_positive_balance; status_source_conflict,reconcile_record,0.792
L000616,0.00990985758789291,0.003876474576917544,0.0008157191826140788,0.5179914009232581,prepaid,0.8659,none,0.844,0.2259,prepaid_positive_balance; status_source_conflict,prepaid_positive_balance; status_source_conflict,reconcile_record,0.75
L000616,0.008430907901735493,0.0036867739223878267,0.0006103141204993817,0.5082877018360812,prepaid,0.8638,none,0.8512,0.2259,prepaid_positive_balance; status_source_conflict,prepaid_positive_balance; status_source_conflict,reconcile_record,0.748
L000616,0.009077614624243568,0.004046568788622293,0.0014198273720362432,0.5265161137987492,prepaid,0.8644,none,0.8444,0.2259,prepaid_positive_balance; status_source_conflict,prepaid_positive_balance; status_source_conflict,reconcile_record,0.753
L000617,0.008154362066616079,0.002627492992083548,0.0007624744296832638,0.7881890797120009,prepaid,0.9585,none,0.7235,0.7999,prepaid_positive_balance; outlier_remaining_term_months; status_source_conflict,prepaid_positive_balance; outlier_remaining_term_months; status_source_conflict,escalate_human_review,0.822
L000617,0.008904167196219715,0.002656651596149938,0.0007569866769931661,0.798863510687549,prepaid,0.9586,none,0.7283,0.7999,prepaid_positive_balance; outlier_remaining_term_months; status_source_conflict,prepaid_positive_balance; outlier_remaining_term_months; status_source_conflict,escalate_human_review,0.825
L000617,0.008457052549735972,0.0026948657865558286,0.0007569866769931661,0.7953001277854687,prepaid,0.9586,missing_docs,0.8278,0.7999,prepaid_positive_balance; outlier_remaining_term_months; status_source_conflict,prepaid_positive_balance; outlier_remaining_term_months; status_source_conflict,escalate_human_review,0.824
L000618,0.06275698931010827,0.03242583619071151,0.008080558445486332,0.7753770692056555,current,0.5876,none,0.6691,0.1149,status_source_conflict,status_source_conflict,reconcile_record,0.845
L000618,0.008548537919109563,0.002672499864626523,0.0006613072665227482,0.8175848329506289,prepaid,0.6546,none,0.6752,0.2259,prepaid_positive_balance; status_source_conflict,prepaid_positive_balance; status_source_conflict,reconcile_record,0.856
L000619,0.009673933686772914,0.004169516103675453,0.0008884205155993047,0.7532708787711506,prepaid,0.7929,none,0.7115,0.7999,prepaid_positive_balance; outlier_remaining_term_months; status_source_conflict,prepaid_positive_balance; outlier_remaining_term_months; status_source_conflict,escalate_human_review,0.808
L000619,0.008470616529712375,0.00426433251708959,0.0008949893533496587,0.7062702052835835,prepaid,0.7781,missing_docs,0.806,0.7999,prepaid_positive_balance; outlier_remaining_term_months; status_source_conflict,prepaid_positive_balance; outlier_remaining_term_months; status_source_conflict,escalate_human_review,0.792
L000619,0.007607358506259485,0.003857895103290621,0.00088607725049525,0.7154334682866398,prepaid,0.7926,none,0.6993,0.7999,prepaid_positive_balance; outlier_remaining_term_months; status_source_conflict,prepaid_positive_balance; outlier_remaining_term_months; status_source_conflict,escalate_human_review,0.796
L000619,0.008553705441434153,0.004212715540113259,0.0008929074644812796,0.7184862725383611,prepaid,0.7883,none,0.7016,0.7999,prepaid_positive_balance; outlier_remaining_term_months; status_source_conflict,prepaid_positive_balance; outlier_remaining_term_months; status_source_conflict,escalate_human_review,0.796
L000619,0.009427548441778148,0.004212715540113259,0.0008940261020292136,0.7374434858215552,prepaid,0.7929,none,0.7093,0.7999,prepaid_positive_balance; outlier_remaining_term_months; status_source_conflict,prepaid_positive_balance; outlier_remaining_term_months; status_source_conflict,escalate_human_review,0.803
L000619,0.009401117255290475,0.004212715540113259,0.0008929074644812796,0.7184862725383611,prepaid,0.7929,none,0.7037,0.7999,prepaid_positive_balance; outlier_remaining_term_months; status_source_conflict,prepaid_positive_balance; outlier_remaining_term_months; status_source_conflict,escalate_human_review,0.796
L000620,0.20445089685702209,0.43847998342572453,0.005901304306894566,0.008719686050354062,current,0.5652,none,0.6055,0.7639,outlier_remaining_term_months; status_source_conflict,outlier_remaining_term_months; status_source_conflict,escalate_human_review,0.706
L000620,0.19981419245209145,0.4891079252742587,0.00431762484309975,0.009002224188019313,current,0.6345,none,0.6254,0.7639,outlier_remaining_term_months; status_source_conflict,outlier_remaining_term_months; status_source_conflict,escalate_human_review,0.69
L000620,0.18188370182716762,0.49669444684161657,0.0044908810685337685,0.009546355318437698,current,0.5273,none,0.6269,0.7639,outlier_remaining_term_months; status_source_conflict,outlier_remaining_term_months; status_source_conflict,escalate_human_review,0.694
L000620,0.23213494184903508,0.5388616441152663,0.00471666563393975,0.0084873260113327,current,0.53,none,0.6106,0.7639,outlier_remaining_term_months; status_source_conflict,outlier_remaining_term_months; status_source_conflict,escalate_human_review,0.689
L000621,0.04540604900299511,0.02684669410617702,0.004231364828990045,0.07181784413547564,current,0.6564,none,0.7196,0.1149,status_source_conflict,status_source_conflict,reconcile_record,0.908
L000621,0.05533812663936683,0.030708601300935414,0.003973644944772824,0.04408868558185086,current,0.5691,none,0.7333,0.1149,status_source_conflict,status_source_conflict,reconcile_record,0.913
L000621,0.04068687508749669,0.026241131936949613,0.0037157328116498994,0.06060653406748989,current,0.7214,none,0.7549,0.1149,status_source_conflict,status_source_conflict,reconcile_record,0.914
L000622,0.229399762585204,0.3949305501270377,0.001000241507733452,0.03550913514703972,current,0.5559,none,0.7137,0.1149,status_source_conflict,status_source_conflict,reconcile_record,0.729
L000622,0.19542344082300314,0.3229783440723071,0.0008397008171511534,0.03412055141261087,current,0.5567,none,0.7278,0.1149,status_source_conflict,status_source_conflict,reconcile_record,0.766
L000622,0.18346076343490547,0.37165582676126946,0.0008653773584937548,0.037073402557276064,current,0.5394,none,0.7338,0.1149,status_source_conflict,status_source_conflict,reconcile_record,0.752
L000622,0.12299791165254975,0.31834300968401097,0.0008391569034376687,0.033746677863395365,current,0.5893,none,0.7519,0.6649,status_source_conflict,status_source_conflict,reconcile_record,0.794
L000622,0.1325496651753451,0.35595750180808566,0.0008653773584937548,0.0318316949273322,current,0.5598,none,0.732,0.6649,status_source_conflict,status_source_conflict,reconcile_record,0.777
L000623,0.009048563920883051,0.0028607956233946325,0.000729655969396072,0.1902774320039602,prepaid,0.8995,none,0.8222,0.2499,prepaid_positive_balance; outlier_remaining_term_months; status_source_conflict,prepaid_positive_balance; outlier_remaining_term_months; status_source_conflict,reconcile_record,0.829
L000623,0.009106848232269078,0.00305440420650811,0.0007261656851639763,0.1837933063010708,prepaid,0.8995,none,0.8163,0.2499,prepaid_positive_balance; outlier_remaining_term_months; status_source_conflict,prepaid_positive_balance; outlier_remaining_term_months; status_source_conflict,reconcile_record,0.831
L000623,0.011089015260048232,0.0035331231503252457,0.0008699283455493172,0.11659156595905051,prepaid,0.9003,none,0.7954,0.2499,prepaid_positive_balance; outlier_remaining_term_months; status_source_conflict,prepaid_positive_balance; outlier_remaining_term_months; status_source_conflict,reconcile_record,0.854
L000624,0.060869336995226085,0.02973999091597916,0.01195980722244963,0.0651894220195168,current,0.6111,none,0.6162,0.2139,outlier_remaining_term_months; status_source_conflict,outlier_remaining_term_months; status_source_conflict,reconcile_record,0.877
L000624,0.031280746820721954,0.021097345997934145,0.011141322197446834,0.06956858557490699,current,0.673,none,0.6228,0.2139,outlier_remaining_term_months; status_source_conflict,outlier_remaining_term_months; status_source_conflict,reconcile_record,0.889
L000624,0.02980467079302924,0.031204465572619133,0.0058021226740774924,0.08136877146937656,current,0.6978,none,0.613,0.2139,outlier_remaining_term_months; status_source_conflict,outlier_remaining_term_months; status_source_conflict,reconcile_record,0.884
L000624,0.08950536226781734,0.035597399002512055,0.05297619376715745,0.06421136194180065,90_dpd,0.2803,none,0.6208,0.7639,outlier_remaining_term_months; status_source_conflict,outlier_remaining_term_months; status_source_conflict,escalate_human_review,0.851
L000624,0.023016148944237175,0.030791431595621494,0.024859879948706382,0.06851287766194282,current,0.6727,none,0.604,0.7639,outlier_remaining_term_months; status_source_conflict,outlier_remaining_term_months; status_source_conflict,escalate_human_review,0.884
L000625,0.13673001296450488,0.15573746278358064,0.008729043233237472,0.0006154173231494826,default,0.9795,none,0.7,0.6649,status_source_conflict,status_source_conflict,reconcile_record,0.854
L000625,0.15403787177078093,0.14029468799770162,0.008515228385131553,0.0006121915294948044,default,0.9795,none,0.7001,0.6649,status_source_conflict,status_source_conflict,reconcile_record,0.854
L000625,0.15422810844535706,0.1367763943045289,0.008461182821361992,0.0006290079770054137,default,0.9794,none,0.7049,0.6649,status_source_conflict,status_source_conflict,reconcile_record,0.855
L000625,0.1785517906881562,0.1482955319419572,0.008423507085522516,0.0006290079770054137,default,0.9794,none,0.7049,0.6649,status_source_conflict,status_source_conflict,reconcile_record,0.842
L000627,0.010787540303803021,0.004237363261390309,0.0002818492256629723,0.7960119444256656,prepaid,0.9705,none,0.8676,0.2259,prepaid_positive_balance; status_source_conflict,prepaid_positive_balance; status_source_conflict,reconcile_record,0.847
L000627,0.010778270513314031,0.004291709770271123,0.0002818492256629723,0.799219843784874,prepaid,0.9705,none,0.8699,0.2259,prepaid_positive_balance; status_source_conflict,prepaid_positive_balance; status_source_conflict,reconcile_record,0.848
L000627,0.010185473104211057,0.00454919461732079,0.00047126581368474714,0.7083722955554134,prepaid,0.9713,none,0.8629,0.2259,prepaid_positive_balance; status_source_conflict,prepaid_positive_balance; status_source_conflict,reconcile_record,0.817
L000628,0.010541608512278575,0.0036930115345994614,0.0017258088458349365,0.7432559499114056,prepaid,0.9535,none,0.7788,0.2499,prepaid_positive_balance; outlier_remaining_term_months; status_source_conflict,prepaid_positive_balance; outlier_remaining_term_months; status_source_conflict,reconcile_record,0.805
L000628,0.01056609816510718,0.0032908548610421045,0.002047198203255942,0.8103030451737921,prepaid,0.9491,none,0.8073,0.2499,prepaid_positive_balance; outlier_remaining_term_months; status_source_conflict,prepaid_positive_balance; outlier_remaining_term_months; status_source_conflict,reconcile_record,0.828
L000628,0.010542284249798072,0.0034138362502325217,0.0017349181434426911,0.8140986004066876,prepaid,0.9491,none,0.802,0.2499,prepaid_positive_balance; outlier_remaining_term_months; status_source_conflict,prepaid_positive_balance; outlier_remaining_term_months; status_source_conflict,reconcile_record,0.829
L000628,0.010833192521120152,0.003872813729959051,0.0017263124609111023,0.6707416837329759,prepaid,0.9442,none,0.6545,0.2499,prepaid_positive_balance; outlier_remaining_term_months; status_source_conflict,prepaid_positive_balance; outlier_remaining_term_months; status_source_conflict,reconcile_record,0.779
L000629,0.06642895419386056,0.06028303791651372,0.001623724924016495,0.8054513177131918,current,0.8148,none,0.7633,0.1149,status_source_conflict,status_source_conflict,reconcile_record,0.847
L000629,0.03484175338747245,0.03543963283018597,0.0013046775812218358,0.7713627220020908,current,0.7967,none,0.7674,0.1149,status_source_conflict,status_source_conflict,reconcile_record,0.855
L000629,0.0073258521850455074,0.004019340109584179,0.0008366166241331275,0.8374495324645048,prepaid,0.9639,none,0.6441,0.2499,prepaid_positive_balance; outlier_paydown_rate; status_source_conflict,prepaid_positive_balance; outlier_paydown_rate; status_source_conflict,reconcile_record,0.839
L000629,0.013746065662417178,0.002891799656723204,0.0008259027269371546,0.7614738169137064,prepaid,0.8245,missing_docs,0.8378,0.2499,prepaid_positive_balance; outlier_paydown_rate; status_source_conflict,prepaid_positive_balance; outlier_paydown_rate; status_source_conflict,reconcile_record,0.81
L000630,0.010685415141575352,0.0030155853950011233,0.0019151122071333615,0.3399764368468781,prepaid,0.9228,none,0.6963,0.2979,balance_exceeds_original; prepaid_positive_balance; outlier_balance_ratio,balance_exceeds_original; prepaid_positive_balance; outlier_balance_ratio,reconcile_record,0.727
L000630,0.010693544991447831,0.0026827660733667953,0.0015366273663355075,0.3706832601456662,prepaid,0.8697,none,0.7394,0.2499,prepaid_positive_balance; outlier_paydown_rate; status_source_conflict,prepaid_positive_balance; outlier_paydown_rate; status_source_conflict,reconcile_record,0.765
L000631,0.04198093017997584,0.0563294004790319,0.0019246668582352702,0.013212372725917222,current,0.706,none,0.7368,0.2139,outlier_paydown_rate; status_source_conflict,outlier_paydown_rate; status_source_conflict,reconcile_record,0.896
L000631,0.03013301690792673,0.07355761456556474,0.0018906799671151843,0.011122170851182306,current,0.6957,none,0.7415,0.2139,outlier_paydown_rate; status_source_conflict,outlier_paydown_rate; status_source_conflict,reconcile_record,0.895
L000631,0.0389696141543297,0.05329293713372802,0.0011862538262444498,0.014894526674980209,current,0.7352,none,0.7523,0.1149,status_source_conflict,status_source_conflict,reconcile_record,0.922
L000631,0.03420425961137436,0.04463824893107773,0.0006406356169241463,0.015438516186767406,current,0.7494,none,0.7544,0.1149,status_source_conflict,status_source_conflict,reconcile_record,0.927
L000632,0.26875599200732664,0.32725445160402006,0.5579274786791315,0.0005402546701854088,default,0.9926,none,0.8543,0.6649,status_source_conflict,status_source_conflict,reconcile_record,0.597
L000632,0.2951900029350589,0.3259201490358757,0.560876123710161,0.0005537264092567875,default,0.9926,none,0.8534,0.6649,status_source_conflict,status_source_conflict,reconcile_record,0.589
L000632,0.278354840607731,0.3073640726995838,0.5850804263042485,0.000568449003705835,default,0.9898,none,0.6885,0.6649,status_source_conflict,status_source_conflict,reconcile_record,0.609
L000632,0.2829938742053004,0.33285072124490195,0.5743655777073137,0.0005534545236474941,default,0.9926,none,0.8568,0.6649,status_source_conflict,status_source_conflict,reconcile_record,0.595
L000632,0.3036590713928908,0.3078523040867553,0.582105452589861,0.000568449003705835,default,0.9898,none,0.6885,0.6649,status_source_conflict,status_source_conflict,reconcile_record,0.6
L000633,0.08230443685836299,0.12375878864418399,0.00513568804616783,0.0068765312927659625,current,0.6808,none,0.6691,0.6649,status_source_conflict,status_source_conflict,reconcile_record,0.884
L000633,0.10422447182066191,0.12334707384316985,0.0051987297719351825,0.006193787413835594,current,0.7364,none,0.672,0.6649,status_source_conflict,status_source_conflict,reconcile_record,0.877
L000633,0.10235549197242465,0.11438554378789627,0.004336934857841509,0.006497128407811033,current,0.7541,none,0.685,0.1149,status_source_conflict,status_source_conflict,reconcile_record,0.88
L000633,0.0958123516766159,0.1262365300761395,0.013679441592916277,0.0064107489635995656,current,0.7438,none,0.6657,0.1149,status_source_conflict,status_source_conflict,reconcile_record,0.875
L000634,0.029485103236926293,0.013426263818126788,0.0013627825617613292,0.7725045822851625,current,0.7673,none,0.6889,0.1149,status_source_conflict,status_source_conflict,reconcile_record,0.865
L000634,0.007469921701592274,0.002329301461320923,0.0008333743439958989,0.7316167422122776,prepaid,0.6642,none,0.6765,0.7759,prepaid_positive_balance; status_source_conflict,prepaid_positive_balance; status_source_conflict,escalate_human_review,0.826
L000634,0.007257896374176058,0.001971875045688387,0.000843105204455661,0.7153753852976247,prepaid,0.7958,none,0.6762,0.7759,prepaid_positive_balance; status_source_conflict,prepaid_positive_balance; status_source_conflict,escalate_human_review,0.821
L000635,0.05499409915589951,0.028756262633964136,0.002669707847922554,0.03462474623964826,current,0.688,none,0.7601,0.1149,status_source_conflict,status_source_conflict,reconcile_record,0.917
L000635,0.05688589694301771,0.031839508919265985,0.002082609430952865,0.05831983149261418,current,0.6268,none,0.7706,0.1149,status_source_conflict,status_source_conflict,reconcile_record,0.908
L000635,0.09291287343129495,0.047128775849332664,0.0021090052343361084,0.056548062102894314,current,0.6623,none,0.763,0.1149,status_source_conflict,status_source_conflict,reconcile_record,0.891
L000635,0.08053209662523846,0.03585750828738272,0.0020261110409394677,0.041660684685640714,current,0.6777,none,0.7664,0.1149,status_source_conflict,status_source_conflict,reconcile_record,0.904
L000635,0.07205468862140207,0.036239875022869496,0.0021388568342650314,0.05102264629584912,current,0.6592,none,0.7619,0.1149,status_source_conflict,status_source_conflict,reconcile_record,0.903
L000637,0.0998321701815555,0.11022239825853758,0.012492044065514657,0.2780549067155221,current,0.6959,none,0.7385,0.7879,outlier_remaining_term_months; outlier_paydown_rate; status_source_conflict,outlier_remaining_term_months; outlier_paydown_rate; status_source_conflict,escalate_human_review,0.737
L000637,0.13733190044399193,0.12377272078651008,0.01881559999307295,0.45630876761923256,current,0.7746,none,0.8736,0.2139,outlier_remaining_term_months; status_source_conflict,outlier_remaining_term_months; status_source_conflict,reconcile_record,0.678
L000637,0.16538758356285518,0.12619000145337755,0.011912241080171462,0.4416521000267479,current,0.7453,none,0.8345,0.2139,outlier_remaining_term_months; status_source_conflict,outlier_remaining_term_months; status_source_conflict,reconcile_record,0.675
L000637,0.1709844012001155,0.151776207247553,0.014792086463253603,0.5033814383333234,current,0.7455,none,0.8481,0.2139,outlier_remaining_term_months; status_source_conflict,outlier_remaining_term_months; status_source_conflict,reconcile_record,0.644
L000637,0.1657844849823463,0.12587961883014062,0.014838289375932361,0.41725763454767817,current,0.6645,none,0.6926,0.2139,outlier_remaining_term_months; status_source_conflict,outlier_remaining_term_months; status_source_conflict,reconcile_record,0.683
L000638,0.4282544784821099,0.7295906461477827,0.9695877873498989,0.0007028684780799427,default,0.7948,none,0.7494,0.7879,outlier_remaining_term_months; outlier_paydown_rate; status_source_conflict,outlier_remaining_term_months; outlier_paydown_rate; status_source_conflict,escalate_human_review,0.657
L000638,0.329932648846649,0.7093238061409242,0.9691244095407493,0.0006389972909762205,default,0.9139,none,0.6806,0.7639,outlier_remaining_term_months; status_source_conflict,outlier_remaining_term_months; status_source_conflict,escalate_human_review,0.708
L000639,0.27260358542960655,0.41964168370487326,0.03147836298275191,0.01407261357333603,current,0.6979,none,0.7872,0.1149,status_source_conflict,status_source_conflict,reconcile_record,0.702
L000639,0.19267997058320432,0.31773322695151923,0.028117518015650978,0.02479634910110345,current,0.6759,missing_docs,0.8315,0.2139,outlier_paydown_rate; status_source_conflict,outlier_paydown_rate; status_source_conflict,reconcile_record,0.739
L000639,0.23737763301391604,0.3788105534870909,0.02222601944339835,0.01763503139229802,current,0.6528,none,0.7152,0.2139,outlier_paydown_rate; status_source_conflict,outlier_paydown_rate; status_source_conflict,reconcile_record,0.706
L000639,0.2166569852318685,0.397627906243123,0.033312937355741236,0.016563480974792228,current,0.6915,none,0.7846,0.1149,status_source_conflict,status_source_conflict,reconcile_record,0.728
L000639,0.22081995044088654,0.30269765378431973,0.02151781265681274,0.025269705199821677,current,0.6762,none,0.7776,0.1149,status_source_conflict,status_source_conflict,reconcile_record,0.761
L000640,0.17259605301879097,0.3883332608500254,0.17916825585604887,0.0013846603930159098,current,0.6756,none,0.6311,0.2139,outlier_remaining_term_months; status_source_conflict,outlier_remaining_term_months; status_source_conflict,reconcile_record,0.676
L000640,0.13754824185789405,0.38904979598932504,0.22406822213623181,0.0016805934474262187,current,0.5782,none,0.7375,0.2139,outlier_remaining_term_months; status_source_conflict,outlier_remaining_term_months; status_source_conflict,reconcile_record,0.673
L000640,0.11116540853076057,0.3712601912840827,0.164528614311979,0.0010849018748433712,current,0.7299,none,0.7308,0.2139,outlier_remaining_term_months; status_source_conflict,outlier_remaining_term_months; status_source_conflict,reconcile_record,0.709
L000641,0.02912161556261469,0.033661870661856504,0.0015029937664508151,0.010423793755729318,current,0.7012,none,0.8974,0.1149,status_source_conflict,status_source_conflict,reconcile_record,0.934
L000641,0.02688377006541902,0.0422012604653233,0.001477098449139462,0.00959359290672582,current,0.7223,none,0.8826,0.1149,status_source_conflict,status_source_conflict,reconcile_record,0.932
L000641,0.02782009560199365,0.031149107784773613,0.0016976397210524217,0.009819618318576757,current,0.7076,none,0.8823,0.1149,status_source_conflict,status_source_conflict,reconcile_record,0.936
L000641,0.03012318113366136,0.03856406481055548,0.0017799274957986703,0.012593640958299297,current,0.6658,none,0.7717,0.1149,status_source_conflict,status_source_conflict,reconcile_record,0.931
L000642,0.02305381428620817,0.0846671122336221,0.0011250220054154945,0.15834746305436145,current,0.8145,none,0.7895,0.1149,status_source_conflict,status_source_conflict,reconcile_record,0.866
L000642,0.06767066058704184,0.09064651044273463,0.0015070757961485389,0.1994765703309974,current,0.7789,none,0.7587,0.1149,status_source_conflict,status_source_conflict,reconcile_record,0.834
L000642,0.043845311090373186,0.11229859116836781,0.001191089155903958,0.20578233717385652,current,0.7692,none,0.7734,0.1149,status_source_conflict,status_source_conflict,reconcile_record,0.833
L000642,0.03629344774759,0.04468345313752839,0.0012160075551668197,0.19276591379457866,current,0.7664,none,0.7906,0.1149,status_source_conflict,status_source_conflict,reconcile_record,0.864
L000644,0.04994310570776872,0.12030153662866035,0.007333065177329731,0.06765981115280748,current,0.6412,none,0.797,0.1149,status_source_conflict,status_source_conflict,reconcile_record,0.874
L000644,0.06048313839542827,0.09322370139202178,0.008233662500869094,0.11541967620880737,current,0.745,missing_docs,0.9289,0.1149,status_source_conflict,status_source_conflict,reconcile_record,0.863
L000644,0.038971107805869536,0.13443565134698376,0.009813953276328766,0.08365152479000758,current,0.754,none,0.8313,0.1149,status_source_conflict,status_source_conflict,reconcile_record,0.867
L000644,0.06171536239716741,0.12416633221894437,0.01869832300402913,0.0794134484259116,current,0.7927,none,0.7985,0.1149,status_source_conflict,status_source_conflict,reconcile_record,0.861
L000644,0.049389144523945244,0.0970415035907388,0.013178973320305385,0.1233167550968622,current,0.7537,none,0.8017,0.1149,status_source_conflict,status_source_conflict,reconcile_record,0.861
L000645,0.03367523021790172,0.03868795769940425,0.001992788581029029,0.09623036876484693,current,0.8187,none,0.7019,0.6649,status_source_conflict,status_source_conflict,reconcile_record,0.901
L000645,0.03582419664893876,0.039157400668390095,0.0014209088742294415,0.17323533731318516,current,0.8359,none,0.7004,0.1149,status_source_conflict,status_source_conflict,reconcile_record,0.873
L000645,0.06020854127297828,0.09038560019777446,0.015079421210075897,0.06658948983505242,current,0.5004,none,0.643,0.7759,dpd_status_break; status_source_conflict,dpd_status_break; status_source_conflict,escalate_human_review,0.843
L000645,0.01874516936233761,0.05053258700996297,0.04094000106861628,0.10062132438132537,current,0.7958,none,0.6862,0.1149,status_source_conflict,status_source_conflict,reconcile_record,0.887
L000645,0.02812228938315896,0.06358304562687078,0.01940126580606402,0.2156581368505296,current,0.7739,none,0.6735,0.1149,status_source_conflict,status_source_conflict,reconcile_record,0.846
L000646,0.010666182529546266,0.0033459431883844544,0.00039807116986379903,0.42588602204207465,prepaid,0.9965,none,0.8544,0.7759,prepaid_positive_balance; status_source_conflict,prepaid_positive_balance; status_source_conflict,escalate_human_review,0.77
L000646,0.010631564409587527,0.003474291467587745,0.0004283236646035189,0.4390506926609148,prepaid,0.9953,none,0.8694,0.2259,prepaid_positive_balance; status_source_conflict,prepaid_positive_balance; status_source_conflict,reconcile_record,0.765
L000646,0.010115828126465784,0.003530656420253509,0.00039807116986379903,0.3873637545793316,prepaid,0.9938,none,0.8532,0.2259,prepaid_positive_balance; status_source_conflict,prepaid_positive_balance; status_source_conflict,reconcile_record,0.783
L000646,0.00963755177778493,0.002561259554415382,0.0005045501667343411,0.373649928954595,prepaid,0.9938,none,0.8576,0.2259,prepaid_positive_balance; status_source_conflict,prepaid_positive_balance; status_source_conflict,reconcile_record,0.789
L000646,0.009757578999520022,0.0027849483347772604,0.00040251407795473623,0.3786698488202574,prepaid,0.9934,none,0.8576,0.2259,prepaid_positive_balance; status_source_conflict,prepaid_positive_balance; status_source_conflict,reconcile_record,0.787
L000647,0.014662393116005734,0.006474808275687481,0.0012822596404928417,0.41827017438063446,prepaid,0.7058,none,0.8111,0.2259,prepaid_positive_balance; status_source_conflict,prepaid_positive_balance; status_source_conflict,reconcile_record,0.77
L000647,0.0146061112877209,0.005533843511807367,0.0013622520023408179,0.4053964404643943,prepaid,0.8552,none,0.8303,0.2259,prepaid_positive_balance; status_source_conflict,prepaid_positive_balance; status_source_conflict,reconcile_record,0.775
L000647,0.010800510721695503,0.007579938035605273,0.0011394865170979815,0.6697675807349027,prepaid,0.8389,none,0.7814,0.2499,prepaid_positive_balance; outlier_paydown_rate; status_source_conflict,prepaid_positive_balance; outlier_paydown_rate; status_source_conflict,reconcile_record,0.778
L000647,0.013829223359041807,0.0064784705590474985,0.0012812337907488565,0.551671894131348,prepaid,0.7033,none,0.8079,0.2499,prepaid_positive_balance; outlier_paydown_rate; status_source_conflict,prepaid_positive_balance; outlier_paydown_rate; status_source_conflict,reconcile_record,0.736
L000648,0.01259842434613045,0.005147025704052801,0.0019062498666525772,0.03996762303613054,prepaid,0.9654,none,0.7204,0.2259,prepaid_positive_balance; status_source_conflict,prepaid_positive_balance; status_source_conflict,reconcile_record,0.903
L000648,0.011380479426479975,0.004995438973306722,0.001568663125609727,0.05235216591837998,prepaid,0.9755,none,0.7263,0.2259,prepaid_positive_balance; status_source_conflict,prepaid_positive_balance; status_source_conflict,reconcile_record,0.9
L000648,0.011380479426479975,0.004998038037585407,0.001568663125609727,0.058992182853866953,prepaid,0.9755,none,0.7106,0.2259,prepaid_positive_balance; status_source_conflict,prepaid_positive_balance; status_source_conflict,reconcile_record,0.897
L000648,0.010877917982790591,0.004959382253159115,0.00148278581930899,0.07344012697987956,prepaid,0.9734,none,0.7224,0.2259,prepaid_positive_balance; status_source_conflict,prepaid_positive_balance; status_source_conflict,reconcile_record,0.893
L000649,0.123076136706938,0.1048896566496977,0.016223966338712953,0.04273644601852194,current,0.7356,none,0.7037,0.1149,status_source_conflict,status_source_conflict,reconcile_record,0.86
L000649,0.09120516865946604,0.08545028678469857,0.010140517214021915,0.2150352017570416,current,0.4283,none,0.6076,0.7759,dpd_status_break; status_source_conflict,dpd_status_break; status_source_conflict,escalate_human_review,0.783
L000649,0.058782540409445055,0.045885294027366574,0.017584500447865834,0.09016576488587892,current,0.6711,none,0.653,0.1149,status_source_conflict,status_source_conflict,reconcile_record,0.886
L000649,0.07968087721736854,0.04963244313591733,0.004612976519998581,0.3070294231922856,current,0.6913,none,0.6685,0.1149,status_source_conflict,status_source_conflict,reconcile_record,0.806
L000650,0.06566756047237844,0.08478698962482763,0.015773044254221096,0.005620630040212446,current,0.6913,none,0.7835,0.1149,status_source_conflict,status_source_conflict,reconcile_record,0.9
L000650,0.06341371127584723,0.10020511770145506,0.028176517636477435,0.006387772875196598,current,0.7608,none,0.7931,0.1149,status_source_conflict,status_source_conflict,reconcile_record,0.891
L000650,0.04180569026178368,0.08043516185105508,0.028453815896770623,0.0031667277359369813,current,0.7332,none,0.7422,0.2139,outlier_paydown_rate; status_source_conflict,outlier_paydown_rate; status_source_conflict,reconcile_record,0.882
L000650,0.05126464021685872,0.12065946283258555,0.03025387467172685,0.004353664326290733,current,0.6742,none,0.6142,0.7639,outlier_paydown_rate; status_source_conflict,outlier_paydown_rate; status_source_conflict,escalate_human_review,0.864
L000652,0.051606016287815214,0.05108575256697165,0.005033521177813207,0.02856069657429111,current,0.742,none,0.8275,0.1149,status_source_conflict,status_source_conflict,reconcile_record,0.912
L000652,0.05183613895693993,0.045697114569997664,0.003934583634063782,0.024090876549059784,current,0.7604,none,0.8092,0.1149,status_source_conflict,status_source_conflict,reconcile_record,0.916
L000652,0.04415150540662529,0.047611620132078765,0.004405613012556304,0.027248991689278634,current,0.7841,none,0.7942,0.1149,status_source_conflict,status_source_conflict,reconcile_record,0.917
L000652,0.06572265642570908,0.04727897697446846,0.006186395056167565,0.03520203659758267,current,0.5024,none,0.7059,0.7759,dpd_status_break; status_source_conflict,dpd_status_break; status_source_conflict,escalate_human_review,0.87
L000653,0.24949454068709623,0.2590669431360062,0.04723035943582136,0.17295558897813967,current,0.4408,none,0.725,0.7759,dpd_status_break; status_source_conflict,dpd_status_break; status_source_conflict,escalate_human_review,0.669
L000653,0.07710772271919208,0.13240976328885112,0.032324610099662504,0.17081545759608283,current,0.7367,none,0.7591,0.1149,status_source_conflict,status_source_conflict,reconcile_record,0.816
L000653,0.09012392483887292,0.1790920035903426,0.032142812968818484,0.14486984814471335,current,0.768,none,0.7697,0.1149,status_source_conflict,status_source_conflict,reconcile_record,0.804
L000655,0.3193827613125402,0.5491638747646516,0.6764519503198355,0.0017664220729949845,default,0.9892,none,0.6575,0.6649,status_source_conflict,status_source_conflict,reconcile_record,0.576
L000655,0.3721004976566911,0.5518775753693045,0.6671620631682936,0.0017876233805669836,default,0.9874,none,0.654,0.6649,status_source_conflict,status_source_conflict,reconcile_record,0.556
L000655,0.3755875182291511,0.5541054650339531,0.6765785022181366,0.0017664220729949845,default,0.9892,none,0.6575,0.6649,status_source_conflict,status_source_conflict,reconcile_record,0.559
L000656,0.08308538169125597,0.11858528020647696,0.004103208383627123,0.06501333454782109,current,0.6726,source_conflict,0.566,0.7939,outlier_remaining_term_months; balance_source_conflict; status_source_conflict,outlier_remaining_term_months; balance_source_conflict; status_source_conflict,escalate_human_review,0.812
L000656,0.09337054772766028,0.14003022824942904,0.00667630843476399,0.07545044770142541,current,0.6752,source_conflict,0.5664,0.7939,outlier_remaining_term_months; balance_source_conflict; status_source_conflict,outlier_remaining_term_months; balance_source_conflict; status_source_conflict,escalate_human_review,0.795
L000656,0.08087611266672205,0.07924288055200003,0.012030005823929423,0.06862638208807001,current,0.664,source_conflict,0.5025,0.7939,outlier_remaining_term_months; balance_source_conflict; status_source_conflict,outlier_remaining_term_months; balance_source_conflict; status_source_conflict,escalate_human_review,0.822
L000657,0.16777483690527206,0.08107797180408699,0.07910320637052903,0.08979851859361908,current,0.344,none,0.7892,0.7999,dpd_status_break; outlier_remaining_term_months; status_source_conflict,dpd_status_break; outlier_remaining_term_months; status_source_conflict,escalate_human_review,0.754
L000657,0.09061946893362778,0.11617891566750622,0.09043476244828831,0.11338912908485921,current,0.7211,none,0.8078,0.2139,outlier_remaining_term_months; status_source_conflict,outlier_remaining_term_months; status_source_conflict,reconcile_record,0.793
L000657,0.14800756642249827,0.16212374147126007,0.0485441021905191,0.1093128319969574,current,0.5171,none,0.8063,0.2139,outlier_remaining_term_months; status_source_conflict,outlier_remaining_term_months; status_source_conflict,reconcile_record,0.772
L000657,0.12631407597626643,0.10909040324448453,0.13833471532666483,0.1808046507249357,current,0.7217,none,0.8071,0.2139,outlier_remaining_term_months; status_source_conflict,outlier_remaining_term_months; status_source_conflict,reconcile_record,0.742
L000657,0.14060074098222372,0.16767866767872233,0.16670267729199362,0.23406099441953251,current,0.716,none,0.8034,0.2139,outlier_remaining_term_months; status_source_conflict,outlier_remaining_term_months; status_source_conflict,reconcile_record,0.688
L000658,0.08236981294618702,0.054025266506439636,0.006903337775349097,0.002684447674780503,current,0.7289,none,0.6688,0.1149,status_source_conflict,status_source_conflict,reconcile_record,0.909
L000658,0.09506007783231558,0.07952168436269652,0.007613397049281216,0.0036476943106765,current,0.7196,none,0.6437,0.1149,status_source_conflict,status_source_conflict,reconcile_record,0.895
L000658,0.111838461283108,0.07800334833995992,0.008471035140032546,0.004086365025400163,current,0.6899,none,0.5543,0.1149,status_source_conflict,status_source_conflict,reconcile_record,0.889
L000659,0.024734218898016372,0.013223654346909088,0.0031296176169066936,0.011674187781998593,current,0.7572,none,0.741,0.1149,status_source_conflict,status_source_conflict,reconcile_record,0.942
L000659,0.027865068827147444,0.01755828868448354,0.003058342888178753,0.011469255978402619,current,0.8071,none,0.7084,0.1149,status_source_conflict,status_source_conflict,reconcile_record,0.939
L000659,0.02837977462046203,0.01743454885253039,0.004874487481309727,0.012006305018742105,current,0.7578,none,0.7082,0.1149,status_source_conflict,status_source_conflict,reconcile_record,0.938
L000659,0.023252297519222864,0.010693524161118788,0.003160654168088445,0.01513459715518875,current,0.7752,none,0.7268,0.6649,status_source_conflict,status_source_conflict,reconcile_record,0.942
L000660,0.1578520447093085,0.22667063557332065,0.48319411865927314,0.013150667635704667,60_dpd,0.4096,none,0.8242,0.6649,status_source_conflict,status_source_conflict,reconcile_record,0.652
L000660,0.11077223303400295,0.15612996185743375,0.47567294199016086,0.0010246078189025676,default,0.8971,none,0.8148,0.6649,status_source_conflict,status_source_conflict,reconcile_record,0.7
L000660,0.11256683260386717,0.17164520358100677,0.47258479885163585,0.0010895644179106665,default,0.9091,none,0.855,0.6649,status_source_conflict,status_source_conflict,reconcile_record,0.695
L000660,0.0921919757453088,0.18121784585375256,0.477759096588358,0.001091208995938249,default,0.9091,none,0.8359,0.6649,status_source_conflict,status_source_conflict,reconcile_record,0.697
L000661,0.019799109353602896,0.023778953817337942,0.0010133557612223394,0.01938370145268944,current,0.791,none,0.6976,0.1149,status_source_conflict,status_source_conflict,reconcile_record,0.938
L000661,0.024690744797348705,0.025383676722924266,0.0013216507403138282,0.015677478185456697,current,0.7791,none,0.6696,0.1149,status_source_conflict,status_source_conflict,reconcile_record,0.936
L000661,0.01880527007399793,0.023317754789939537,0.0009825004378647623,0.023045559323650433,current,0.7433,none,0.5651,0.1149,status_source_conflict,status_source_conflict,reconcile_record,0.937
L000661,0.020778986638324167,0.022025621351119226,0.0012020257781284443,0.04462418595467246,current,0.7396,none,0.5715,0.1149,status_source_conflict,status_source_conflict,reconcile_record,0.929
L000662,0.036586144552928045,0.026516951180433845,0.0042359033124942345,0.038446584513690145,current,0.6664,missing_docs,0.8147,0.7639,outlier_remaining_term_months; balance_source_conflict,outlier_remaining_term_months; balance_source_conflict,escalate_human_review,0.899
L000662,0.03981375803339401,0.05076374178488672,0.007505586821899292,0.06258808770803782,current,0.6463,source_conflict,0.4814,0.7639,outlier_remaining_term_months; balance_source_conflict,outlier_remaining_term_months; balance_source_conflict,escalate_human_review,0.88
L000662,0.030514732971946054,0.03116340314346347,0.004255763609829732,0.05171263670349565,current,0.7107,source_conflict,0.4732,0.7639,outlier_remaining_term_months; balance_source_conflict,outlier_remaining_term_months; balance_source_conflict,escalate_human_review,0.895
L000663,0.009190682366069477,0.0018025466671722425,0.0019014726682579943,0.9483784269620997,prepaid,0.713,none,0.8098,0.2499,prepaid_positive_balance; outlier_remaining_term_months; status_source_conflict,prepaid_positive_balance; outlier_remaining_term_months; status_source_conflict,reconcile_record,0.878
L000664,0.00625814359780489,0.00273234490677687,0.0010962601670289976,0.006205036312445268,prepaid,0.9699,none,0.7587,0.7999,prepaid_positive_balance; outlier_remaining_term_months; status_source_conflict,prepaid_positive_balance; outlier_remaining_term_months; status_source_conflict,escalate_human_review,0.894
L000666,0.4146727608823681,0.5372236063390985,0.6727073576918396,0.0014796278947370822,default,0.9817,source_conflict,0.6123,0.6649,balance_source_conflict,balance_source_conflict,reconcile_record,0.538
L000666,0.3812681951971832,0.3982009338725341,0.5844213632868438,0.0019903264619335723,default,0.9794,source_conflict,0.5837,0.6649,balance_source_conflict,balance_source_conflict,reconcile_record,0.541
L000666,0.4302586094571985,0.530896026294117,0.6734616444795206,0.002165700920526623,default,0.9816,source_conflict,0.6268,0.6649,balance_source_conflict,balance_source_conflict,reconcile_record,0.53
L000666,0.3278341967875715,0.43169687604835766,0.613930925822595,0.0022693717617319497,default,0.8353,none,0.5368,0.7639,outlier_paydown_rate; balance_source_conflict,outlier_paydown_rate; balance_source_conflict,escalate_human_review,0.534
L000666,0.3765234418244396,0.5077471306260546,0.6734330019962735,0.0019048703889328403,default,0.9725,source_conflict,0.621,0.7639,outlier_paydown_rate; balance_source_conflict,outlier_paydown_rate; balance_source_conflict,escalate_human_review,0.517
L000667,0.21141570705353485,0.4081286918157203,0.0013189317464520156,0.03646648588682485,current,0.5543,none,0.6777,0.6649,status_source_conflict,status_source_conflict,reconcile_record,0.73
L000667,0.22438458157256727,0.4309112590074955,0.0012321786962513667,0.05144635849413465,current,0.5459,none,0.6675,0.6649,status_source_conflict,status_source_conflict,reconcile_record,0.712
L000667,0.3750643248942951,0.5158198266908517,0.0036120257781327037,0.033498045885280915,60_dpd,0.4425,none,0.6664,0.6649,status_source_conflict,status_source_conflict,reconcile_record,0.647
L000667,0.2665720258033044,0.32185687550938047,0.003917994767306118,0.004906564456444834,90_dpd,0.5667,none,0.6414,0.6649,status_source_conflict,status_source_conflict,reconcile_record,0.751
L000667,0.1388082177965002,0.3640549814392346,0.0015214254089828594,0.09537354745870963,current,0.5501,none,0.6892,0.6649,status_source_conflict,status_source_conflict,reconcile_record,0.75
L000668,0.3124529693235164,0.4115409603323111,0.8512502783575591,0.0006926307508631227,default,0.9289,none,0.7502,0.6649,status_source_conflict,status_source_conflict,reconcile_record,0.654
L000668,0.3204538191531369,0.43820184996088907,0.8454006987343895,0.000562541056572364,default,0.9289,none,0.7578,0.6649,status_source_conflict,status_source_conflict,reconcile_record,0.64
L000668,0.31319970762129,0.4546175772567394,0.8431298184661195,0.0006069379485866326,default,0.9213,none,0.7524,0.6649,status_source_conflict,status_source_conflict,reconcile_record,0.636
L000669,0.045578281488202366,0.0699653432681467,0.0053202246358906935,0.006120001124526244,current,0.671,none,0.599,0.2139,outlier_remaining_term_months; status_source_conflict,outlier_remaining_term_months; status_source_conflict,reconcile_record,0.892
L000669,0.04866521560728826,0.12373765586640467,0.006430535406264756,0.006205450977567667,current,0.7757,none,0.5934,0.2139,outlier_remaining_term_months; status_source_conflict,outlier_remaining_term_months; status_source_conflict,reconcile_record,0.871
L000669,0.037231423744324296,0.09752286282123757,0.006447848483028117,0.0063712501954168435,current,0.7643,none,0.5961,0.2139,outlier_remaining_term_months; status_source_conflict,outlier_remaining_term_months; status_source_conflict,reconcile_record,0.884
L000670,0.011772774342847453,0.0022861846839443306,0.000499770333786164,0.7858466888325593,prepaid,0.964,none,0.8418,0.2499,prepaid_positive_balance; outlier_remaining_term_months; status_source_conflict,prepaid_positive_balance; outlier_remaining_term_months; status_source_conflict,reconcile_record,0.82
L000670,0.012149352053250182,0.002686742458805805,0.0005232470167270529,0.758825117160896,prepaid,0.9649,none,0.8519,0.2499,prepaid_positive_balance; outlier_remaining_term_months; status_source_conflict,prepaid_positive_balance; outlier_remaining_term_months; status_source_conflict,reconcile_record,0.81
L000670,0.013052051233769029,0.0031365006056247144,0.0006769982045029752,0.6677709541591881,prepaid,0.9658,none,0.8502,0.2499,prepaid_positive_balance; outlier_remaining_term_months; status_source_conflict,prepaid_positive_balance; outlier_remaining_term_months; status_source_conflict,reconcile_record,0.778
L000670,0.012149352053250182,0.0027030252332377463,0.0006417227121528156,0.68187341205855,prepaid,0.9649,none,0.8504,0.2499,prepaid_positive_balance; outlier_remaining_term_months; status_source_conflict,prepaid_positive_balance; outlier_remaining_term_months; status_source_conflict,reconcile_record,0.783
L000671,0.007494213736158806,0.0019678451312849982,0.0006041577075619856,0.7809744209518082,prepaid,0.9771,none,0.7599,0.2259,prepaid_positive_balance; status_source_conflict,prepaid_positive_balance; status_source_conflict,reconcile_record,0.844
L000671,0.007886054068862008,0.0019630645828188353,0.0005395484810941992,0.7891018241430215,prepaid,0.9761,none,0.7575,0.7759,prepaid_positive_balance; status_source_conflict,prepaid_positive_balance; status_source_conflict,escalate_human_review,0.846
L000671,0.00836510239622152,0.002068170754958695,0.0006275288248904994,0.7147111138210835,prepaid,0.9739,none,0.7599,0.7759,prepaid_positive_balance; status_source_conflict,prepaid_positive_balance; status_source_conflict,escalate_human_review,0.82
L000672,0.005310554251733415,0.003130978445157875,0.00047904877608905867,0.6594195605677614,prepaid,0.8405,none,0.8315,0.7999,prepaid_positive_balance; outlier_remaining_term_months; status_source_conflict,prepaid_positive_balance; outlier_remaining_term_months; status_source_conflict,escalate_human_review,0.778
L000672,0.005468296055783479,0.002411445675390549,0.0003937036763248226,0.725585181719473,prepaid,0.8425,none,0.8318,0.2499,prepaid_positive_balance; outlier_remaining_term_months; status_source_conflict,prepaid_positive_balance; outlier_remaining_term_months; status_source_conflict,reconcile_record,0.801
L000672,0.005169022710738875,0.0023986103851648525,0.0003713859122289676,0.725585181719473,prepaid,0.8425,none,0.8253,0.2499,prepaid_positive_balance; outlier_remaining_term_months; status_source_conflict,prepaid_positive_balance; outlier_remaining_term_months; status_source_conflict,reconcile_record,0.801
L000672,0.0054977956892895185,0.002414373864527553,0.00040118354769851273,0.7298594565787789,prepaid,0.8394,none,0.6849,0.2499,prepaid_positive_balance; outlier_remaining_term_months; status_source_conflict,prepaid_positive_balance; outlier_remaining_term_months; status_source_conflict,reconcile_record,0.803
L000673,0.0212877740425346,0.01618246403412519,0.002808658540057303,0.11110179046535336,current,0.7768,none,0.8255,0.1149,status_source_conflict,status_source_conflict,reconcile_record,0.907
L000673,0.019219846239812776,0.014928484308932776,0.0031607480486002017,0.16253668256136408,current,0.7554,none,0.8213,0.1149,status_source_conflict,status_source_conflict,reconcile_record,0.89
L000673,0.022470386527507828,0.020545762407550055,0.0029649992991901647,0.1406433852583335,current,0.759,none,0.8237,0.1149,status_source_conflict,status_source_conflict,reconcile_record,0.895
L000673,0.02113451129240942,0.015652552096592772,0.002698890633838741,0.159942184681039,current,0.7609,none,0.8368,0.1149,status_source_conflict,status_source_conflict,reconcile_record,0.89
L000673,0.02243010421028313,0.01736494447882662,0.0027311679510956532,0.12622775939750155,current,0.7604,none,0.8267,0.1149,status_source_conflict,status_source_conflict,reconcile_record,0.901
L000674,0.04049781997478518,0.06346453788683178,0.0033368990864602282,0.4672047594105638,current,0.6532,none,0.7373,0.6649,status_source_conflict,status_source_conflict,reconcile_record,0.759
L000674,0.03714525392294748,0.06849900941949116,0.0015112411912185514,0.4264097619161693,current,0.6724,none,0.7181,0.1149,status_source_conflict,status_source_conflict,reconcile_record,0.773
L000674,0.009567737921632668,0.001982932082896132,0.001730777714730395,0.42229071577364546,prepaid,0.9327,none,0.7772,0.2259,prepaid_positive_balance; status_source_conflict,prepaid_positive_balance; status_source_conflict,reconcile_record,0.772
L000676,0.009273813342800313,0.00500701728305714,0.0005512070173476869,0.8950715789145884,prepaid,0.908,none,0.5613,0.2499,prepaid_positive_balance; outlier_remaining_term_months; status_source_conflict,prepaid_positive_balance; outlier_remaining_term_months; status_source_conflict,reconcile_record,0.858
L000676,0.008735321706584946,0.004538219061713647,0.000554918395218347,0.8837790272920389,prepaid,0.925,none,0.7092,0.2499,prepaid_positive_balance; outlier_remaining_term_months; status_source_conflict,prepaid_positive_balance; outlier_remaining_term_months; status_source_conflict,reconcile_record,0.855
L000677,0.0925390191428287,0.06977108485411619,0.0010980294625212363,0.6161694677731554,current,0.7098,none,0.7154,0.2139,outlier_remaining_term_months; status_source_conflict,outlier_remaining_term_months; status_source_conflict,reconcile_record,0.744
L000677,0.06402307308712361,0.05497867592933823,0.0017190943266329986,0.6410916666375787,current,0.6912,none,0.73,0.2139,outlier_remaining_term_months; status_source_conflict,outlier_remaining_term_months; status_source_conflict,reconcile_record,0.768
L000677,0.07887450483837008,0.08043955720838761,0.001386131744110847,0.7528810363982067,current,0.6677,none,0.7006,0.2139,outlier_remaining_term_months; status_source_conflict,outlier_remaining_term_months; status_source_conflict,reconcile_record,0.793
L000678,0.006906246450596364,0.0019769591223232777,0.0011374466220719281,0.5194979877856853,prepaid,0.9859,none,0.8205,0.2259,prepaid_positive_balance; status_source_conflict,prepaid_positive_balance; status_source_conflict,reconcile_record,0.753
L000678,0.009955786661315096,0.003009473878686308,0.000778344663758456,0.3286872074497991,prepaid,0.9877,none,0.8051,0.2259,prepaid_positive_balance; status_source_conflict,prepaid_positive_balance; status_source_conflict,reconcile_record,0.804
L000679,0.039641462921511,0.07962439712139179,0.0010571532982077156,0.09234023319604183,current,0.6635,none,0.731,0.2139,outlier_paydown_rate; status_source_conflict,outlier_paydown_rate; status_source_conflict,reconcile_record,0.862
L000679,0.07263290772697006,0.10761687079810327,0.0017166305541916848,0.0984965324338886,current,0.7052,none,0.7469,0.1149,status_source_conflict,status_source_conflict,reconcile_record,0.862
L000679,0.0646414258200717,0.07977048084735854,0.0009798159748175045,0.1617066492507148,current,0.6045,none,0.6451,0.1149,status_source_conflict,status_source_conflict,reconcile_record,0.852
L000679,0.07503379197343064,0.10383680641755355,0.001873500110152584,0.26778342694883533,current,0.6786,none,0.6201,0.1149,status_source_conflict,status_source_conflict,reconcile_record,0.803
L000680,0.3640432271433667,0.7267397246857176,0.7526675882711199,0.0005425759267557913,default,0.9795,none,0.8296,0.6649,status_source_conflict,status_source_conflict,reconcile_record,0.65
L000680,0.3563997388998252,0.7174140202608301,0.7352393211622871,0.000547384627526076,default,0.9739,none,0.8184,0.6649,status_source_conflict,status_source_conflict,reconcile_record,0.644
L000680,0.3480156968094599,0.7065285497790071,0.7526675882711199,0.0006338581752011026,default,0.979,none,0.8102,0.6649,status_source_conflict,status_source_conflict,reconcile_record,0.649
L000682,0.008200506057115326,0.002781077197160505,0.000876738598380005,0.5755477401167101,prepaid,0.8561,source_conflict,0.534,0.8539,prepaid_positive_balance; outlier_remaining_term_months; outlier_paydown_rate,prepaid_positive_balance; outlier_remaining_term_months; outlier_paydown_rate,escalate_human_review,0.694
L000682,0.008428519011183296,0.0018660025723062478,0.0008522641060623308,0.5895439852467649,prepaid,0.8597,source_conflict,0.7402,0.8539,prepaid_positive_balance; outlier_remaining_term_months; outlier_paydown_rate,prepaid_positive_balance; outlier_remaining_term_months; outlier_paydown_rate,escalate_human_review,0.698
L000682,0.0075134977252566985,0.0019106340903764331,0.0011269225482060444,0.6042325351345438,prepaid,0.7511,source_conflict,0.7054,0.8299,prepaid_positive_balance; outlier_remaining_term_months; balance_source_conflict,prepaid_positive_balance; outlier_remaining_term_months; balance_source_conflict,escalate_human_review,0.728
L000683,0.017042897762453935,0.012848817931664945,0.0031625728662416732,0.04733318633577149,current,0.8175,none,0.8361,0.2139,outlier_remaining_term_months; status_source_conflict,outlier_remaining_term_months; status_source_conflict,reconcile_record,0.908
L000683,0.02179161009452164,0.013140051143695436,0.004288956487911221,0.04198016391757722,current,0.775,none,0.6417,0.2139,outlier_remaining_term_months; status_source_conflict,outlier_remaining_term_months; status_source_conflict,reconcile_record,0.907
L000683,0.01663569404367363,0.01806088528551775,0.005528208297737086,0.054770907858452435,current,0.6226,none,0.8373,0.2139,outlier_remaining_term_months; status_source_conflict,outlier_remaining_term_months; status_source_conflict,reconcile_record,0.903
L000684,0.0326318828910134,0.02839197405458993,0.00913484865609222,0.6445332205471306,current,0.6673,none,0.7262,0.2139,outlier_remaining_term_months; status_source_conflict,outlier_remaining_term_months; status_source_conflict,reconcile_record,0.787
L000684,0.05701089098311926,0.04356308977834422,0.011082906097865162,0.6358195129727865,current,0.8154,none,0.6822,0.2139,outlier_remaining_term_months; status_source_conflict,outlier_remaining_term_months; status_source_conflict,reconcile_record,0.77
L000684,0.04577302451605177,0.03147029024156364,0.008963605172012392,0.6132776854483238,current,0.8242,none,0.6992,0.2139,outlier_remaining_term_months; status_source_conflict,outlier_remaining_term_months; status_source_conflict,reconcile_record,0.771
L000684,0.03466250240173709,0.021110289003361538,0.008066895224980759,0.5875048647806428,current,0.8021,none,0.7085,0.2139,outlier_remaining_term_months; status_source_conflict,outlier_remaining_term_months; status_source_conflict,reconcile_record,0.77
L000684,0.04070121440035881,0.02644714217310884,0.008787293754470857,0.6435019501499878,current,0.8006,none,0.7011,0.2139,outlier_remaining_term_months; status_source_conflict,outlier_remaining_term_months; status_source_conflict,reconcile_record,0.785
L000685,0.012761990883051777,0.0035295784618831643,0.0010074910502407288,0.3659349831245778,prepaid,0.9383,none,0.7197,0.2259,prepaid_positive_balance; status_source_conflict,prepaid_positive_balance; status_source_conflict,reconcile_record,0.79
L000685,0.007979970306231222,0.0030313318480390088,0.0008122045948686985,0.4270142445338714,prepaid,0.9522,none,0.8705,0.2259,prepaid_positive_balance; status_source_conflict,prepaid_positive_balance; status_source_conflict,reconcile_record,0.771
L000685,0.00930897189346795,0.003144120998525667,0.0008997505172470099,0.33257827715222277,prepaid,0.9473,none,0.8523,0.2259,prepaid_positive_balance; status_source_conflict,prepaid_positive_balance; status_source_conflict,reconcile_record,0.803
L000686,0.03390619590103577,0.02818468824389374,0.0033685755778041534,0.013092843770739068,current,0.7177,none,0.5153,0.2199,balance_source_conflict; status_source_conflict,balance_source_conflict; status_source_conflict,reconcile_record,0.903
L000686,0.044580145820886354,0.03837888524095794,0.003295118439067776,0.01717617056485525,current,0.7339,none,0.5192,0.2199,balance_source_conflict; status_source_conflict,balance_source_conflict; status_source_conflict,reconcile_record,0.894
L000686,0.03941933349241909,0.03973619084151357,0.0038856684341358905,0.01392903856827251,current,0.7557,none,0.5571,0.2199,balance_source_conflict; status_source_conflict,balance_source_conflict; status_source_conflict,reconcile_record,0.896
L000687,0.05649000248206637,0.05321573302379085,0.0006523210775369088,0.8019907480630518,current,0.7451,none,0.8639,0.1149,status_source_conflict,status_source_conflict,reconcile_record,0.852
L000687,0.05703394327959316,0.03649848204972169,0.0005749251519190881,0.8122739028368638,current,0.7774,none,0.8641,0.1149,status_source_conflict,status_source_conflict,reconcile_record,0.861
L000687,0.01098482912731259,0.0025934851637662505,0.00035651455692396983,0.6745076961407167,prepaid,0.9535,none,0.8143,0.2259,prepaid_positive_balance; status_source_conflict,prepaid_positive_balance; status_source_conflict,reconcile_record,0.805
L000688,0.04293502394701343,0.03088602509108937,0.0037768631220089894,0.010605434470453529,current,0.7253,none,0.7546,0.1149,status_source_conflict,status_source_conflict,reconcile_record,0.929
L000688,0.038249546998307085,0.030922872233006275,0.002226862883652283,0.009537727106437301,current,0.7185,none,0.7524,0.1149,status_source_conflict,status_source_conflict,reconcile_record,0.932
L000688,0.0456505728429295,0.026684943159537084,0.003701450592110232,0.009305966067173205,current,0.7099,none,0.7468,0.6649,status_source_conflict,status_source_conflict,reconcile_record,0.93
L000688,0.03508928202080148,0.0317906557239793,0.002267499999263558,0.009351491978409949,current,0.6579,none,0.7177,0.6649,status_source_conflict,status_source_conflict,reconcile_record,0.933
L000689,0.41906640940002654,0.6465098796362327,0.8808393944955303,0.001423725548207715,default,0.9313,missing_docs,0.7977,0.7639,outlier_remaining_term_months; status_source_conflict,outlier_remaining_term_months; status_source_conflict,escalate_human_review,0.623
L000689,0.43528600939304524,0.6499722838060253,0.8807955121885263,0.001403531738179976,default,0.9391,none,0.8393,0.7639,outlier_remaining_term_months; status_source_conflict,outlier_remaining_term_months; status_source_conflict,escalate_human_review,0.619
L000689,0.4369719030702372,0.6499722838060253,0.8807955121885263,0.001403531738179976,default,0.9348,none,0.8382,0.7639,outlier_remaining_term_months; status_source_conflict,outlier_remaining_term_months; status_source_conflict,escalate_human_review,0.618
L000689,0.402238505173774,0.5689916790214903,0.8790613315940575,0.0015753503504020957,default,0.935,none,0.8467,0.7639,outlier_remaining_term_months; status_source_conflict,outlier_remaining_term_months; status_source_conflict,escalate_human_review,0.602
L000689,0.4407351995080699,0.6799297784599451,0.881088681427094,0.0015682917850548348,default,0.9317,missing_docs,0.7875,0.7639,outlier_remaining_term_months; status_source_conflict,outlier_remaining_term_months; status_source_conflict,escalate_human_review,0.627
L000689,0.23037818597216253,0.5281497326391151,0.7716876946227682,0.0019102267728043224,default,0.8969,none,0.7724,0.7879,outlier_remaining_term_months; outlier_paydown_rate; status_source_conflict,outlier_remaining_term_months; outlier_paydown_rate; status_source_conflict,escalate_human_review,0.586
L000690,0.026231497564226536,0.025251338835004553,0.003929745627935009,0.015691585794381287,current,0.7392,missing_docs,0.8922,0.2139,outlier_remaining_term_months; status_source_conflict,outlier_remaining_term_months; status_source_conflict,reconcile_record,0.911
L000690,0.02805337821952005,0.03757205199671135,0.004665197097350711,0.012065905746095553,current,0.7649,none,0.7458,0.2139,outlier_remaining_term_months; status_source_conflict,outlier_remaining_term_months; status_source_conflict,reconcile_record,0.907
L000690,0.017324769305485918,0.019112205864146525,0.002696819426142394,0.009747361617769233,current,0.7617,none,0.7562,0.2139,outlier_remaining_term_months; status_source_conflict,outlier_remaining_term_months; status_source_conflict,reconcile_record,0.919
L000690,0.015170582887827916,0.013607435571126883,0.0037917586194622286,0.009920356289788634,current,0.6351,none,0.762,0.7999,dpd_status_break; outlier_remaining_term_months; status_source_conflict,dpd_status_break; outlier_remaining_term_months; status_source_conflict,escalate_human_review,0.885
L000690,0.014282576063711042,0.02405279995444082,0.004482156124761046,0.01178425746198499,current,0.7403,missing_docs,0.8898,0.7639,outlier_remaining_term_months; status_source_conflict,outlier_remaining_term_months; status_source_conflict,escalate_human_review,0.917
L000691,0.039022304353656605,0.05222125379847855,0.0022985386290999854,0.045328337072588314,current,0.733,none,0.4924,0.6649,status_source_conflict,status_source_conflict,reconcile_record,0.912
L000691,0.028867760981327064,0.03613252864031766,0.002317597668723166,0.050346139295444035,current,0.756,none,0.5815,0.6649,status_source_conflict,status_source_conflict,reconcile_record,0.919
L000691,0.03414315569349576,0.02995715384601749,0.002458313178350295,0.12368788302066525,current,0.7408,none,0.5599,0.1149,status_source_conflict,status_source_conflict,reconcile_record,0.894
L000691,0.03233327801389151,0.02993060577190479,0.0029095004705425027,0.08285069877604612,current,0.7382,none,0.564,0.1149,status_source_conflict,status_source_conflict,reconcile_record,0.908
L000692,0.23592378466024963,0.6231051026039555,0.014196396249343357,0.011471199627828603,current,0.639,source_conflict,0.6369,0.7639,outlier_remaining_term_months; balance_source_conflict,outlier_remaining_term_months; balance_source_conflict,escalate_human_review,0.713
L000692,0.2506725187391025,0.6795891249211236,0.014654107953253675,0.017282216746463904,current,0.601,source_conflict,0.6678,0.7639,outlier_remaining_term_months; balance_source_conflict,outlier_remaining_term_months; balance_source_conflict,escalate_human_review,0.725
L000692,0.21740248216570904,0.6294781193943136,0.010559028132453454,0.011455398880099022,current,0.5574,source_conflict,0.6143,0.7999,dpd_status_break; outlier_remaining_term_months; balance_source_conflict,dpd_status_break; outlier_remaining_term_months; balance_source_conflict,escalate_human_review,0.687
L000692,0.2342523594318023,0.6375444993299128,0.006829844009039909,0.012503222697488402,current,0.6301,source_conflict,0.6331,0.7639,outlier_remaining_term_months; balance_source_conflict,outlier_remaining_term_months; balance_source_conflict,escalate_human_review,0.72
L000692,0.1918341329994293,0.5603819738754314,0.00754075780977622,0.01562686740785529,current,0.6537,source_conflict,0.5807,0.7639,outlier_remaining_term_months; balance_source_conflict,outlier_remaining_term_months; balance_source_conflict,escalate_human_review,0.707
L000693,0.03881281640768706,0.029162297798089033,0.005760522598288559,0.08513322652170878,current,0.7526,none,0.7673,0.1149,status_source_conflict,status_source_conflict,reconcile_record,0.905
L000693,0.06018666380032641,0.02956969143254486,0.007032545037052263,0.2134838432948313,current,0.7353,none,0.7916,0.1149,status_source_conflict,status_source_conflict,reconcile_record,0.852
L000693,0.06308517991292233,0.04500214898641299,0.06013972643311325,0.08555448314500312,current,0.6758,none,0.6383,0.7639,outlier_paydown_rate; status_source_conflict,outlier_paydown_rate; status_source_conflict,escalate_human_review,0.847
L000694,0.07357126819450953,0.12820023230022423,0.02868661528841004,0.04015004649730802,current,0.7052,none,0.7458,0.1149,status_source_conflict,status_source_conflict,reconcile_record,0.866
L000694,0.08247149636598959,0.119871351728291,0.01609062245703931,0.03914661123432562,current,0.692,none,0.7385,0.1149,status_source_conflict,status_source_conflict,reconcile_record,0.87
L000694,0.08926845949921525,0.14866437813900057,0.029506543481204028,0.03337053612766299,current,0.5778,none,0.7399,0.1149,status_source_conflict,status_source_conflict,reconcile_record,0.855
L000694,0.06401568092064186,0.08077344149091815,0.008483575943917967,0.04477742306027027,current,0.6963,missing_docs,0.8905,0.1149,status_source_conflict,status_source_conflict,reconcile_record,0.891
L000695,0.18118941297874347,0.18792074463362876,0.5298974423840979,0.04684230521684663,current,0.6532,none,0.7948,0.1149,status_source_conflict,status_source_conflict,reconcile_record,0.65
L000695,0.14938980438107294,0.1701055205370371,0.41061346466705356,0.06701555324607689,current,0.6816,none,0.7915,0.1149,status_source_conflict,status_source_conflict,reconcile_record,0.681
L000695,0.12915878513257414,0.1217338382675995,0.37741781262945134,0.002504363061518257,default,0.8534,none,0.7264,0.6649,status_source_conflict,status_source_conflict,reconcile_record,0.74
L000696,0.010260883969100796,0.0022856699099564194,0.0021003785902927985,0.2960661877854247,prepaid,0.9122,none,0.723,0.2259,prepaid_positive_balance; status_source_conflict,prepaid_positive_balance; status_source_conflict,reconcile_record,0.816
L000696,0.01056522978730672,0.0022633551809464877,0.002424480518127669,0.2961980914919678,prepaid,0.9122,none,0.7166,0.2259,prepaid_positive_balance; status_source_conflict,prepaid_positive_balance; status_source_conflict,reconcile_record,0.815
L000696,0.010077161941823553,0.002400675618681139,0.0020974825859025503,0.2961980914919678,prepaid,0.9078,none,0.7215,0.2259,prepaid_positive_balance; status_source_conflict,prepaid_positive_balance; status_source_conflict,reconcile_record,0.816
L000696,0.00961576925406394,0.0026737478076275154,0.0022402378079881724,0.25207585817210393,prepaid,0.9077,none,0.7149,0.2259,prepaid_positive_balance; status_source_conflict,prepaid_positive_balance; status_source_conflict,reconcile_record,0.831
L000697,0.0115289665115738,0.004532743444913692,0.0011259091069237936,0.6610102885683663,prepaid,0.7951,none,0.8749,0.2259,prepaid_positive_balance; status_source_conflict,prepaid_positive_balance; status_source_conflict,reconcile_record,0.799
L000697,0.012912088356391882,0.00459685080917203,0.0012456394893275145,0.5316652681033084,prepaid,0.923,none,0.8786,0.2259,prepaid_positive_balance; status_source_conflict,prepaid_positive_balance; status_source_conflict,reconcile_record,0.753
L000697,0.012295087270179375,0.004017475292071952,0.0012233037849383307,0.5316652681033084,prepaid,0.923,none,0.8757,0.2259,prepaid_positive_balance; status_source_conflict,prepaid_positive_balance; status_source_conflict,reconcile_record,0.754
L000697,0.01168422976944547,0.004234404397925442,0.0012806162986120238,0.5642068666143784,prepaid,0.9246,none,0.8639,0.2259,prepaid_positive_balance; status_source_conflict,prepaid_positive_balance; status_source_conflict,reconcile_record,0.766
L000698,0.029061454806932136,0.02256897943355804,0.0012863565721282508,0.03120998935452794,current,0.7627,none,0.5592,0.1149,status_source_conflict,status_source_conflict,reconcile_record,0.931
L000698,0.06040348541079441,0.031635099201633786,0.0018609795117199245,0.06595814112048783,current,0.4989,none,0.5878,0.7759,dpd_status_break; status_source_conflict,dpd_status_break; status_source_conflict,escalate_human_review,0.868
L000698,0.019223311586412186,0.00920601830450079,0.0013592035258607413,0.04135393929558893,current,0.6674,none,0.6413,0.1149,status_source_conflict,status_source_conflict,reconcile_record,0.935
L000699,0.03977753570545969,0.024715999804560407,0.002109190142801537,0.14468281890359522,current,0.7296,source_conflict,0.5171,0.8179,outlier_remaining_term_months; outlier_paydown_rate; balance_source_conflict,outlier_remaining_term_months; outlier_paydown_rate; balance_source_conflict,escalate_human_review,0.808
L000699,0.03772111801829267,0.03612379388162438,0.001581948644477092,0.18663714321746985,current,0.7069,source_conflict,0.4514,0.8179,outlier_remaining_term_months; outlier_paydown_rate; balance_source_conflict,outlier_remaining_term_months; outlier_paydown_rate; balance_source_conflict,escalate_human_review,0.79
L000699,0.04093528596708585,0.020822141913373365,0.001495175046078465,0.16337558704534874,current,0.7425,source_conflict,0.5078,0.7939,outlier_remaining_term_months; balance_source_conflict; status_source_conflict,outlier_remaining_term_months; balance_source_conflict; status_source_conflict,escalate_human_review,0.827
L000699,0.03476947816063496,0.022390205947444897,0.0014135336352247571,0.17953610683826451,current,0.6623,source_conflict,0.4558,0.7639,outlier_remaining_term_months; balance_source_conflict,outlier_remaining_term_months; balance_source_conflict,escalate_human_review,0.853
L000700,0.04412447423540575,0.05249938968041048,0.01776912030244543,0.05965246473580977,current,0.761,none,0.727,0.1149,status_source_conflict,status_source_conflict,reconcile_record,0.899
L000700,0.04416364638786353,0.03321841290589576,0.004757851905070334,0.06216884571655504,current,0.7305,none,0.7385,0.1149,status_source_conflict,status_source_conflict,reconcile_record,0.91
L000700,0.04048493715313986,0.04131845355506518,0.008676508209947881,0.07136865975509578,current,0.7351,none,0.7409,0.1149,status_source_conflict,status_source_conflict,reconcile_record,0.903
L000701,0.029460710383663758,0.030761432582136344,0.002217027128171013,0.003616696210257723,current,0.8286,none,0.7447,0.1149,status_source_conflict,status_source_conflict,reconcile_record,0.937
L000701,0.023438849809059203,0.03021272536708558,0.0016750696108778504,0.0032440600729524535,current,0.8157,none,0.7567,0.1149,status_source_conflict,status_source_conflict,reconcile_record,0.94
L000701,0.03447678615820257,0.03226805663004545,0.0024172746429386464,0.004128743206497066,current,0.8293,none,0.771,0.1149,status_source_conflict,status_source_conflict,reconcile_record,0.934
L000701,0.03768343286572166,0.029046478268460466,0.0019462122409300035,0.00424845917405351,current,0.7868,none,0.7212,0.1149,status_source_conflict,status_source_conflict,reconcile_record,0.935
L000702,0.00899910918193969,0.0013742533646191376,0.0009059031488295189,0.022199291790397827,prepaid,0.9827,none,0.6617,0.2259,prepaid_positive_balance; status_source_conflict,prepaid_positive_balance; status_source_conflict,reconcile_record,0.912
L000702,0.00870860916167393,0.0013937241788031622,0.0009176414002199251,0.02531406559746004,prepaid,0.9834,none,0.67,0.2259,prepaid_positive_balance; status_source_conflict,prepaid_positive_balance; status_source_conflict,reconcile_record,0.911
L000702,0.008814195020249578,0.0013872015942787343,0.0009459854655190276,0.025659771123147754,prepaid,0.9834,none,0.6742,0.2259,prepaid_positive_balance; status_source_conflict,prepaid_positive_balance; status_source_conflict,reconcile_record,0.911
L000702,0.009723224982566595,0.001610176730138975,0.0009523043781583075,0.028677996987092277,prepaid,0.9841,none,0.671,0.2259,prepaid_positive_balance; status_source_conflict,prepaid_positive_balance; status_source_conflict,reconcile_record,0.91
L000703,0.05387105994636757,0.06831831101801045,0.005583746889986178,0.056449772243487344,current,0.7121,source_conflict,0.4811,0.2139,outlier_paydown_rate; balance_source_conflict,outlier_paydown_rate; balance_source_conflict,reconcile_record,0.872
L000703,0.0490861496326469,0.07141042437351978,0.005788364688865129,0.05886579216382127,current,0.841,source_conflict,0.55,0.1149,balance_source_conflict,balance_source_conflict,reconcile_record,0.895
L000703,0.03971402880534299,0.06694583206752446,0.005105825989001584,0.04642236900256005,current,0.811,none,0.5212,0.1149,balance_source_conflict,balance_source_conflict,reconcile_record,0.905
L000703,0.05116780713959484,0.08810802870991748,0.010037621587609053,0.05763339006917084,current,0.8239,source_conflict,0.5497,0.1149,balance_source_conflict,balance_source_conflict,reconcile_record,0.888
L000703,0.07012367963738499,0.07490459724440866,0.009826917053012313,0.059486917807468204,current,0.819,source_conflict,0.5462,0.1149,balance_source_conflict,balance_source_conflict,reconcile_record,0.885
L000704,0.09233211455579433,0.1296580807350137,0.044717967520195946,0.005235605504666982,current,0.7104,source_conflict,0.6697,0.2199,balance_source_conflict; status_source_conflict,balance_source_conflict; status_source_conflict,reconcile_record,0.835
L000704,0.10295339073971399,0.12672909068857985,0.027251459876144735,0.005429681543217299,current,0.7365,source_conflict,0.6632,0.7699,balance_source_conflict; status_source_conflict,balance_source_conflict; status_source_conflict,escalate_human_review,0.838
L000705,0.006602442009062762,0.0024908199841088587,0.0003045011391619717,0.18134730524670414,prepaid,0.9764,none,0.8346,0.2259,prepaid_positive_balance; status_source_conflict,prepaid_positive_balance; status_source_conflict,reconcile_record,0.858
L000705,0.006051902092818168,0.002697231877202963,0.0003053610018561291,0.17534405643027362,prepaid,0.9773,none,0.8134,0.2259,prepaid_positive_balance; status_source_conflict,prepaid_positive_balance; status_source_conflict,reconcile_record,0.86
L000705,0.007412544763032332,0.0031534670749360787,0.00031229374960694,0.15200078173940604,prepaid,0.9698,none,0.7945,0.2259,prepaid_positive_balance; status_source_conflict,prepaid_positive_balance; status_source_conflict,reconcile_record,0.867
L000706,0.02202322359699996,0.009503950538486333,0.0007316435279202754,0.03287379445725524,current,0.4485,none,0.6283,0.7759,dpd_status_break; status_source_conflict,dpd_status_break; status_source_conflict,escalate_human_review,0.901
L000706,0.013273092063734669,0.006403446768002385,0.001088408101860198,0.02409986039048387,current,0.598,none,0.6486,0.7759,dpd_status_break; status_source_conflict,dpd_status_break; status_source_conflict,escalate_human_review,0.909
L000706,0.010618304257034692,0.00682930983987689,0.0005543944108056558,0.024968356852675955,current,0.6744,none,0.6356,0.6649,status_source_conflict,status_source_conflict,reconcile_record,0.945
L000707,0.15016198129100264,0.24114126905989505,0.05015648587956694,0.13603376465409664,current,0.482,none,0.7527,0.7759,dpd_status_break; status_source_conflict,dpd_status_break; status_source_conflict,escalate_human_review,0.722
L000707,0.08237135577573479,0.17193799442977223,0.04345432104772299,0.11076716517603624,current,0.7298,none,0.7905,0.1149,status_source_conflict,status_source_conflict,reconcile_record,0.817
L000707,0.1332458685332221,0.19682252159339778,0.062105958532279994,0.12395375450216839,current,0.739,none,0.8011,0.1149,status_source_conflict,status_source_conflict,reconcile_record,0.78
L000707,0.09577073249200287,0.1986630327701662,0.03760725817846897,0.11677092542204161,current,0.6983,none,0.6562,0.1149,status_source_conflict,status_source_conflict,reconcile_record,0.803
L000708,0.06243508306188242,0.11729902092069606,0.0007201253352333453,0.24686797712403052,current,0.8017,source_conflict,0.5271,0.1149,balance_source_conflict,balance_source_conflict,reconcile_record,0.81
L000708,0.15294325192673625,0.1634397022386339,0.0025450368224066307,0.12083055856461011,60_dpd,0.4543,source_conflict,0.4823,0.7699,balance_source_conflict; status_source_conflict,balance_source_conflict; status_source_conflict,escalate_human_review,0.776
L000708,0.02942242163284164,0.04647814851218063,0.0007410315504093835,0.2561925097338624,current,0.8158,source_conflict,0.5238,0.1149,balance_source_conflict,balance_source_conflict,reconcile_record,0.844
L000708,0.031048702153637673,0.046172742409006616,0.0008150547165953634,0.3451685839853374,current,0.8315,source_conflict,0.5103,0.1149,balance_source_conflict,balance_source_conflict,reconcile_record,0.812
L000708,0.024803933799834754,0.028776791183068102,0.0008709563483359325,0.35807673249191346,current,0.8092,none,0.5115,0.1149,balance_source_conflict,balance_source_conflict,reconcile_record,0.816
L000709,0.20479686879993889,0.276747434842014,0.9282762101171218,6.27531839672013e-05,default,0.9426,none,0.7387,0.7639,outlier_remaining_term_months; status_source_conflict,outlier_remaining_term_months; status_source_conflict,escalate_human_review,0.742
L000709,0.23060869511599638,0.30765221351366806,0.9325194910021622,9.006067453514156e-05,default,0.9429,none,0.7519,0.7639,outlier_remaining_term_months; status_source_conflict,outlier_remaining_term_months; status_source_conflict,escalate_human_review,0.724
L000709,0.20479686879993889,0.276747434842014,0.9282762101171218,6.27531839672013e-05,default,0.9422,none,0.7387,0.7639,outlier_remaining_term_months; status_source_conflict,outlier_remaining_term_months; status_source_conflict,escalate_human_review,0.742
L000709,0.19029598058554828,0.2844243906715123,0.9261584062369558,8.65407494013085e-05,default,0.9429,none,0.747,0.7639,outlier_remaining_term_months; status_source_conflict,outlier_remaining_term_months; status_source_conflict,escalate_human_review,0.744
L000711,0.008065258897388924,0.0037992653090534456,0.0007730342764731274,0.8637195357230515,prepaid,0.93,none,0.896,0.2259,prepaid_positive_balance; status_source_conflict,prepaid_positive_balance; status_source_conflict,reconcile_record,0.872
L000711,0.009133597319477873,0.004101317158106222,0.000904834031948308,0.8201950060564416,prepaid,0.9338,none,0.6767,0.2259,prepaid_positive_balance; status_source_conflict,prepaid_positive_balance; status_source_conflict,reconcile_record,0.856
L000711,0.007770371879157045,0.0038152362553067957,0.000784336604163017,0.8828721311873862,prepaid,0.9253,none,0.8401,0.2259,prepaid_positive_balance; status_source_conflict,prepaid_positive_balance; status_source_conflict,reconcile_record,0.879
L000711,0.008383333205987246,0.0036916172590582114,0.000784336604163017,0.8725779151644626,prepaid,0.9253,none,0.8556,0.2259,prepaid_positive_balance; status_source_conflict,prepaid_positive_balance; status_source_conflict,reconcile_record,0.875
L000713,0.10564854610131336,0.4196813676495516,0.051900019590481905,0.0075277337919481095,60_dpd,0.4683,source_conflict,0.5259,0.2199,balance_source_conflict; status_source_conflict,balance_source_conflict; status_source_conflict,reconcile_record,0.726
L000713,0.03458350523265715,0.2833722660385401,0.0073220277558602885,0.008309958950098164,current,0.7873,source_conflict,0.6248,0.2199,balance_source_conflict; status_source_conflict,balance_source_conflict; status_source_conflict,reconcile_record,0.813
L000713,0.07355253746025946,0.3180427996670914,0.012655936868613044,0.007155412938784456,current,0.6621,source_conflict,0.6179,0.1149,balance_source_conflict,balance_source_conflict,reconcile_record,0.816
L000713,0.0599697507879392,0.3477977050900209,0.010039492187639408,0.008724193178480272,current,0.7948,source_conflict,0.6563,0.7699,balance_source_conflict; status_source_conflict,balance_source_conflict; status_source_conflict,escalate_human_review,0.781
L000714,0.011110677563995612,0.0077925744139016465,0.0019410627742008741,0.46532622219931374,prepaid,0.9579,missing_docs,0.8327,0.2499,prepaid_positive_balance; outlier_remaining_term_months; status_source_conflict,prepaid_positive_balance; outlier_remaining_term_months; status_source_conflict,reconcile_record,0.73
L000714,0.012103434682089617,0.00641969424688171,0.001926449625853743,0.4959630526313073,prepaid,0.958,none,0.8377,0.2499,prepaid_positive_balance; outlier_remaining_term_months; status_source_conflict,prepaid_positive_balance; outlier_remaining_term_months; status_source_conflict,reconcile_record,0.72
L000714,0.012519142230930628,0.006519305953624033,0.001847489791281514,0.5285007976172319,prepaid,0.9559,none,0.8276,0.2499,prepaid_positive_balance; outlier_remaining_term_months; status_source_conflict,prepaid_positive_balance; outlier_remaining_term_months; status_source_conflict,reconcile_record,0.728
L000715,0.0078036969792657515,0.002809888119339803,0.0008625603593709675,0.7979660131405492,prepaid,0.9709,none,0.7812,0.2499,prepaid_positive_balance; outlier_remaining_term_months; status_source_conflict,prepaid_positive_balance; outlier_remaining_term_months; status_source_conflict,reconcile_record,0.825
L000715,0.007241757611891265,0.0029192935118214727,0.0008625603593709675,0.7979660131405492,prepaid,0.9709,none,0.7793,0.2499,prepaid_positive_balance; outlier_remaining_term_months; status_source_conflict,prepaid_positive_balance; outlier_remaining_term_months; status_source_conflict,reconcile_record,0.825
L000715,0.00839488497214304,0.003011679272750537,0.0008642594457348276,0.8069048646654416,prepaid,0.9678,missing_docs,0.8861,0.7999,prepaid_positive_balance; outlier_remaining_term_months; status_source_conflict,prepaid_positive_balance; outlier_remaining_term_months; status_source_conflict,escalate_human_review,0.828
L000716,0.025652113876606025,0.04620874352665529,0.0018104275479772487,0.029616097858780333,current,0.7821,none,0.828,0.2139,outlier_remaining_term_months; status_source_conflict,outlier_remaining_term_months; status_source_conflict,reconcile_record,0.9
L000716,0.028148299758961406,0.05099243062505682,0.0015664893181740168,0.03173688496115257,current,0.7859,none,0.8225,0.2139,outlier_remaining_term_months; status_source_conflict,outlier_remaining_term_months; status_source_conflict,reconcile_record,0.897
L000717,0.03792294815720693,0.1279720734030615,0.00975992978326254,0.04151024813194318,current,0.8181,none,0.7272,0.1149,status_source_conflict,status_source_conflict,reconcile_record,0.884
L000717,0.03532557238308307,0.13084116412889826,0.006045622652545216,0.05997744508579526,current,0.8171,none,0.7344,0.1149,status_source_conflict,status_source_conflict,reconcile_record,0.879
L000717,0.0392831720260847,0.16411514200206503,0.006420670552673629,0.04994646708917866,current,0.7987,none,0.7419,0.1149,status_source_conflict,status_source_conflict,reconcile_record,0.869
L000717,0.04268636871203285,0.14614980293725907,0.00705930474397429,0.07966534859136826,current,0.7593,none,0.7378,0.1149,status_source_conflict,status_source_conflict,reconcile_record,0.863
L000717,0.05683791933363854,0.1587186352088766,0.008208179679566593,0.15966275068796304,current,0.6055,none,0.7372,0.1149,status_source_conflict,status_source_conflict,reconcile_record,0.826
L000718,0.07277069169724484,0.532385491635401,0.9626190113039046,0.00031210782264777076,default,0.9353,none,0.7451,0.7639,outlier_remaining_term_months; status_source_conflict,outlier_remaining_term_months; status_source_conflict,escalate_human_review,0.734
L000718,0.09588430437348523,0.5347150897951518,0.9580851859134117,0.0003531502665126346,default,0.9368,none,0.7474,0.7639,outlier_remaining_term_months; status_source_conflict,outlier_remaining_term_months; status_source_conflict,escalate_human_review,0.725
L000718,0.0937721759640932,0.54492517734229,0.9578588515252201,0.00032937873611191504,default,0.9362,none,0.7398,0.7639,outlier_remaining_term_months; status_source_conflict,outlier_remaining_term_months; status_source_conflict,escalate_human_review,0.729
L000720,0.026545640823516948,0.038293977837293845,0.013889098542349237,0.13901260076542146,current,0.662,none,0.4659,0.2139,outlier_remaining_term_months; balance_source_conflict,outlier_remaining_term_months; balance_source_conflict,reconcile_record,0.86
L000720,0.04151502421909982,0.06691090111794055,0.010855777495350232,0.09204197018932776,current,0.4216,none,0.5638,0.2679,outlier_remaining_term_months; outlier_paydown_rate; balance_source_conflict,outlier_remaining_term_months; outlier_paydown_rate; balance_source_conflict,reconcile_record,0.808
L000720,0.03641849408331291,0.04141114713122239,0.016115064187736144,0.12864112113384168,current,0.6445,none,0.473,0.2379,outlier_remaining_term_months; outlier_paydown_rate; balance_source_conflict,outlier_remaining_term_months; outlier_paydown_rate; balance_source_conflict,reconcile_record,0.834
L000721,0.009460644142003824,0.0030634089876689316,0.001135874306394501,0.23758812946284627,prepaid,0.9935,none,0.7292,0.7999,prepaid_positive_balance; outlier_remaining_term_months; status_source_conflict,prepaid_positive_balance; outlier_remaining_term_months; status_source_conflict,escalate_human_review,0.812
L000721,0.009231520937398487,0.003160797560140075,0.0011360996834319436,0.23367627312337846,prepaid,0.9935,none,0.7305,0.7999,prepaid_positive_balance; outlier_remaining_term_months; status_source_conflict,prepaid_positive_balance; outlier_remaining_term_months; status_source_conflict,escalate_human_review,0.813
L000721,0.00967149924779112,0.003061898896467861,0.001135874306394501,0.23062839479950648,prepaid,0.9813,none,0.7335,0.7999,prepaid_positive_balance; outlier_remaining_term_months; status_source_conflict,prepaid_positive_balance; outlier_remaining_term_months; status_source_conflict,escalate_human_review,0.815
L000722,0.02890016393616221,0.03987490301228591,0.0055975411923745375,0.010908799472786444,current,0.6314,none,0.7436,0.7639,outlier_remaining_term_months; status_source_conflict,outlier_remaining_term_months; status_source_conflict,escalate_human_review,0.906
L000722,0.01950129859249793,0.027667512384053503,0.006353635127740998,0.013059854619462226,current,0.7275,none,0.6667,0.8119,outlier_remaining_term_months; outlier_balance_ratio; outlier_paydown_rate,outlier_remaining_term_months; outlier_balance_ratio; outlier_paydown_rate,escalate_human_review,0.865
L000723,0.03840965391021897,0.05857506328270328,0.029814008030545677,0.00400779898859053,current,0.7443,missing_docs,0.8407,0.2349,dpd_impossible; status_source_conflict,dpd_impossible; status_source_conflict,reconcile_record,0.87
L000723,0.06590974859054567,0.0777000948877448,0.0243731123109244,0.003568509875215119,current,0.7334,none,0.7098,0.1149,status_source_conflict,status_source_conflict,reconcile_record,0.9
L000723,0.06988468205022902,0.07375928951031475,0.06338344109673909,0.004078417504583163,current,0.7066,none,0.7323,0.1149,status_source_conflict,status_source_conflict,reconcile_record,0.886
L000723,0.07460248665458206,0.08532826427613899,0.03969188107350724,0.003621473610747104,current,0.751,none,0.7042,0.1149,status_source_conflict,status_source_conflict,reconcile_record,0.889
L000724,0.13193453325166518,0.2812412506149491,0.008353373768316309,0.04050651256779234,current,0.7056,none,0.7303,0.1149,status_source_conflict,status_source_conflict,reconcile_record,0.798
L000724,0.11697905729852064,0.2476883937834146,0.014953413789837963,0.032362615059402695,current,0.6837,none,0.7237,0.1149,status_source_conflict,status_source_conflict,reconcile_record,0.816
L000725,0.00875818159275086,0.004462208225540393,0.0017618629016225718,0.7531955442506124,prepaid,0.922,none,0.8021,0.2499,prepaid_positive_balance; outlier_paydown_rate; status_source_conflict,prepaid_positive_balance; outlier_paydown_rate; status_source_conflict,reconcile_record,0.808
L000725,0.010008849927866782,0.004765392031996039,0.0022175056918164013,0.732741576273091,prepaid,0.982,none,0.8331,0.2259,prepaid_positive_balance; status_source_conflict,prepaid_positive_balance; status_source_conflict,reconcile_record,0.825
L000725,0.010401208712207228,0.004611974687183791,0.002218044663620333,0.7294686844067128,prepaid,0.9811,none,0.8419,0.2259,prepaid_positive_balance; status_source_conflict,prepaid_positive_balance; status_source_conflict,reconcile_record,0.823
L000725,0.010701930265178844,0.004765392031996039,0.0022175056918164013,0.732741576273091,prepaid,0.982,none,0.8419,0.2259,prepaid_positive_balance; status_source_conflict,prepaid_positive_balance; status_source_conflict,reconcile_record,0.825
L000725,0.01003356316553409,0.004760258512293489,0.002333442660131784,0.732741576273091,prepaid,0.9819,none,0.8299,0.2259,prepaid_positive_balance; status_source_conflict,prepaid_positive_balance; status_source_conflict,reconcile_record,0.825
L000726,0.02984939676297199,0.03289041504295658,0.0008785351882691322,0.019230640108771613,current,0.7594,none,0.619,0.6649,balance_source_conflict,balance_source_conflict,reconcile_record,0.931
L000726,0.03954188927899731,0.06425712815749411,0.0011702929494444704,0.033649387508996716,current,0.7577,missing_docs,0.8875,0.1149,balance_source_conflict,balance_source_conflict,reconcile_record,0.912
L000726,0.03259496729061827,0.033010218362722464,0.0009852270657404764,0.03194091608813612,current,0.7465,none,0.5187,0.1149,balance_source_conflict,balance_source_conflict,reconcile_record,0.926
L000726,0.030112612723723915,0.03363558658130996,0.0008261943888223149,0.02033208000791485,current,0.7352,none,0.6144,0.1149,balance_source_conflict,balance_source_conflict,reconcile_record,0.931
L000726,0.04010121866846547,0.06953625579742843,0.0011110047504643689,0.02981495594370116,current,0.7201,none,0.6025,0.1149,balance_source_conflict,balance_source_conflict,reconcile_record,0.911
L000728,0.18747048852429052,0.3623753709918933,0.038921666346743274,0.004208679585863258,current,0.5656,source_conflict,0.7441,0.7639,outlier_remaining_term_months; balance_source_conflict,outlier_remaining_term_months; balance_source_conflict,escalate_human_review,0.729
L000728,0.1675705053307122,0.3506204248798214,0.03899700219644822,0.0039006375003849737,current,0.5435,source_conflict,0.7499,0.7639,outlier_remaining_term_months; balance_source_conflict,outlier_remaining_term_months; balance_source_conflict,escalate_human_review,0.739
L000728,0.21088398633188912,0.339717102347572,0.04790480127304939,0.004857792203921305,current,0.4864,source_conflict,0.7421,0.7639,outlier_remaining_term_months; balance_source_conflict,outlier_remaining_term_months; balance_source_conflict,escalate_human_review,0.725
L000728,0.239317288920607,0.35636750297659675,0.039256752504106276,0.005957605743439222,current,0.4365,source_conflict,0.7219,0.7999,dpd_status_break; outlier_remaining_term_months; balance_source_conflict,dpd_status_break; outlier_remaining_term_months; balance_source_conflict,escalate_human_review,0.676
L000729,0.03938156839807456,0.031732305355420425,0.0008420821988768956,0.2858313208310153,current,0.7595,missing_docs,0.8984,0.2199,balance_source_conflict; status_source_conflict,balance_source_conflict; status_source_conflict,reconcile_record,0.805
L000729,0.03515910212267891,0.02675995145243469,0.0007754005314567135,0.31646534405219157,current,0.7603,none,0.6799,0.2199,balance_source_conflict; status_source_conflict,balance_source_conflict; status_source_conflict,reconcile_record,0.797
L000729,0.04010492927063513,0.025756764949638866,0.0008955501177728907,0.3018355007401956,current,0.7593,none,0.6763,0.2199,balance_source_conflict; status_source_conflict,balance_source_conflict; status_source_conflict,reconcile_record,0.801
L000729,0.050824836850981554,0.03506185004800376,0.0007204258090329372,0.31179430781198386,current,0.6269,none,0.7038,0.1149,balance_source_conflict,balance_source_conflict,reconcile_record,0.821
L000730,0.031064225274917614,0.0250499510610926,0.017970406382732416,0.27441248233875104,current,0.7449,none,0.7769,0.1149,status_source_conflict,status_source_conflict,reconcile_record,0.838
L000730,0.04702828824168811,0.03251612381422758,0.016783017256114342,0.26966374820966627,current,0.7623,none,0.7881,0.1149,status_source_conflict,status_source_conflict,reconcile_record,0.832
L000730,0.05665550632861524,0.034343595657375915,0.015302067610601216,0.3006830671146114,current,0.752,none,0.7894,0.1149,status_source_conflict,status_source_conflict,reconcile_record,0.818
L000731,0.022469705636035692,0.01680562491253341,0.0010376356900848045,0.001322502444673808,current,0.7118,none,0.7309,0.1149,status_source_conflict,status_source_conflict,reconcile_record,0.945
L000731,0.0321041475522086,0.022848470398119176,0.002582770081652535,0.0009705074196394545,current,0.6963,none,0.7301,0.6649,status_source_conflict,status_source_conflict,reconcile_record,0.94
L000732,0.058546631216491764,0.10687480712094836,0.02633909420903957,0.0037625349796855142,current,0.7302,none,0.7015,0.1149,status_source_conflict,status_source_conflict,reconcile_record,0.892
L000732,0.0634989436724151,0.11237344925700095,0.020265228539173518,0.0026940515948808298,current,0.7247,none,0.7078,0.1149,status_source_conflict,status_source_conflict,reconcile_record,0.891
L000732,0.04753194221169812,0.07919120882100762,0.011415717749747126,0.00392818433325812,current,0.7406,none,0.6925,0.1149,status_source_conflict,status_source_conflict,reconcile_record,0.91
L000732,0.033261047929305086,0.054603819461543766,0.009707340679204625,0.005766517738510453,current,0.7044,none,0.6871,0.1149,status_source_conflict,status_source_conflict,reconcile_record,0.924
L000732,0.053536431278534656,0.09147283270676017,0.013313935110671719,0.004055495333858179,current,0.5593,none,0.6669,0.1149,status_source_conflict,status_source_conflict,reconcile_record,0.903
L000733,0.0123767189561964,0.00475323270100514,0.008254332661939694,0.7678178661476774,prepaid,0.813,none,0.72,0.2499,prepaid_positive_balance; outlier_remaining_term_months; status_source_conflict,prepaid_positive_balance; outlier_remaining_term_months; status_source_conflict,reconcile_record,0.81
L000733,0.010966730783681848,0.004095409153348328,0.004701623890938746,0.8328574852257983,prepaid,0.8171,none,0.7406,0.7999,prepaid_positive_balance; outlier_remaining_term_months; status_source_conflict,prepaid_positive_balance; outlier_remaining_term_months; status_source_conflict,escalate_human_review,0.835
L000734,0.09483400772848112,0.2559752441978637,0.05756738215910678,0.0064802007576097,current,0.7399,none,0.676,0.1149,status_source_conflict,status_source_conflict,reconcile_record,0.815
L000734,0.06792556470638693,0.23417662689882604,0.04494119502099273,0.005401567416922589,current,0.7443,none,0.7711,0.1149,status_source_conflict,status_source_conflict,reconcile_record,0.837
L000734,0.059828713110168096,0.2207440773472178,0.041743497437984105,0.00564366556242251,current,0.7515,none,0.769,0.1149,status_source_conflict,status_source_conflict,reconcile_record,0.845
L000735,0.03393210858097384,0.03255559452019752,0.0015611802059154129,0.007579868159422499,current,0.7876,none,0.8804,0.6649,status_source_conflict,status_source_conflict,reconcile_record,0.933
L000735,0.030539224661154173,0.04030595805203279,0.002181315658203644,0.022815112613942007,current,0.7707,none,0.8809,0.1149,status_source_conflict,status_source_conflict,reconcile_record,0.926
L000735,0.022356415886278583,0.03667114447180213,0.0023063804249122,0.013165087550826902,current,0.7023,none,0.8671,0.1149,status_source_conflict,status_source_conflict,reconcile_record,0.934
L000735,0.025263081973063692,0.03499716728097874,0.0023036691713502087,0.005273884404592103,current,0.6909,none,0.8566,0.1149,status_source_conflict,status_source_conflict,reconcile_record,0.936
L000736,0.029408397656141744,0.09455298546321084,0.03469750485281521,0.049562568706285205,current,0.7629,none,0.7543,0.6649,status_source_conflict,status_source_conflict,reconcile_record,0.887
L000736,0.030200118775224178,0.075327735027303,0.03156915537045168,0.03905838993355906,current,0.7792,none,0.7612,0.6649,status_source_conflict,status_source_conflict,reconcile_record,0.898
L000736,0.026586296182749825,0.08407836636015535,0.046954345229446505,0.062049973085184056,current,0.7468,none,0.7522,0.6649,status_source_conflict,status_source_conflict,reconcile_record,0.883
L000737,0.006925682306223394,0.0025996540012399798,0.0006707709380762454,0.8567320818603162,prepaid,0.9839,none,0.7921,0.7759,prepaid_positive_balance; status_source_conflict,prepaid_positive_balance; status_source_conflict,escalate_human_review,0.87
L000737,0.006925682306223394,0.0026002999634880137,0.0006707709380762454,0.8571962276429858,prepaid,0.9834,none,0.7883,0.2259,prepaid_positive_balance; status_source_conflict,prepaid_positive_balance; status_source_conflict,reconcile_record,0.87
L000737,0.007536535122735527,0.0031573481337326113,0.0005315820140314554,0.8509137032932763,prepaid,0.9803,none,0.6763,0.2259,prepaid_positive_balance; status_source_conflict,prepaid_positive_balance; status_source_conflict,reconcile_record,0.868
L000737,0.007141338117621108,0.002634635919631612,0.0006765371205959634,0.8579499613287348,prepaid,0.9834,none,0.7814,0.2259,prepaid_positive_balance; status_source_conflict,prepaid_positive_balance; status_source_conflict,reconcile_record,0.871
L000737,0.007141338117621108,0.0026574764772051523,0.0006774426830339517,0.8503704467272998,prepaid,0.9832,missing_docs,0.8542,0.2259,prepaid_positive_balance; status_source_conflict,prepaid_positive_balance; status_source_conflict,reconcile_record,0.868
L000738,0.10052371559999472,0.15791980267108072,0.0007054929658479213,0.06917496210855868,current,0.7021,missing_docs,0.7959,0.2139,outlier_remaining_term_months; balance_source_conflict,outlier_remaining_term_months; balance_source_conflict,reconcile_record,0.821
L000738,0.10682417072723356,0.29151337684558354,0.0006191186854606727,0.0636217390403268,current,0.7037,source_conflict,0.6267,0.2139,outlier_remaining_term_months; balance_source_conflict,outlier_remaining_term_months; balance_source_conflict,reconcile_record,0.774
L000738,0.13241906252738386,0.2500899140619886,0.0006738418378653455,0.07226653173081155,current,0.6798,source_conflict,0.6016,0.7639,outlier_remaining_term_months; balance_source_conflict,outlier_remaining_term_months; balance_source_conflict,escalate_human_review,0.776
L000738,0.1342074131525219,0.24230186675448295,0.0006424023525508009,0.07208446378732213,current,0.6769,source_conflict,0.5951,0.7639,outlier_remaining_term_months; balance_source_conflict,outlier_remaining_term_months; balance_source_conflict,escalate_human_review,0.779
L000739,0.209111404649818,0.2668041243797061,0.5119520475424212,0.0005052933140721037,default,0.9883,none,0.809,0.6649,status_source_conflict,status_source_conflict,reconcile_record,0.623
L000739,0.209111404649818,0.2668041243797061,0.5119520475424212,0.0005054906312987584,default,0.9883,none,0.809,0.6649,status_source_conflict,status_source_conflict,reconcile_record,0.623
L000739,0.1844053414915882,0.27478374530544286,0.41886179333744783,0.00041561231100669733,default,0.9824,none,0.7825,0.6649,status_source_conflict,status_source_conflict,reconcile_record,0.653
L000739,0.18887912779456484,0.24203250805348275,0.5313118292435636,0.0004949865896124937,default,0.9797,none,0.6629,0.6649,status_source_conflict,status_source_conflict,reconcile_record,0.645
L000740,0.007400277516908224,0.002252046495377647,0.0008081405845886723,0.9612552687938473,prepaid,0.7103,none,0.7465,0.2499,prepaid_positive_balance; outlier_remaining_term_months; status_source_conflict,prepaid_positive_balance; outlier_remaining_term_months; status_source_conflict,reconcile_record,0.883
L000740,0.005836497721000394,0.0017943454380914547,0.0006802927086944503,0.9539214350519735,prepaid,0.8496,none,0.7286,0.2499,prepaid_positive_balance; outlier_remaining_term_months; status_source_conflict,prepaid_positive_balance; outlier_remaining_term_months; status_source_conflict,reconcile_record,0.881
L000740,0.0065468865339042325,0.0019595502315603902,0.0008628196226527587,0.9511138454959288,prepaid,0.848,none,0.732,0.2499,prepaid_positive_balance; outlier_remaining_term_months; status_source_conflict,prepaid_positive_balance; outlier_remaining_term_months; status_source_conflict,reconcile_record,0.88
L000741,0.0056805417157428,0.0024295512882366063,0.0002688308807334402,0.6856465387656684,prepaid,0.9265,none,0.8539,0.2259,prepaid_positive_balance; status_source_conflict,prepaid_positive_balance; status_source_conflict,reconcile_record,0.811
L000741,0.00564425846954723,0.002632199753639347,0.0002768966069878334,0.7171613983715552,prepaid,0.9173,none,0.8332,0.2259,prepaid_positive_balance; status_source_conflict,prepaid_positive_balance; status_source_conflict,reconcile_record,0.822
L000741,0.005242276811139576,0.002628585802001839,0.0003496804664136316,0.6567926451459221,prepaid,0.9329,none,0.8332,0.2259,prepaid_positive_balance; status_source_conflict,prepaid_positive_balance; status_source_conflict,reconcile_record,0.801
L000741,0.006351211644724865,0.0026626908058481834,0.0003468425517719944,0.6326204306233868,prepaid,0.9288,none,0.833,0.2259,prepaid_positive_balance; status_source_conflict,prepaid_positive_balance; status_source_conflict,reconcile_record,0.792
L000741,0.005842100060265654,0.002660305932601041,0.0003496804664136316,0.6597807034060679,prepaid,0.9284,none,0.8332,0.2259,prepaid_positive_balance; status_source_conflict,prepaid_positive_balance; status_source_conflict,reconcile_record,0.802
L000742,0.1554228692227442,0.12138805583354222,0.020163492120410752,0.006446394569936752,current,0.7577,none,0.6988,0.1149,status_source_conflict,status_source_conflict,reconcile_record,0.854
L000742,0.10197292198873971,0.09300656706534827,0.01056774278486567,0.00887547738409246,current,0.7181,none,0.726,0.1149,status_source_conflict,status_source_conflict,reconcile_record,0.885
L000742,0.1188273491791122,0.09753691168807326,0.011205969014174753,0.007876138508849023,current,0.696,none,0.7172,0.1149,status_source_conflict,status_source_conflict,reconcile_record,0.878
L000742,0.13104678172706136,0.11454680243910786,0.011144372977557793,0.010196205455815613,current,0.7586,none,0.7322,0.1149,status_source_conflict,status_source_conflict,reconcile_record,0.867
L000744,0.02096841798398649,0.011488686311691315,0.0032924164147994993,0.01568238947323315,current,0.7727,missing_docs,0.8854,0.1149,status_source_conflict,status_source_conflict,reconcile_record,0.942
L000744,0.019058120315531765,0.010773767646944224,0.002287318635887011,0.027034275692977602,current,0.8211,none,0.8332,0.1149,status_source_conflict,status_source_conflict,reconcile_record,0.939
L000745,0.01824383407554867,0.026805983627284657,0.003585409400714603,0.17424515667886956,current,0.8032,none,0.8353,0.2139,outlier_paydown_rate; status_source_conflict,outlier_paydown_rate; status_source_conflict,reconcile_record,0.858
L000745,0.017594691753204147,0.02546931523812113,0.0038896880217625025,0.24574264540165347,current,0.8039,none,0.8381,0.1149,status_source_conflict,status_source_conflict,reconcile_record,0.858
L000745,0.02081941384308873,0.02718616564182637,0.002176014517591765,0.2385332375905762,current,0.7897,none,0.8743,0.1149,status_source_conflict,status_source_conflict,reconcile_record,0.859
L000746,0.00543393022082943,0.0021983356573662184,0.0015375176291735103,0.8988574273647892,prepaid,0.9218,none,0.6475,0.7999,prepaid_positive_balance; outlier_remaining_term_months; status_source_conflict,prepaid_positive_balance; outlier_remaining_term_months; status_source_conflict,escalate_human_review,0.862
L000746,0.005395518596399136,0.002268179759794166,0.0016810263381922391,0.8985100792925791,prepaid,0.9229,none,0.6432,0.7999,prepaid_positive_balance; outlier_remaining_term_months; status_source_conflict,prepaid_positive_balance; outlier_remaining_term_months; status_source_conflict,escalate_human_review,0.862
L000746,0.006588280734823614,0.0021758746304455334,0.0013276328808293884,0.8824553533291235,prepaid,0.9233,none,0.6423,0.7999,prepaid_positive_balance; outlier_remaining_term_months; status_source_conflict,prepaid_positive_balance; outlier_remaining_term_months; status_source_conflict,escalate_human_review,0.855
L000747,0.06498197341443422,0.11100367796695519,0.005724881202785307,0.08610152297462707,current,0.6703,none,0.8259,0.2139,outlier_remaining_term_months; status_source_conflict,outlier_remaining_term_months; status_source_conflict,reconcile_record,0.842
L000747,0.059457696420643434,0.09574158456318982,0.004026039593476278,0.10268314001981425,current,0.713,none,0.8542,0.2139,outlier_remaining_term_months; status_source_conflict,outlier_remaining_term_months; status_source_conflict,reconcile_record,0.844
L000747,0.06319676697344204,0.11312216413246895,0.005137325476157015,0.05025394800962831,current,0.6034,data_break,0.8134,0.8569,negative_balance; outlier_remaining_term_months; outlier_balance_ratio,negative_balance; outlier_remaining_term_months; outlier_balance_ratio,escalate_human_review,0.762
L000748,0.08633892352330479,0.04864241509349924,0.0010635571257618095,0.01140972321714378,current,0.6416,none,0.5836,0.7639,outlier_remaining_term_months; status_source_conflict,outlier_remaining_term_months; status_source_conflict,escalate_human_review,0.884
L000748,0.07722048182429884,0.03518099880631254,0.0014469354049097142,0.009094321200822719,current,0.6203,none,0.4832,0.7639,outlier_remaining_term_months; status_source_conflict,outlier_remaining_term_months; status_source_conflict,escalate_human_review,0.893
L000748,0.06960363551682357,0.030458513215689677,0.0014571239735883888,0.009204616240832096,current,0.6574,none,0.5738,0.7639,outlier_remaining_term_months; status_source_conflict,outlier_remaining_term_months; status_source_conflict,escalate_human_review,0.898
L000748,0.053877393743715245,0.02360917658900069,0.0012965499301783113,0.009481996246605463,current,0.6566,none,0.5814,0.7639,outlier_remaining_term_months; status_source_conflict,outlier_remaining_term_months; status_source_conflict,escalate_human_review,0.905
L000748,0.05312027180194945,0.02340742269019973,0.0013093598745146388,0.009378752329388078,current,0.6569,none,0.5832,0.7639,outlier_remaining_term_months; status_source_conflict,outlier_remaining_term_months; status_source_conflict,escalate_human_review,0.905
L000749,0.021880278654988945,0.010667446649317494,0.0028208659646780485,0.15894331684444427,current,0.7304,none,0.6849,0.7639,outlier_remaining_term_months; status_source_conflict,outlier_remaining_term_months; status_source_conflict,escalate_human_review,0.868
L000749,0.024837137845265016,0.011888863783475328,0.002754325154196629,0.2158864660162413,current,0.7251,none,0.599,0.7639,outlier_remaining_term_months; status_source_conflict,outlier_remaining_term_months; status_source_conflict,escalate_human_review,0.846
L000749,0.017300555104981827,0.006754549267942071,0.0028292979718265283,0.1686421981635194,current,0.6174,none,0.6785,0.7639,outlier_remaining_term_months; status_source_conflict,outlier_remaining_term_months; status_source_conflict,escalate_human_review,0.867
L000749,0.01414083149778407,0.006148767050085597,0.003740711189236284,0.21153944259683743,current,0.6324,none,0.5863,0.7639,outlier_remaining_term_months; status_source_conflict,outlier_remaining_term_months; status_source_conflict,escalate_human_review,0.853
L000750,0.024917114708988174,0.04098485316621296,0.0003814295657712909,0.6346972481234628,current,0.8004,none,0.8564,0.7639,outlier_remaining_term_months; status_source_conflict,outlier_remaining_term_months; status_source_conflict,escalate_human_review,0.785
L000750,0.004452659430499909,0.005002756474353968,0.00040894999902747704,0.4929163597317114,prepaid,0.8723,none,0.7597,0.2739,prepaid_positive_balance; outlier_remaining_term_months; outlier_paydown_rate,prepaid_positive_balance; outlier_remaining_term_months; outlier_paydown_rate,reconcile_record,0.7
L000750,0.007816044155771133,0.0031453837082855043,0.0003210238034295839,0.5740738859549834,prepaid,0.7365,none,0.8252,0.2739,prepaid_positive_balance; outlier_remaining_term_months; outlier_paydown_rate,prepaid_positive_balance; outlier_remaining_term_months; outlier_paydown_rate,reconcile_record,0.723
L000750,0.0062033957013670335,0.002706542536433334,0.0003010424042992483,0.5989107832053012,prepaid,0.8772,none,0.7776,0.2499,prepaid_positive_balance; outlier_remaining_term_months; status_source_conflict,prepaid_positive_balance; outlier_remaining_term_months; status_source_conflict,reconcile_record,0.757
L000750,0.007258652060206805,0.0022606765251121375,0.0003698375837758023,0.6346666121577089,prepaid,0.8731,none,0.7824,0.2499,prepaid_positive_balance; outlier_remaining_term_months; status_source_conflict,prepaid_positive_balance; outlier_remaining_term_months; status_source_conflict,reconcile_record,0.768
L000751,0.14354682075245231,0.14029399640418863,0.008858581589312707,0.003086213516388559,current,0.7141,none,0.8001,0.2139,outlier_remaining_term_months; status_source_conflict,outlier_remaining_term_months; status_source_conflict,reconcile_record,0.832
L000751,0.2002107090531697,0.2430638674781722,0.009583222396628989,0.0019500009886638935,current,0.6339,none,0.7915,0.2139,outlier_remaining_term_months; status_source_conflict,outlier_remaining_term_months; status_source_conflict,reconcile_record,0.777
L000751,0.11308312864159638,0.09565627016284782,0.006824004023528493,0.0024382820067625215,current,0.6668,none,0.796,0.2139,outlier_remaining_term_months; status_source_conflict,outlier_remaining_term_months; status_source_conflict,reconcile_record,0.86
L000752,0.025056396522073487,0.024858146060053713,0.009368313039927583,0.0017300618747163679,current,0.7433,none,0.7923,0.1149,status_source_conflict,status_source_conflict,reconcile_record,0.938
L000752,0.03156009440785238,0.02819662412761657,0.01168760734493813,0.0015075414316932567,current,0.7185,none,0.8023,0.1149,status_source_conflict,status_source_conflict,reconcile_record,0.935
L000752,0.03616897495224255,0.03367553370514013,0.007084177386921752,0.001807246009199138,current,0.7227,none,0.7999,0.1149,status_source_conflict,status_source_conflict,reconcile_record,0.933
L000752,0.0413012153404006,0.03643063005193152,0.010121942794055308,0.0013860272607589001,current,0.7085,none,0.7958,0.6649,status_source_conflict,status_source_conflict,reconcile_record,0.929
L000752,0.031296149229307714,0.03735393139590746,0.009496396032700551,0.004261071157416782,current,0.4904,none,0.7775,0.6649,status_source_conflict,status_source_conflict,reconcile_record,0.931
L000752,0.023493773579415164,0.03462201659434389,0.007145126949177998,0.00180361541323188,current,0.6944,none,0.7992,0.6649,status_source_conflict,status_source_conflict,reconcile_record,0.936
L000753,0.04978447339570613,0.026195698993068405,0.0045528467630949155,0.08694053217617975,current,0.7177,none,0.7214,0.2139,outlier_remaining_term_months; status_source_conflict,outlier_remaining_term_months; status_source_conflict,reconcile_record,0.877
L000753,0.03737738753953997,0.025647718820250725,0.004509941663771533,0.2645286416885299,current,0.669,none,0.7198,0.2139,outlier_remaining_term_months; status_source_conflict,outlier_remaining_term_months; status_source_conflict,reconcile_record,0.82
L000754,0.0904393528990886,0.06264079205877116,0.8165482437184393,0.013123813506858597,current,0.784,none,0.7753,0.1149,status_source_conflict,status_source_conflict,reconcile_record,0.838
L000754,0.0750622056632109,0.036595991386320754,0.6887199536305206,0.001170914014892266,default,0.8821,none,0.6507,0.6649,status_source_conflict,status_source_conflict,reconcile_record,0.812
L000754,0.08551340330897787,0.04435739357934767,0.6875719838674902,0.0010187674737248073,default,0.9112,none,0.6987,0.6649,status_source_conflict,status_source_conflict,reconcile_record,0.805
L000754,0.0876762274029048,0.047891077035029955,0.8092255575650924,0.0010197556306940205,default,0.9157,none,0.6932,0.6649,status_source_conflict,status_source_conflict,reconcile_record,0.845
L000755,0.05125071435217063,0.15037195844599086,0.008734045827379683,0.05388271541329046,current,0.7424,none,0.625,0.1149,status_source_conflict,status_source_conflict,reconcile_record,0.868
L000755,0.05315012955474813,0.13040734991498282,0.009012714840127351,0.04610525869054773,current,0.7948,none,0.761,0.1149,status_source_conflict,status_source_conflict,reconcile_record,0.877
L000755,0.06457220515186095,0.19886241978670113,0.018319940020390724,0.06696949416251753,current,0.791,none,0.7385,0.1149,status_source_conflict,status_source_conflict,reconcile_record,0.838
L000756,0.04039707604926522,0.046735897303415624,0.0017431635589631094,0.13576943317878035,current,0.7483,none,0.799,0.2139,outlier_remaining_term_months; status_source_conflict,outlier_remaining_term_months; status_source_conflict,reconcile_record,0.858
L000756,0.027639345548709476,0.021969116743580142,0.00132976792121275,0.14807824862036642,current,0.7249,none,0.8171,0.2139,outlier_remaining_term_months; status_source_conflict,outlier_remaining_term_months; status_source_conflict,reconcile_record,0.866
L000756,0.029857902544313,0.02303095362512979,0.0012413476953259922,0.12631043641452405,current,0.7168,none,0.819,0.2139,outlier_remaining_term_months; status_source_conflict,outlier_remaining_term_months; status_source_conflict,reconcile_record,0.873
L000756,0.036276761969417676,0.04524504630946952,0.0016522719947855544,0.10645174500365179,current,0.731,none,0.796,0.2139,outlier_remaining_term_months; status_source_conflict,outlier_remaining_term_months; status_source_conflict,reconcile_record,0.87
L000757,0.08234676974716128,0.39879163211731766,0.8809475886973214,0.0002254942060063267,default,0.8364,none,0.6863,0.6649,status_source_conflict,status_source_conflict,reconcile_record,0.75
L000757,0.08496909678134401,0.40809406465700077,0.8617139700325431,0.00020646128768919973,default,0.9553,none,0.695,0.6649,status_source_conflict,status_source_conflict,reconcile_record,0.739
L000759,0.07104576381084311,0.42313359551289076,0.020964544980766307,0.011295681694098109,current,0.7057,none,0.7748,0.1149,status_source_conflict,status_source_conflict,reconcile_record,0.776
L000759,0.23861274404820598,0.4777647699086262,0.18804065857459049,0.009504193044894525,60_dpd,0.4878,none,0.7126,0.6649,status_source_conflict,status_source_conflict,reconcile_record,0.64
L000759,0.042778576783577854,0.18728054216069925,0.016710187937314356,0.011088553114472946,current,0.6984,none,0.7647,0.1149,status_source_conflict,status_source_conflict,reconcile_record,0.87
L000759,0.05266157455863705,0.1769613965734147,0.010944252836922965,0.018807022684579403,current,0.6903,none,0.7637,0.1149,status_source_conflict,status_source_conflict,reconcile_record,0.869
L000760,0.0528619866766362,0.033885132898726154,0.006055005517562234,0.8511921656539432,current,0.7243,none,0.7336,0.2139,outlier_remaining_term_months; status_source_conflict,outlier_remaining_term_months; status_source_conflict,reconcile_record,0.851
L000760,0.0071388195632992755,0.002240342054098493,0.0010060258479226058,0.8175694654131159,prepaid,0.7934,none,0.6938,0.2499,prepaid_positive_balance; outlier_remaining_term_months; status_source_conflict,prepaid_positive_balance; outlier_remaining_term_months; status_source_conflict,reconcile_record,0.833
L000760,0.006863928754679376,0.002240342054098493,0.000983281984422888,0.7816294979952906,prepaid,0.7934,none,0.7037,0.2499,prepaid_positive_balance; outlier_remaining_term_months; status_source_conflict,prepaid_positive_balance; outlier_remaining_term_months; status_source_conflict,reconcile_record,0.82
L000760,0.00707560792537051,0.002240342054098493,0.0010042957409608989,0.8175694654131159,prepaid,0.7934,none,0.6842,0.7999,prepaid_positive_balance; outlier_remaining_term_months; status_source_conflict,prepaid_positive_balance; outlier_remaining_term_months; status_source_conflict,escalate_human_review,0.833
L000761,0.04771540892394847,0.05443467031772017,0.0381625019901032,0.002329936025059962,current,0.6955,none,0.5327,0.6649,status_source_conflict,status_source_conflict,reconcile_record,0.91
L000761,0.037046946117801995,0.0219862786656746,0.03977255405017179,0.0022467395039225224,current,0.7068,none,0.6401,0.6649,status_source_conflict,status_source_conflict,reconcile_record,0.924
L000761,0.030570381813648916,0.03961141856227194,0.05173331013717322,0.010640812882277917,current,0.6793,none,0.6029,0.1149,status_source_conflict,status_source_conflict,reconcile_record,0.914
L000762,0.3408256294206709,0.5496797725179182,0.9594930535336101,0.00028291831431078774,default,0.9354,none,0.6432,0.6649,status_source_conflict,status_source_conflict,reconcile_record,0.669
L000762,0.3348929935543268,0.5481673033445771,0.9611522926722605,0.0002895844465194306,default,0.9406,none,0.8042,0.6649,status_source_conflict,status_source_conflict,reconcile_record,0.671
L000762,0.19644440243984393,0.41853087412909584,0.9308118722317467,0.00041305168905781694,default,0.8428,none,0.7589,0.7639,outlier_paydown_rate; status_source_conflict,outlier_paydown_rate; status_source_conflict,escalate_human_review,0.697
L000762,0.23187579471849773,0.4751756737213113,0.9571763269827254,0.00023172577543173443,default,0.9406,none,0.8042,0.7639,outlier_paydown_rate; status_source_conflict,outlier_paydown_rate; status_source_conflict,escalate_human_review,0.674
L000763,0.09166388880896835,0.21220307878600786,0.009342991343746944,0.7507879671822403,current,0.8167,none,0.6756,0.1149,status_source_conflict,status_source_conflict,reconcile_record,0.763
L000763,0.08774744852093232,0.1878755987439421,0.009501815867144093,0.7688934535762332,current,0.8244,none,0.6817,0.1149,status_source_conflict,status_source_conflict,reconcile_record,0.78
L000763,0.09250652277683984,0.21745011664340055,0.009640481682384112,0.7166315998045282,current,0.826,none,0.668,0.1149,status_source_conflict,status_source_conflict,reconcile_record,0.749
L000763,0.012604954672832444,0.0035502178895110586,0.0009314005813354648,0.5564312706670103,prepaid,0.9424,none,0.6839,0.2259,prepaid_positive_balance; status_source_conflict,prepaid_positive_balance; status_source_conflict,reconcile_record,0.763
L000763,0.012100305681479162,0.00338256347399807,0.0008970648009069677,0.6233862350707091,prepaid,0.9448,none,0.6812,0.2259,prepaid_positive_balance; status_source_conflict,prepaid_positive_balance; status_source_conflict,reconcile_record,0.787
L000764,0.025629281800714592,0.0073097745994950775,0.001234214485564239,0.06287730942356412,current,0.7716,none,0.7198,0.7639,outlier_remaining_term_months; status_source_conflict,outlier_remaining_term_months; status_source_conflict,escalate_human_review,0.902
L000764,0.027879153222038478,0.00999231444079688,0.002394944590904934,0.0627597873075182,current,0.6865,none,0.6542,0.2379,outlier_remaining_term_months; outlier_paydown_rate; status_source_conflict,outlier_remaining_term_months; outlier_paydown_rate; status_source_conflict,reconcile_record,0.876
L000764,0.026170071262664813,0.010342602955187638,0.0018015880110489127,0.06512574549779739,current,0.5162,none,0.6306,0.2379,outlier_remaining_term_months; outlier_paydown_rate; status_source_conflict,outlier_remaining_term_months; outlier_paydown_rate; status_source_conflict,reconcile_record,0.876
L000765,0.030643916991367637,0.014048210524414175,0.0004513829159799822,0.03146189760878405,current,0.706,none,0.7032,0.6649,status_source_conflict,status_source_conflict,reconcile_record,0.933
L000765,0.023328237814848548,0.009726581137648764,0.0003893300415944633,0.03682634451648079,current,0.7203,missing_docs,0.8261,0.1149,status_source_conflict,status_source_conflict,reconcile_record,0.936
L000765,0.0236942200772125,0.009823876766852575,0.0004187888014097948,0.03406564675585655,current,0.7304,none,0.7148,0.1149,status_source_conflict,status_source_conflict,reconcile_record,0.936
L000765,0.020439321414788967,0.009468213815822813,0.00036129110928443596,0.020429073485615474,current,0.7442,none,0.7155,0.6649,status_source_conflict,status_source_conflict,reconcile_record,0.943
L000766,0.10044009712840914,0.1469689318305166,0.013768446719290194,0.8111323755377421,current,0.7484,none,0.8131,0.2139,outlier_remaining_term_months; status_source_conflict,outlier_remaining_term_months; status_source_conflict,reconcile_record,0.779
L000766,0.014595057061861602,0.004303390012744789,0.00044944000312665064,0.7928108708215983,prepaid,0.8091,none,0.751,0.2499,prepaid_positive_balance; outlier_remaining_term_months; status_source_conflict,prepaid_positive_balance; outlier_remaining_term_months; status_source_conflict,reconcile_record,0.821
L000766,0.014595057061861602,0.004303390012744789,0.00044944000312665064,0.7928108708215983,prepaid,0.8091,none,0.751,0.7999,prepaid_positive_balance; outlier_remaining_term_months; status_source_conflict,prepaid_positive_balance; outlier_remaining_term_months; status_source_conflict,escalate_human_review,0.821
L000766,0.014595057061861602,0.004303390012744789,0.00044944000312665064,0.7928108708215983,prepaid,0.8091,none,0.751,0.7999,prepaid_positive_balance; outlier_remaining_term_months; status_source_conflict,prepaid_positive_balance; outlier_remaining_term_months; status_source_conflict,escalate_human_review,0.821
L000767,0.028012587061607405,0.013028339038906232,0.0005739280861031133,0.6918501262809049,prepaid,0.7441,source_conflict,0.5316,0.8059,prepaid_positive_balance; balance_source_conflict; status_source_conflict,prepaid_positive_balance; balance_source_conflict; status_source_conflict,escalate_human_review,0.772
L000767,0.02556885316964276,0.012269965645862217,0.0005596254290927254,0.7479622614632458,prepaid,0.7471,source_conflict,0.5139,0.8059,prepaid_positive_balance; balance_source_conflict; status_source_conflict,prepaid_positive_balance; balance_source_conflict; status_source_conflict,escalate_human_review,0.793
L000768,0.15816482938527401,0.22341808187476597,0.050744902547447124,0.009966745927198338,current,0.6005,source_conflict,0.6545,0.2139,outlier_remaining_term_months; balance_source_conflict,outlier_remaining_term_months; balance_source_conflict,reconcile_record,0.781
L000768,0.16978660754761907,0.21833798464872115,0.0530268787572912,0.010031646945835254,current,0.6021,source_conflict,0.6469,0.2139,outlier_remaining_term_months; balance_source_conflict,outlier_remaining_term_months; balance_source_conflict,reconcile_record,0.778
L000769,0.02797646155628201,0.028715811953789822,0.0005206662598428973,0.03878258735951886,current,0.6926,none,0.659,0.7879,outlier_remaining_term_months; outlier_paydown_rate; status_source_conflict,outlier_remaining_term_months; outlier_paydown_rate; status_source_conflict,escalate_human_review,0.878
L000769,0.018618667273721596,0.02563903171559076,0.0004291278216793502,0.05626830926489199,current,0.6991,none,0.6321,0.7639,outlier_remaining_term_months; status_source_conflict,outlier_remaining_term_months; status_source_conflict,escalate_human_review,0.901
L000769,0.018182632589251905,0.024062626307117762,0.0004289842641271552,0.05211434458303656,current,0.7018,none,0.6548,0.7639,outlier_remaining_term_months; status_source_conflict,outlier_remaining_term_months; status_source_conflict,escalate_human_review,0.903
L000770,0.10179055246987571,0.15212986908630535,0.0047000730710786386,0.13521136211771548,current,0.6918,none,0.7954,0.2139,outlier_remaining_term_months; status_source_conflict,outlier_remaining_term_months; status_source_conflict,reconcile_record,0.798
L000770,0.10136585289558793,0.10720780089667416,0.005966865344022863,0.11961201815905742,current,0.6663,missing_docs,0.9062,0.2139,outlier_remaining_term_months; status_source_conflict,outlier_remaining_term_months; status_source_conflict,reconcile_record,0.819
L000770,0.10234668941982876,0.08795662743481787,0.007533132575727352,0.12481911753108388,current,0.6876,none,0.767,0.2139,outlier_remaining_term_months; status_source_conflict,outlier_remaining_term_months; status_source_conflict,reconcile_record,0.823
L000771,0.3856397025003746,0.5299757542546247,0.7375810359334519,0.0003070676567873088,default,0.9847,none,0.7582,0.6649,status_source_conflict,status_source_conflict,reconcile_record,0.569
L000771,0.25710188810399726,0.5147808033935145,0.5846582009753389,0.00043200423830825913,default,0.8613,none,0.7903,0.7639,outlier_paydown_rate; status_source_conflict,outlier_paydown_rate; status_source_conflict,escalate_human_review,0.531
L000771,0.28791030316653615,0.5160271989804556,0.7496392767582152,0.00031643758650547025,default,0.9801,none,0.7432,0.7639,outlier_paydown_rate; status_source_conflict,outlier_paydown_rate; status_source_conflict,escalate_human_review,0.578
L000771,0.39195108032881376,0.4916537329605151,0.7215278116899437,0.00036889917447415415,default,0.9818,none,0.7584,0.6649,status_source_conflict,status_source_conflict,reconcile_record,0.553
L000771,0.37268983327277044,0.49612068070442894,0.7567089434522244,0.00034455608484287604,default,0.9842,none,0.7636,0.6649,status_source_conflict,status_source_conflict,reconcile_record,0.571
L000772,0.03217010182885003,0.04776827499430867,0.002030197872791929,0.001733564317018471,current,0.7422,none,0.8354,0.1149,status_source_conflict,status_source_conflict,reconcile_record,0.931
L000772,0.02951666637862037,0.0387798492485693,0.0006736794564590247,0.003810982646348936,current,0.6195,none,0.8195,0.1149,status_source_conflict,status_source_conflict,reconcile_record,0.935
L000772,0.03077152330929664,0.032398843769310716,0.0006939038110489879,0.003275792265208919,current,0.6812,none,0.8226,0.1149,status_source_conflict,status_source_conflict,reconcile_record,0.936
L000772,0.023900204607397047,0.028047388697078467,0.0006600547963617731,0.003347636467367098,current,0.7106,none,0.8291,0.1149,status_source_conflict,status_source_conflict,reconcile_record,0.94
L000774,0.12514042627440927,0.2955183538473313,0.2881695282925534,0.0474537156764667,current,0.7188,none,0.6119,0.2139,outlier_remaining_term_months; status_source_conflict,outlier_remaining_term_months; status_source_conflict,reconcile_record,0.672
L000774,0.14257722851843413,0.2560767602196152,0.1696601611316584,0.051201192335190625,current,0.7533,none,0.5586,0.2139,outlier_remaining_term_months; status_source_conflict,outlier_remaining_term_months; status_source_conflict,reconcile_record,0.719
L000774,0.12860103184114577,0.2978125346960347,0.16916895192717574,0.039222889882058715,current,0.753,none,0.5483,0.2139,outlier_remaining_term_months; status_source_conflict,outlier_remaining_term_months; status_source_conflict,reconcile_record,0.714
L000775,0.011913412804939282,0.015196243251762012,0.0010979057936800413,0.17533576899394118,current,0.7526,none,0.8987,0.1149,status_source_conflict,status_source_conflict,reconcile_record,0.889
L000775,0.012680725960136552,0.01520968805315122,0.0009804524824529972,0.2195858183536298,current,0.7826,none,0.9049,0.1149,status_source_conflict,status_source_conflict,reconcile_record,0.873
L000775,0.012966908968808083,0.01220120385541888,0.0007609461807015017,0.2057108460105058,current,0.7504,missing_docs,0.8304,0.1149,status_source_conflict,status_source_conflict,reconcile_record,0.879
L000776,0.009840994850752982,0.004793363278226159,0.0015760523837681114,0.4471878088935776,prepaid,0.9721,none,0.8405,0.2259,prepaid_positive_balance; status_source_conflict,prepaid_positive_balance; status_source_conflict,reconcile_record,0.762
L000776,0.00954119619760037,0.004456847018442817,0.001488140693142623,0.4608090325814671,prepaid,0.9706,none,0.8471,0.2259,prepaid_positive_balance; status_source_conflict,prepaid_positive_balance; status_source_conflict,reconcile_record,0.758
L000776,0.009756504286557359,0.004518663038854784,0.0014559244409278447,0.45172675948450075,prepaid,0.9705,none,0.8405,0.2259,prepaid_positive_balance; status_source_conflict,prepaid_positive_balance; status_source_conflict,reconcile_record,0.76
L000776,0.009469352708799813,0.0037556011854015894,0.0014559244409278447,0.45206069252896913,prepaid,0.9705,none,0.8471,0.2259,prepaid_positive_balance; status_source_conflict,prepaid_positive_balance; status_source_conflict,reconcile_record,0.761
L000776,0.009757527057196964,0.0037819548379742925,0.0014958945351918977,0.4608090325814671,prepaid,0.9706,none,0.8442,0.2259,prepaid_positive_balance; status_source_conflict,prepaid_positive_balance; status_source_conflict,reconcile_record,0.758
L000777,0.1544692186074069,0.19256140819998804,0.7419622095292797,0.0005013765521743716,default,0.8852,none,0.4759,0.7699,balance_source_conflict; status_source_conflict,balance_source_conflict; status_source_conflict,escalate_human_review,0.718
L000777,0.15819553265591466,0.1957765014793307,0.7940928775144291,0.0005397200278303497,default,0.8853,source_conflict,0.481,0.7699,balance_source_conflict; status_source_conflict,balance_source_conflict; status_source_conflict,escalate_human_review,0.734
L000777,0.15819553265591466,0.1919350606235842,0.7949621421634476,0.0006559123696004114,default,0.8853,source_conflict,0.481,0.7699,balance_source_conflict; status_source_conflict,balance_source_conflict; status_source_conflict,escalate_human_review,0.735
L000777,0.11742487496441345,0.17056936782763812,0.6843460692706498,0.0007623865062353273,default,0.8854,none,0.4942,0.7699,balance_source_conflict; status_source_conflict,balance_source_conflict; status_source_conflict,escalate_human_review,0.719
L000778,0.03867069249576271,0.019894713535379426,0.0017611784443761923,0.025509351992609758,current,0.7484,none,0.7328,0.1149,status_source_conflict,status_source_conflict,reconcile_record,0.93
L000778,0.06981341712783577,0.011732144257845212,0.0026644409535676885,0.03639911411743663,current,0.4076,none,0.6597,0.7759,dpd_status_break; status_source_conflict,dpd_status_break; status_source_conflict,escalate_human_review,0.882
L000778,0.024180862043304233,0.008935278881275757,0.000670837810121453,0.03890985012875818,current,0.6749,none,0.7052,0.6649,status_source_conflict,status_source_conflict,reconcile_record,0.935
L000778,0.03789751519604654,0.013922809139281263,0.0012751917035341567,0.03253972327863231,current,0.6698,none,0.6785,0.6649,status_source_conflict,status_source_conflict,reconcile_record,0.93
L000779,0.11113618211769342,0.3868115689835834,0.17884294977990825,0.042552122037258305,current,0.6592,none,0.7913,0.2139,outlier_remaining_term_months; status_source_conflict,outlier_remaining_term_months; status_source_conflict,reconcile_record,0.684
L000779,0.21728266573640273,0.48573169594915333,0.5188981346074115,0.030246718087715268,60_dpd,0.4385,none,0.6303,0.7639,outlier_remaining_term_months; status_source_conflict,outlier_remaining_term_months; status_source_conflict,escalate_human_review,0.511
L000779,0.1657394335166443,0.4168945590825113,0.3512275620188871,0.018779110599619835,90_dpd,0.5827,none,0.7481,0.7639,outlier_remaining_term_months; status_source_conflict,outlier_remaining_term_months; status_source_conflict,escalate_human_review,0.603
L000779,0.16054252621661236,0.40888897323025203,0.3262280526677533,0.005133017203980309,90_dpd,0.4483,none,0.6296,0.7639,outlier_remaining_term_months; status_source_conflict,outlier_remaining_term_months; status_source_conflict,escalate_human_review,0.621
L000779,0.06705418650618512,0.3476486776864818,0.18793940280135366,0.02888491193792839,current,0.54,none,0.7561,0.2139,outlier_remaining_term_months; status_source_conflict,outlier_remaining_term_months; status_source_conflict,reconcile_record,0.715
L000780,0.026423991426533178,0.010576843350067764,0.00218737430692421,0.04687272194319871,current,0.6898,none,0.8012,0.2139,outlier_paydown_rate; status_source_conflict,outlier_paydown_rate; status_source_conflict,reconcile_record,0.906
L000780,0.012240720900366429,0.004277181635457521,0.0017051386689421555,0.12309134390422967,current,0.7155,none,0.7601,0.2139,outlier_paydown_rate; status_source_conflict,outlier_paydown_rate; status_source_conflict,reconcile_record,0.886
L000780,0.01402993809793845,0.005479984658433786,0.001284184367939723,0.08863131239931325,current,0.7027,none,0.8183,0.1149,status_source_conflict,status_source_conflict,reconcile_record,0.922
L000780,0.012837100476981833,0.004544398084351247,0.0014250416102673566,0.13340051687053003,current,0.7309,none,0.8335,0.1149,status_source_conflict,status_source_conflict,reconcile_record,0.907
L000780,0.017243839811028307,0.0063953172378545,0.0012398555654084366,0.11042983901542747,current,0.7514,none,0.8378,0.1149,status_source_conflict,status_source_conflict,reconcile_record,0.912
L000783,0.022081846911504725,0.015197565828719948,0.00280397604639895,0.09669909401892857,current,0.6307,missing_docs,0.9019,0.1149,status_source_conflict,status_source_conflict,reconcile_record,0.912
L000783,0.037296449735337966,0.016800834277915348,0.0016623916007046026,0.2074721625524024,current,0.7989,none,0.6813,0.1149,status_source_conflict,status_source_conflict,reconcile_record,0.868
L000784,0.0038849734985053133,0.0019295544159084706,0.0006107831912343392,0.8892257457956303,prepaid,0.7965,source_conflict,0.5337,0.2559,prepaid_positive_balance; balance_source_conflict; status_source_conflict,prepaid_positive_balance; balance_source_conflict; status_source_conflict,reconcile_record,0.853
L000784,0.004661115899324954,0.002074340778052763,0.0006775816612343578,0.8718229699586945,prepaid,0.7858,source_conflict,0.5151,0.8059,prepaid_positive_balance; balance_source_conflict; status_source_conflict,prepaid_positive_balance; balance_source_conflict; status_source_conflict,escalate_human_review,0.846
L000785,0.028457580916057223,0.06776926958081729,0.0003454630591797144,0.024055039058438924,current,0.6377,none,0.8618,0.1149,status_source_conflict,status_source_conflict,reconcile_record,0.918
L000785,0.029471276703363164,0.03783585668645156,0.0003426535995184959,0.056602051207657024,current,0.7091,none,0.8643,0.1149,status_source_conflict,status_source_conflict,reconcile_record,0.917
L000786,0.011441142344671073,0.0031249655685453327,0.001706643281986827,0.8343932410008286,prepaid,0.9656,none,0.8267,0.2259,prepaid_positive_balance; status_source_conflict,prepaid_positive_balance; status_source_conflict,reconcile_record,0.86
L000786,0.011748183694615659,0.0028305920518946243,0.001699427570127445,0.8052267739697728,prepaid,0.9656,none,0.8267,0.2259,prepaid_positive_balance; status_source_conflict,prepaid_positive_balance; status_source_conflict,reconcile_record,0.85
L000786,0.010468722642548382,0.003149220930353898,0.0014367140843342945,0.8416065048241913,prepaid,0.961,none,0.8339,0.7759,prepaid_positive_balance; status_source_conflict,prepaid_positive_balance; status_source_conflict,escalate_human_review,0.863
L000787,0.027729092564252527,0.04187176449791755,0.00031457646808827626,0.02026248449292763,current,0.7531,none,0.5417,0.1149,balance_source_conflict,balance_source_conflict,reconcile_record,0.929
L000787,0.02771403748138736,0.04460789189011557,0.0003251862555538119,0.026425518815395125,current,0.7741,none,0.6312,0.1149,balance_source_conflict,balance_source_conflict,reconcile_record,0.925
L000787,0.03995779654345759,0.04772213198824752,0.0003762533865518344,0.028553182515638625,current,0.7595,none,0.6581,0.1149,balance_source_conflict,balance_source_conflict,reconcile_record,0.919
L000787,0.03658780052108019,0.052546492097623465,0.00031829486076030575,0.027221642110442063,current,0.7738,none,0.64,0.1149,balance_source_conflict,balance_source_conflict,reconcile_record,0.919
L000787,0.02921497574854647,0.06605318698548687,0.0003640073075432244,0.02514587179101449,current,0.7678,none,0.6492,0.1149,balance_source_conflict,balance_source_conflict,reconcile_record,0.918
L000788,0.03806049250439644,0.02985433848940249,0.00030804687190723963,0.04162365435104365,current,0.7058,none,0.8328,0.1149,status_source_conflict,status_source_conflict,reconcile_record,0.922
L000788,0.041341119931128406,0.0316176448905681,0.00030524341505452733,0.03852895820380186,current,0.6994,none,0.8298,0.1149,status_source_conflict,status_source_conflict,reconcile_record,0.921
L000788,0.039901709464812835,0.028604401999670598,0.0002707519573827807,0.03616806351339002,current,0.6756,none,0.8141,0.1149,status_source_conflict,status_source_conflict,reconcile_record,0.924
L000788,0.04282878236676383,0.0236072448956836,0.0002184596288389866,0.039405906550128926,current,0.6566,none,0.8154,0.6649,status_source_conflict,status_source_conflict,reconcile_record,0.923
L000789,0.00387638214274078,0.0006639990117117281,0.000678749176040452,0.8684330616963508,prepaid,0.8919,none,0.8231,0.2259,prepaid_positive_balance; status_source_conflict,prepaid_positive_balance; status_source_conflict,reconcile_record,0.876
L000789,0.003999803976377274,0.0006304332573798502,0.0007009840718438244,0.8948070038405375,prepaid,0.9033,none,0.8329,0.2259,prepaid_positive_balance; status_source_conflict,prepaid_positive_balance; status_source_conflict,reconcile_record,0.886
L000789,0.003995858746357398,0.0006304332573798502,0.0007009840718438244,0.8948070038405375,prepaid,0.8988,none,0.8329,0.2259,prepaid_positive_balance; status_source_conflict,prepaid_positive_balance; status_source_conflict,reconcile_record,0.886
L000790,0.09263908032726702,0.19570244143331428,0.005627041203501117,0.06201565483004214,current,0.7291,none,0.7912,0.1149,status_source_conflict,status_source_conflict,reconcile_record,0.835
L000790,0.07225666686106236,0.16624138968557903,0.0043057129929241714,0.038465045029681434,current,0.6664,none,0.6853,0.1149,status_source_conflict,status_source_conflict,reconcile_record,0.861
L000790,0.0922629873384714,0.2100938711823671,0.006207921199845586,0.05417596848318142,current,0.6844,none,0.7664,0.1149,status_source_conflict,status_source_conflict,reconcile_record,0.833
L000791,0.07405538489586988,0.05530865064133042,0.0013316014692561918,0.039512725061665206,current,0.7822,none,0.7463,0.1149,status_source_conflict,status_source_conflict,reconcile_record,0.901
L000791,0.05993528932014693,0.07293118690860459,0.0015181580534935877,0.046863708104050966,current,0.7919,none,0.7289,0.1149,status_source_conflict,status_source_conflict,reconcile_record,0.896
L000791,0.08284273179502398,0.08569790239814133,0.0015473883961051706,0.04534209906761396,current,0.7713,none,0.7391,0.1149,status_source_conflict,status_source_conflict,reconcile_record,0.884
L000791,0.06148170076147133,0.07147851010931812,0.0013353098936505152,0.0923289998144048,current,0.7898,none,0.7436,0.1149,status_source_conflict,status_source_conflict,reconcile_record,0.881
L000791,0.0987453670359572,0.07641471302939468,0.0013203996934211207,0.08550430270858034,current,0.6023,none,0.7796,0.1149,status_source_conflict,status_source_conflict,reconcile_record,0.868
L000791,0.08948226513799024,0.095262697903169,0.0016007476047922695,0.1777780850341626,current,0.7645,none,0.7506,0.1149,status_source_conflict,status_source_conflict,reconcile_record,0.833
L000792,0.018611400143115433,0.059657513648600086,0.001481002993080913,0.013172781287128942,current,0.7884,none,0.8028,0.1149,status_source_conflict,status_source_conflict,reconcile_record,0.928
L000793,0.12606202476761985,0.22071566335103163,0.026357633858030277,0.002874912058833306,current,0.3848,none,0.5681,0.7759,dpd_status_break; balance_source_conflict,dpd_status_break; balance_source_conflict,escalate_human_review,0.792
L000793,0.043844005828791326,0.10190762201625535,0.026519450285302237,0.010397666751149481,current,0.7653,missing_docs,0.8747,0.1149,balance_source_conflict,balance_source_conflict,reconcile_record,0.896
L000793,0.05490508879842528,0.10711334510225175,0.015790972714618736,0.008759035882389106,current,0.7653,none,0.6338,0.1149,balance_source_conflict,balance_source_conflict,reconcile_record,0.895
L000794,0.007884377491514783,0.0033334298878601614,0.0007752773137697395,0.3485341203286159,prepaid,0.9754,none,0.8666,0.7999,prepaid_positive_balance; outlier_remaining_term_months; status_source_conflict,prepaid_positive_balance; outlier_remaining_term_months; status_source_conflict,escalate_human_review,0.774
L000794,0.0073215376111132975,0.0029723583022457484,0.0006553606058997535,0.2802330438725827,prepaid,0.9589,none,0.6868,0.7999,prepaid_positive_balance; outlier_remaining_term_months; status_source_conflict,prepaid_positive_balance; outlier_remaining_term_months; status_source_conflict,escalate_human_review,0.798
L000794,0.007904618352968967,0.0030534804519520113,0.0006662456521135291,0.31349642740886313,prepaid,0.9663,none,0.8507,0.7999,prepaid_positive_balance; outlier_remaining_term_months; status_source_conflict,prepaid_positive_balance; outlier_remaining_term_months; status_source_conflict,escalate_human_review,0.786
L000796,0.07415328984427107,0.04991903102291615,0.006669765016514769,0.08288674737224827,current,0.6585,none,0.7131,0.2139,outlier_remaining_term_months; status_source_conflict,outlier_remaining_term_months; status_source_conflict,reconcile_record,0.861
L000796,0.07048619471611851,0.0766129277022256,0.007509972824075867,0.03585945999477582,current,0.712,none,0.7411,0.2139,outlier_remaining_term_months; status_source_conflict,outlier_remaining_term_months; status_source_conflict,reconcile_record,0.87
L000796,0.06928946048722258,0.08353625004337832,0.007436853022271783,0.03826926848851389,current,0.7235,none,0.7295,0.2139,outlier_remaining_term_months; status_source_conflict,outlier_remaining_term_months; status_source_conflict,reconcile_record,0.867
L000796,0.050966517368749575,0.06747092073107637,0.004560131386020706,0.06799479356883892,current,0.7286,none,0.7262,0.2139,outlier_remaining_term_months; status_source_conflict,outlier_remaining_term_months; status_source_conflict,reconcile_record,0.87
L000796,0.05114159159593266,0.0746927739297472,0.004569520280119449,0.037083468699451096,current,0.7291,none,0.7041,0.7639,outlier_remaining_term_months; status_source_conflict,outlier_remaining_term_months; status_source_conflict,escalate_human_review,0.877
L000797,0.009843946308998461,0.0019216017096551595,0.0003999972621752214,0.795267293745053,prepaid,0.9805,none,0.8106,0.2259,prepaid_positive_balance; status_source_conflict,prepaid_positive_balance; status_source_conflict,reconcile_record,0.848
L000797,0.009926662179576542,0.0019144299242682926,0.00035336240898839466,0.6512003665975378,prepaid,0.9768,none,0.7802,0.2259,prepaid_positive_balance; status_source_conflict,prepaid_positive_balance; status_source_conflict,reconcile_record,0.798
L000797,0.009770106694930681,0.0016199369380809783,0.0004367828604255474,0.8005338213019947,prepaid,0.9805,none,0.8139,0.2259,prepaid_positive_balance; status_source_conflict,prepaid_positive_balance; status_source_conflict,reconcile_record,0.85
L000797,0.009770106694930681,0.0016199369380809783,0.00043660150981235884,0.795267293745053,prepaid,0.9805,none,0.8139,0.2259,prepaid_positive_balance; status_source_conflict,prepaid_positive_balance; status_source_conflict,reconcile_record,0.848
L000797,0.009770106694930681,0.0016199369380809783,0.00043660150981235884,0.795267293745053,prepaid,0.9805,none,0.8139,0.2259,prepaid_positive_balance; status_source_conflict,prepaid_positive_balance; status_source_conflict,reconcile_record,0.848
L000798,0.010017263696951514,0.0089117826950159,0.0006457525953090569,0.6309543616369376,prepaid,0.9567,none,0.81,0.7999,prepaid_positive_balance; outlier_remaining_term_months; status_source_conflict,prepaid_positive_balance; outlier_remaining_term_months; status_source_conflict,escalate_human_review,0.764
L000798,0.009899442435926074,0.006799557186008247,0.000645163046100771,0.6341867930928392,prepaid,0.9487,none,0.7066,0.7999,prepaid_positive_balance; outlier_remaining_term_months; status_source_conflict,prepaid_positive_balance; outlier_remaining_term_months; status_source_conflict,escalate_human_review,0.766
L000798,0.010002760259555021,0.00677368905247423,0.0006468423649975953,0.6431459029090784,prepaid,0.9575,none,0.81,0.7999,prepaid_positive_balance; outlier_remaining_term_months; status_source_conflict,prepaid_positive_balance; outlier_remaining_term_months; status_source_conflict,escalate_human_review,0.769
L000798,0.009902953163950188,0.006761301357900239,0.0006468423649975953,0.6434629873037173,prepaid,0.9617,none,0.8069,0.7999,prepaid_positive_balance; outlier_remaining_term_months; status_source_conflict,prepaid_positive_balance; outlier_remaining_term_months; status_source_conflict,escalate_human_review,0.769
L000800,0.007382257879579815,0.0019045938343653583,0.00046178879999882123,0.7360562666660316,prepaid,0.9434,none,0.7624,0.7999,prepaid_positive_balance; outlier_remaining_term_months; status_source_conflict,prepaid_positive_balance; outlier_remaining_term_months; status_source_conflict,escalate_human_review,0.804
L000800,0.00684342780365766,0.0020123017479067753,0.0004210623106837173,0.8192509190841654,prepaid,0.9405,none,0.7588,0.7999,prepaid_positive_balance; outlier_remaining_term_months; status_source_conflict,prepaid_positive_balance; outlier_remaining_term_months; status_source_conflict,escalate_human_review,0.834
L000800,0.007513317250379182,0.0020949448986947463,0.0004534082962947511,0.8119290385392297,prepaid,0.9407,none,0.7529,0.7999,prepaid_positive_balance; outlier_remaining_term_months; status_source_conflict,prepaid_positive_balance; outlier_remaining_term_months; status_source_conflict,escalate_human_review,0.831
L000801,0.11712918384758599,0.11537942251951615,0.0025039873573795904,0.0870671737239459,current,0.7799,none,0.8266,0.1149,status_source_conflict,status_source_conflict,reconcile_record,0.847
L000801,0.08984299959997306,0.09059531240148716,0.002358833566831726,0.09610908277223057,current,0.7702,none,0.8399,0.1149,status_source_conflict,status_source_conflict,reconcile_record,0.863
L000801,0.08547233227810525,0.08275876308078244,0.0021310460094484994,0.09625537441949711,current,0.7888,none,0.7987,0.1149,status_source_conflict,status_source_conflict,reconcile_record,0.867
L000802,0.19365970635997573,0.33602269861569406,0.009360472207274552,0.009348461604057104,current,0.6053,none,0.571,0.7879,outlier_remaining_term_months; outlier_paydown_rate; status_source_conflict,outlier_remaining_term_months; outlier_paydown_rate; status_source_conflict,escalate_human_review,0.72
L000802,0.21012746948898245,0.3635186246949904,0.00628036465440564,0.007064422063709794,current,0.5301,none,0.5578,0.7879,outlier_remaining_term_months; outlier_paydown_rate; status_source_conflict,outlier_remaining_term_months; outlier_paydown_rate; status_source_conflict,escalate_human_review,0.707
L000802,0.20886952785775484,0.343938426846018,0.005023992956863082,0.008494425679965301,current,0.5787,none,0.5747,0.7639,outlier_remaining_term_months; status_source_conflict,outlier_remaining_term_months; status_source_conflict,escalate_human_review,0.738
L000802,0.1974642013050459,0.3747581788103713,0.0040710906936825345,0.007895131077748677,current,0.5719,none,0.5673,0.7639,outlier_remaining_term_months; status_source_conflict,outlier_remaining_term_months; status_source_conflict,escalate_human_review,0.732
L000803,0.10915732410150818,0.11380088255162808,0.9226932253370689,0.010695803076083513,current,0.7081,none,0.883,0.7639,outlier_remaining_term_months; status_source_conflict,outlier_remaining_term_months; status_source_conflict,escalate_human_review,0.828
L000803,0.14771605814968017,0.25908837259236966,0.9478121559147755,0.004972223091159063,60_dpd,0.3683,none,0.8423,0.7639,outlier_remaining_term_months; status_source_conflict,outlier_remaining_term_months; status_source_conflict,escalate_human_review,0.774
L000803,0.14699555012764595,0.17102785601901313,0.9383201337971094,0.006653702760509514,90_dpd,0.4822,none,0.8456,0.7639,outlier_remaining_term_months; status_source_conflict,outlier_remaining_term_months; status_source_conflict,escalate_human_review,0.801
L000803,0.11584803991714547,0.16479081453688774,0.9334215518834,0.0003351117236054444,default,0.8767,none,0.6884,0.7639,outlier_remaining_term_months; status_source_conflict,outlier_remaining_term_months; status_source_conflict,escalate_human_review,0.814
L000803,0.10621875669681757,0.14711886580784989,0.9285387538151544,0.0003591307723988363,default,0.9018,none,0.7313,0.7639,outlier_remaining_term_months; status_source_conflict,outlier_remaining_term_months; status_source_conflict,escalate_human_review,0.822
L000804,0.03519263282283471,0.1464767267909286,0.0026447331762408373,0.11448015637832361,current,0.7116,none,0.7838,0.2139,outlier_remaining_term_months; status_source_conflict,outlier_remaining_term_months; status_source_conflict,reconcile_record,0.832
L000804,0.08741708392648813,0.36214411232150834,0.015729621340182545,0.08633914946127182,60_dpd,0.5329,none,0.744,0.7639,outlier_remaining_term_months; status_source_conflict,outlier_remaining_term_months; status_source_conflict,escalate_human_review,0.743
L000804,0.01767532857924731,0.038302435592560434,0.0013291752115754119,0.14942393598310674,current,0.7276,none,0.7844,0.2139,outlier_remaining_term_months; status_source_conflict,outlier_remaining_term_months; status_source_conflict,reconcile_record,0.864
L000804,0.03226718756429006,0.1220956924885273,0.002466418457777199,0.09536834232022155,current,0.6107,none,0.7705,0.2139,outlier_remaining_term_months; status_source_conflict,outlier_remaining_term_months; status_source_conflict,reconcile_record,0.848
L000805,0.05941619940806473,0.20458422837638726,0.001955806774886713,0.012074352179658736,current,0.7663,source_conflict,0.5618,0.6649,status_source_conflict,status_source_conflict,reconcile_record,0.863
L000805,0.05265134342210439,0.16567339514600832,0.004610610891327333,0.03297281762492966,current,0.5547,none,0.4663,0.7639,outlier_paydown_rate; status_source_conflict,outlier_paydown_rate; status_source_conflict,escalate_human_review,0.846
L000805,0.0719311789847032,0.26842650583877775,0.0019623400933882784,0.01201004556310766,current,0.7031,source_conflict,0.4928,0.7639,outlier_paydown_rate; status_source_conflict,outlier_paydown_rate; status_source_conflict,escalate_human_review,0.812
L000805,0.11212296397713033,0.2053687606773367,0.002518567074547742,0.01739214170051068,current,0.7725,source_conflict,0.5879,0.6649,status_source_conflict,status_source_conflict,reconcile_record,0.842
L000805,0.09541973588407061,0.1551540888753213,0.004000472523657703,0.013568413595590634,current,0.7548,source_conflict,0.5248,0.1149,status_source_conflict,status_source_conflict,reconcile_record,0.866
L000806,0.009520843045375567,0.004718985158911524,0.00910975789863175,0.07904590927916146,prepaid,0.9647,none,0.735,0.7999,prepaid_positive_balance; outlier_remaining_term_months; status_source_conflict,prepaid_positive_balance; outlier_remaining_term_months; status_source_conflict,escalate_human_review,0.864
L000806,0.01010784966762909,0.005124706980349702,0.009517643221998363,0.07667941329110058,prepaid,0.9605,none,0.735,0.7999,prepaid_positive_balance; outlier_remaining_term_months; status_source_conflict,prepaid_positive_balance; outlier_remaining_term_months; status_source_conflict,escalate_human_review,0.864
L000806,0.010039302361777141,0.005268810541711163,0.009217861404822896,0.09389066144670626,prepaid,0.9444,none,0.5851,0.7999,prepaid_positive_balance; outlier_remaining_term_months; status_source_conflict,prepaid_positive_balance; outlier_remaining_term_months; status_source_conflict,escalate_human_review,0.859
L000806,0.00936442492121138,0.004508801559230632,0.00910975789863175,0.08744088326828381,prepaid,0.951,none,0.7369,0.7999,prepaid_positive_balance; outlier_remaining_term_months; status_source_conflict,prepaid_positive_balance; outlier_remaining_term_months; status_source_conflict,escalate_human_review,0.862
L000806,0.009047944778351991,0.004669005092153127,0.008317437096955203,0.11727638870272589,prepaid,0.9405,none,0.5746,0.7999,prepaid_positive_balance; outlier_remaining_term_months; status_source_conflict,prepaid_positive_balance; outlier_remaining_term_months; status_source_conflict,escalate_human_review,0.851
L000807,0.08339872008115205,0.11297437211600976,0.017935754634393338,0.04355349004389175,current,0.6669,none,0.6607,0.2259,dpd_status_break; status_source_conflict,dpd_status_break; status_source_conflict,reconcile_record,0.834
L000807,0.057002084948431155,0.08623646681268533,0.014823687432080788,0.05853646047622718,current,0.5618,missing_docs,0.8355,0.1149,status_source_conflict,status_source_conflict,reconcile_record,0.884
L000807,0.09967010151572686,0.12381134234671898,0.01000943655199246,0.10619727445723644,current,0.5463,none,0.6619,0.1149,status_source_conflict,status_source_conflict,reconcile_record,0.841
L000807,0.08599901618204424,0.10842491519945158,0.0143265407132507,0.10625791600272727,current,0.7039,none,0.6979,0.1149,status_source_conflict,status_source_conflict,reconcile_record,0.849
L000808,0.022134957891833545,0.012423435888872528,0.015471917714606612,0.04116120240144646,current,0.7697,none,0.7942,0.1149,status_source_conflict,status_source_conflict,reconcile_record,0.928
L000808,0.018577769685328094,0.009075393728522863,0.008830210039071567,0.05947341322580476,current,0.7583,none,0.8,0.1149,status_source_conflict,status_source_conflict,reconcile_record,0.926
L000809,0.10652350088521945,0.2593237145049429,0.808029538728467,0.000791482150269836,current,0.7204,none,0.6645,0.2139,outlier_paydown_rate; status_source_conflict,outlier_paydown_rate; status_source_conflict,reconcile_record,0.741
L000809,0.12799214602687164,0.19613764246389456,0.8798387101288743,0.0001609279166842947,default,0.8389,none,0.5859,0.6649,status_source_conflict,status_source_conflict,reconcile_record,0.805
L000810,0.0943448242968054,0.043429131085887814,0.0005648275419141404,0.10370868677642121,current,0.675,source_conflict,0.6226,0.1149,balance_source_conflict,balance_source_conflict,reconcile_record,0.875
L000810,0.06410068683998889,0.025899910382619,0.00042632055474832426,0.1419380650219423,current,0.3794,source_conflict,0.6446,0.7759,dpd_status_break; balance_source_conflict,dpd_status_break; balance_source_conflict,escalate_human_review,0.843
L000810,0.05442123522152522,0.017553968204975724,0.00033974240887003096,0.22561913363318267,current,0.5038,source_conflict,0.5884,0.7699,balance_source_conflict; status_source_conflict,balance_source_conflict; status_source_conflict,escalate_human_review,0.826
L000810,0.06491163419796257,0.021301632804184848,0.00042314394819991974,0.22483634409298917,current,0.6319,source_conflict,0.596,0.6649,balance_source_conflict,balance_source_conflict,reconcile_record,0.851
L000811,0.014048721192122417,0.004779235819200031,0.0011735144715847377,0.35079913897452636,prepaid,0.7589,none,0.5787,0.8239,prepaid_positive_balance; outlier_remaining_term_months; outlier_paydown_rate,prepaid_positive_balance; outlier_remaining_term_months; outlier_paydown_rate,escalate_human_review,0.747
L000811,0.015960238053801458,0.006238178461048749,0.0008528678266272917,0.27550723952717515,prepaid,0.8797,none,0.6839,0.7999,prepaid_positive_balance; outlier_remaining_term_months; status_source_conflict,prepaid_positive_balance; outlier_remaining_term_months; status_source_conflict,escalate_human_review,0.796
L000811,0.015457657594227028,0.003779784633548671,0.0008306244071475312,0.3965603919801153,prepaid,0.9197,none,0.7695,0.2739,prepaid_positive_balance; outlier_remaining_term_months; outlier_paydown_rate,prepaid_positive_balance; outlier_remaining_term_months; outlier_paydown_rate,reconcile_record,0.73
L000812,0.034688699139577533,0.034800094468061316,0.0077417270825532215,0.018745143915724613,current,0.7331,none,0.5344,0.1149,status_source_conflict,status_source_conflict,reconcile_record,0.926
L000812,0.03287260217796206,0.03279317474548447,0.007171682133688201,0.032522234952939676,current,0.7318,none,0.5368,0.1149,status_source_conflict,status_source_conflict,reconcile_record,0.923
L000812,0.032903767668315986,0.03028354691777285,0.009469577335537356,0.02778924193721916,current,0.7213,none,0.5351,0.1149,status_source_conflict,status_source_conflict,reconcile_record,0.925
L000812,0.07998679732219237,0.08965703343268239,0.058421567811569625,0.03753686307938744,default,0.3778,none,0.571,0.1149,status_source_conflict,status_source_conflict,reconcile_record,0.867
L000812,0.04386498397758859,0.039178349924634204,0.01825241890863727,0.027913179762479326,current,0.3336,none,0.5484,0.1149,status_source_conflict,status_source_conflict,reconcile_record,0.915
L000813,0.06930153905012193,0.1676059556396198,0.0024284792859828545,0.028368271163777534,current,0.7152,source_conflict,0.4974,0.2199,balance_source_conflict; status_source_conflict,balance_source_conflict; status_source_conflict,reconcile_record,0.836
L000813,0.10372386056254222,0.1706245583384003,0.0016341471005078207,0.03451591624113967,current,0.7375,none,0.4839,0.2199,balance_source_conflict; status_source_conflict,balance_source_conflict; status_source_conflict,reconcile_record,0.822
L000813,0.12377543919532846,0.20412089980312786,0.0018418093030198254,0.03625752640235528,current,0.6952,none,0.5032,0.2199,balance_source_conflict; status_source_conflict,balance_source_conflict; status_source_conflict,reconcile_record,0.802
L000813,0.08930381384557214,0.2146430908573439,0.0016335761440202689,0.034064774731326124,current,0.6979,none,0.529,0.2199,balance_source_conflict; status_source_conflict,balance_source_conflict; status_source_conflict,reconcile_record,0.811
L000814,0.008529908883872535,0.005522726876022424,0.000814229117393381,0.6595555357193162,prepaid,0.9109,none,0.5913,0.8059,prepaid_positive_balance; balance_source_conflict; status_source_conflict,prepaid_positive_balance; balance_source_conflict; status_source_conflict,escalate_human_review,0.769
L000814,0.008871637736386932,0.005025245771540279,0.000823867670470847,0.7790098134682036,prepaid,0.931,none,0.6047,0.2559,prepaid_positive_balance; balance_source_conflict; status_source_conflict,prepaid_positive_balance; balance_source_conflict; status_source_conflict,reconcile_record,0.811
L000815,0.0330157889759597,0.0318879737882342,0.0010022355816166496,0.10538361333973628,current,0.7332,none,0.6722,0.1149,status_source_conflict,status_source_conflict,reconcile_record,0.9
L000815,0.02954859657316403,0.023799806309926157,0.0005391395829510943,0.13471081618284855,current,0.7639,none,0.6835,0.1149,status_source_conflict,status_source_conflict,reconcile_record,0.894
L000816,0.07015948203886882,0.1330514556832709,0.05292870158795132,0.6604382520135333,current,0.7694,none,0.7164,0.1149,status_source_conflict,status_source_conflict,reconcile_record,0.752
L000816,0.055098957392475244,0.05714289891122226,0.017512041658150557,0.7628998448684065,current,0.8092,none,0.7079,0.1149,status_source_conflict,status_source_conflict,reconcile_record,0.832
L000816,0.06016340945218926,0.06581913387921937,0.05768214911897244,0.7648850365049125,current,0.7997,none,0.709,0.1149,status_source_conflict,status_source_conflict,reconcile_record,0.814
L000816,0.013774074004531242,0.003754295601121583,0.001989475960947984,0.6187642730658484,prepaid,0.9412,none,0.7468,0.2259,prepaid_positive_balance; status_source_conflict,prepaid_positive_balance; status_source_conflict,reconcile_record,0.784
L000817,0.08966440361733137,0.13099485112496934,0.8669524185652331,0.08137129412209908,current,0.7308,none,0.7477,0.2139,outlier_remaining_term_months; status_source_conflict,outlier_remaining_term_months; status_source_conflict,reconcile_record,0.784
L000817,0.25244266541387367,0.3325199753487185,0.9202386543127562,0.08004657258948181,60_dpd,0.3655,none,0.7176,0.7639,outlier_remaining_term_months; status_source_conflict,outlier_remaining_term_months; status_source_conflict,escalate_human_review,0.676
L000817,0.1347805446762825,0.22269060793652531,0.87359449015249,0.0016059231587018915,default,0.9234,none,0.6161,0.7639,outlier_remaining_term_months; status_source_conflict,outlier_remaining_term_months; status_source_conflict,escalate_human_review,0.766
L000817,0.15593199999296548,0.23538326863430034,0.8764563339438937,0.0007858844648819993,default,0.9405,none,0.613,0.7639,outlier_remaining_term_months; status_source_conflict,outlier_remaining_term_months; status_source_conflict,escalate_human_review,0.756
L000818,0.01009443147404902,0.0037987744099168444,0.0007725658038987967,0.34862382524605656,prepaid,0.9763,none,0.7255,0.7999,prepaid_positive_balance; outlier_remaining_term_months; status_source_conflict,prepaid_positive_balance; outlier_remaining_term_months; status_source_conflict,escalate_human_review,0.773
L000818,0.010076151941204044,0.0037987744099168444,0.0007725658038987967,0.35352448132974557,prepaid,0.9763,none,0.7255,0.7999,prepaid_positive_balance; outlier_remaining_term_months; status_source_conflict,prepaid_positive_balance; outlier_remaining_term_months; status_source_conflict,escalate_human_review,0.771
L000818,0.008632811759436088,0.0034707033664472305,0.0007392485946412997,0.40288683795668256,prepaid,0.9764,none,0.72,0.7999,prepaid_positive_balance; outlier_remaining_term_months; status_source_conflict,prepaid_positive_balance; outlier_remaining_term_months; status_source_conflict,escalate_human_review,0.754
L000818,0.011333529818397874,0.00435713889043189,0.0007742100838609433,0.28975120075368205,prepaid,0.9762,none,0.7302,0.7999,prepaid_positive_balance; outlier_remaining_term_months; status_source_conflict,prepaid_positive_balance; outlier_remaining_term_months; status_source_conflict,escalate_human_review,0.793
L000818,0.007873585974125755,0.0034707033664472305,0.0007416931270913624,0.4047945966418059,prepaid,0.9764,none,0.7195,0.7999,prepaid_positive_balance; outlier_remaining_term_months; status_source_conflict,prepaid_positive_balance; outlier_remaining_term_months; status_source_conflict,escalate_human_review,0.754
L000819,0.03697958677276877,0.052131979111477274,0.0025336570667922136,0.09810969204907166,current,0.7786,none,0.8541,0.1149,status_source_conflict,status_source_conflict,reconcile_record,0.894
L000819,0.0337803837571142,0.04457857250207415,0.002425318594768964,0.10337623960774135,current,0.7432,none,0.703,0.1149,status_source_conflict,status_source_conflict,reconcile_record,0.896
L000819,0.02961833959766792,0.04138547580181127,0.0023152941639813123,0.10860134161424151,current,0.7474,none,0.8209,0.1149,status_source_conflict,status_source_conflict,reconcile_record,0.896
L000820,0.0123670844182184,0.005248680254941744,0.003030811974791638,0.09172491853236982,current,0.7874,none,0.8437,0.2139,outlier_remaining_term_months; status_source_conflict,outlier_remaining_term_months; status_source_conflict,reconcile_record,0.897
L000820,0.011702584155707893,0.004864447591739994,0.003974024134617504,0.10027412882950797,current,0.7825,none,0.8235,0.2139,outlier_remaining_term_months; status_source_conflict,outlier_remaining_term_months; status_source_conflict,reconcile_record,0.894
L000820,0.013358551052792565,0.005652063398425721,0.003251997167253487,0.1270767789473651,current,0.7638,none,0.808,0.2139,outlier_remaining_term_months; status_source_conflict,outlier_remaining_term_months; status_source_conflict,reconcile_record,0.884
L000820,0.018576717682462548,0.005591479786152002,0.0060136775419126,0.08352476868505314,current,0.7683,none,0.7993,0.2139,outlier_remaining_term_months; status_source_conflict,outlier_remaining_term_months; status_source_conflict,reconcile_record,0.896
L000821,0.053653799807727304,0.11439056045607458,0.005022289553608379,0.0035923043521415496,current,0.7245,none,0.8456,0.1149,status_source_conflict,status_source_conflict,reconcile_record,0.898
L000821,0.0693794869280696,0.11968512777286387,0.0034233869490439468,0.006521043908146731,current,0.7264,none,0.8471,0.1149,status_source_conflict,status_source_conflict,reconcile_record,0.89
L000822,0.030146131946736692,0.0322123929620095,0.004216160353982745,0.005657463523745455,current,0.7794,none,0.7987,0.1149,status_source_conflict,status_source_conflict,reconcile_record,0.935
L000822,0.027818747411303052,0.03251866145755316,0.003372754513750142,0.005123334707390197,current,0.7483,none,0.7925,0.1149,status_source_conflict,status_source_conflict,reconcile_record,0.936
L000822,0.043823995554576806,0.03812681267982361,0.004747902241559747,0.007576764730862429,current,0.7137,none,0.6298,0.1149,status_source_conflict,status_source_conflict,reconcile_record,0.927
L000822,0.06140259880253631,0.08963025927038311,0.007023466057097729,0.006645072742830292,current,0.4703,none,0.7793,0.1149,status_source_conflict,status_source_conflict,reconcile_record,0.903
L000823,0.006149189789739616,0.002844376127791022,0.00046459747771843965,0.12007441476018337,prepaid,0.9736,none,0.6769,0.7999,prepaid_positive_balance; outlier_remaining_term_months; status_source_conflict,prepaid_positive_balance; outlier_remaining_term_months; status_source_conflict,escalate_human_review,0.855
L000823,0.0062903512824259945,0.0034634151376348316,0.0004647981714272828,0.19234369381265967,prepaid,0.9665,none,0.5553,0.7999,prepaid_positive_balance; outlier_remaining_term_months; status_source_conflict,prepaid_positive_balance; outlier_remaining_term_months; status_source_conflict,escalate_human_review,0.829
L000823,0.0063420994037413055,0.0033345635849633764,0.000459784321169222,0.10490498000208114,prepaid,0.9736,none,0.6873,0.7999,prepaid_positive_balance; outlier_remaining_term_months; status_source_conflict,prepaid_positive_balance; outlier_remaining_term_months; status_source_conflict,escalate_human_review,0.859
L000823,0.006281723761683562,0.00353576035839253,0.00046500321728273447,0.17733937662454066,prepaid,0.9737,none,0.6758,0.7999,prepaid_positive_balance; outlier_remaining_term_months; status_source_conflict,prepaid_positive_balance; outlier_remaining_term_months; status_source_conflict,escalate_human_review,0.834
L000824,0.10473499217976452,0.15744777246747896,0.23680438139511692,0.005138720753774567,current,0.6728,none,0.829,0.7639,outlier_remaining_term_months; status_source_conflict,outlier_remaining_term_months; status_source_conflict,escalate_human_review,0.76
L000824,0.07139002641024263,0.17056912541047575,0.2627260183437797,0.0046394256142471444,current,0.6783,missing_docs,0.8887,0.2139,outlier_remaining_term_months; status_source_conflict,outlier_remaining_term_months; status_source_conflict,reconcile_record,0.758
L000824,0.06890052726733324,0.18098750330335886,0.24708908681664918,0.007336890826869944,current,0.6969,none,0.8286,0.2139,outlier_remaining_term_months; status_source_conflict,outlier_remaining_term_months; status_source_conflict,reconcile_record,0.76
L000824,0.06889702605411661,0.175956264725455,0.24101801232875456,0.007354521566527401,current,0.6841,none,0.8293,0.2139,outlier_remaining_term_months; status_source_conflict,outlier_remaining_term_months; status_source_conflict,reconcile_record,0.763
L000825,0.017983910406626707,0.009427339704161234,0.0023179701466239017,0.20169262096127719,current,0.7985,source_conflict,0.5749,0.1149,balance_source_conflict,balance_source_conflict,reconcile_record,0.879
L000825,0.018905710218691252,0.008996031718539516,0.00234778018990177,0.19267673827054,current,0.7897,source_conflict,0.5589,0.1149,balance_source_conflict,balance_source_conflict,reconcile_record,0.882
L000825,0.02646660207980001,0.0141787979387138,0.0033606411930607164,0.15394643726315568,current,0.7213,source_conflict,0.4445,0.1149,balance_source_conflict,balance_source_conflict,reconcile_record,0.891
L000825,0.020057429885035036,0.011285522911850013,0.0023554052269587817,0.2047602572501259,current,0.7862,source_conflict,0.5667,0.1149,balance_source_conflict,balance_source_conflict,reconcile_record,0.877
L000825,0.02866665508496101,0.013743184980107041,0.00348150434141261,0.250691779268624,current,0.7574,source_conflict,0.4489,0.1149,balance_source_conflict,balance_source_conflict,reconcile_record,0.856
L000825,0.020605995771508265,0.011631002102652907,0.0023577255553241935,0.20386749341782415,current,0.7816,source_conflict,0.572,0.6649,balance_source_conflict,balance_source_conflict,reconcile_record,0.877
L000826,0.009156893616239357,0.003087542817826626,0.000869881851046869,0.39012315852309826,prepaid,0.9387,none,0.871,0.2259,prepaid_positive_balance; status_source_conflict,prepaid_positive_balance; status_source_conflict,reconcile_record,0.783
L000826,0.009157481655722591,0.003339420809393472,0.0007912424023463568,0.39119341558326665,prepaid,0.9262,none,0.7279,0.2259,prepaid_positive_balance; status_source_conflict,prepaid_positive_balance; status_source_conflict,reconcile_record,0.783
L000826,0.00856233067879422,0.0036841871852663125,0.0007992588168713932,0.34320240134774327,prepaid,0.928,none,0.8732,0.2259,prepaid_positive_balance; status_source_conflict,prepaid_positive_balance; status_source_conflict,reconcile_record,0.799
L000826,0.008606024756015586,0.0031195235727242234,0.0008791370685632462,0.39043311261656405,prepaid,0.9387,none,0.8725,0.2259,prepaid_positive_balance; status_source_conflict,prepaid_positive_balance; status_source_conflict,reconcile_record,0.783
L000827,0.00902643970777397,0.0031403445404934644,0.0012742981122249488,0.784224051736011,prepaid,0.9856,none,0.8797,0.2259,prepaid_positive_balance; status_source_conflict,prepaid_positive_balance; status_source_conflict,reconcile_record,0.844
L000827,0.008785371075425942,0.0031022950608687073,0.0012742981122249488,0.7995594504564035,prepaid,0.9865,none,0.8829,0.2259,prepaid_positive_balance; status_source_conflict,prepaid_positive_balance; status_source_conflict,reconcile_record,0.849
L000828,0.049791999274578023,0.10163541647574537,0.0033126819078752715,0.005058117439558088,current,0.7034,none,0.7621,0.1149,status_source_conflict,status_source_conflict,reconcile_record,0.904
L000828,0.052286014790571544,0.1020477250877259,0.003002847719174006,0.0059602034271013715,current,0.647,none,0.7647,0.1149,status_source_conflict,status_source_conflict,reconcile_record,0.903
L000828,0.05082020217196365,0.1017749824764077,0.0029347609894678685,0.005502391638501824,current,0.6688,none,0.748,0.1149,status_source_conflict,status_source_conflict,reconcile_record,0.903
L000828,0.14831213269016383,0.24642924642683703,0.012631138559342317,0.00829991507704044,60_dpd,0.5253,missing_docs,0.8355,0.6649,status_source_conflict,status_source_conflict,reconcile_record,0.814
L000828,0.030152026912801704,0.0714500935800781,0.0028215579915745726,0.0067631002031114515,current,0.6551,missing_docs,0.8734,0.1149,status_source_conflict,status_source_conflict,reconcile_record,0.921
L000829,0.06988388669261805,0.06477146475185568,0.012215044375473228,0.01502778013200222,current,0.472,none,0.7107,0.7759,dpd_status_break; status_source_conflict,dpd_status_break; status_source_conflict,escalate_human_review,0.867
L000829,0.02918826620112049,0.04052800036706267,0.004378461408516329,0.010921692292204112,current,0.7847,none,0.7708,0.1149,status_source_conflict,status_source_conflict,reconcile_record,0.93
L000829,0.04878441075514479,0.05883604199105738,0.006321394640647536,0.010193016251256634,current,0.7729,none,0.7847,0.1149,status_source_conflict,status_source_conflict,reconcile_record,0.917
L000829,0.04664283008609147,0.05714152243610903,0.007133133442046057,0.0053161568920508115,current,0.7987,none,0.7652,0.1149,status_source_conflict,status_source_conflict,reconcile_record,0.919
L000829,0.04766912976944823,0.043197030225083845,0.007741087930174917,0.018806329358574497,current,0.7946,none,0.7637,0.1149,status_source_conflict,status_source_conflict,reconcile_record,0.919
L000830,0.029428866881426582,0.011383803880779959,0.0017826058401232117,0.07590274608271402,current,0.8033,none,0.8224,0.2139,outlier_remaining_term_months; status_source_conflict,outlier_remaining_term_months; status_source_conflict,reconcile_record,0.895
L000830,0.02670049044039359,0.011666735472155396,0.001888438344103428,0.1123971960488123,current,0.816,none,0.8152,0.2139,outlier_remaining_term_months; status_source_conflict,outlier_remaining_term_months; status_source_conflict,reconcile_record,0.883
L000830,0.019287181923988612,0.01271305127940099,0.0017317118002142418,0.0862563256893863,current,0.7854,none,0.8228,0.2139,outlier_remaining_term_months; status_source_conflict,outlier_remaining_term_months; status_source_conflict,reconcile_record,0.894
L000830,0.020250486330404105,0.011280633978074273,0.0017197113224212595,0.1115002896712161,current,0.8053,none,0.8356,0.2139,outlier_remaining_term_months; status_source_conflict,outlier_remaining_term_months; status_source_conflict,reconcile_record,0.886
L000831,0.0072041673568439294,0.002784041443893414,0.0007854383939067452,0.02795426184879994,prepaid,0.9572,source_conflict,0.6715,0.2799,prepaid_positive_balance; outlier_remaining_term_months; balance_source_conflict,prepaid_positive_balance; outlier_remaining_term_months; balance_source_conflict,reconcile_record,0.857
L000831,0.0064597451944367265,0.0023538234792873512,0.0005996768029422577,0.025735213442764065,prepaid,0.9537,source_conflict,0.7331,0.2799,prepaid_positive_balance; outlier_remaining_term_months; balance_source_conflict,prepaid_positive_balance; outlier_remaining_term_months; balance_source_conflict,reconcile_record,0.857
L000831,0.0062041057938441195,0.0025139745810628697,0.0005911075183128279,0.030278208154182345,prepaid,0.9537,source_conflict,0.7226,0.2799,prepaid_positive_balance; outlier_remaining_term_months; balance_source_conflict,prepaid_positive_balance; outlier_remaining_term_months; balance_source_conflict,reconcile_record,0.856
L000831,0.0062041057938441195,0.0024249066383317005,0.0005996768029422577,0.027861979304439455,prepaid,0.9537,source_conflict,0.7287,0.8299,prepaid_positive_balance; outlier_remaining_term_months; balance_source_conflict,prepaid_positive_balance; outlier_remaining_term_months; balance_source_conflict,escalate_human_review,0.857
L000832,0.02909484213576356,0.012512704464264252,0.00219372582160912,0.5468953903585704,current,0.8141,none,0.7935,0.2139,outlier_remaining_term_months; status_source_conflict,outlier_remaining_term_months; status_source_conflict,reconcile_record,0.762
L000832,0.022734314637974554,0.014725490595742857,0.0018310056499296718,0.4447934926588375,current,0.7748,none,0.7921,0.2139,outlier_remaining_term_months; status_source_conflict,outlier_remaining_term_months; status_source_conflict,reconcile_record,0.767
L000832,0.017182014320287813,0.010901235423068487,0.0013780947358896817,0.42952245687859997,current,0.7836,none,0.8126,0.2139,outlier_remaining_term_months; status_source_conflict,outlier_remaining_term_months; status_source_conflict,reconcile_record,0.776
L000832,0.02081855599811949,0.011501278076014547,0.0020757983292233307,0.5432546023555904,current,0.7968,none,0.808,0.2139,outlier_remaining_term_months; status_source_conflict,outlier_remaining_term_months; status_source_conflict,reconcile_record,0.764
L000833,0.010050107352839567,0.002015260754661368,0.0008631029621078354,0.8723339110903702,prepaid,0.9449,none,0.8255,0.2259,prepaid_positive_balance; status_source_conflict,prepaid_positive_balance; status_source_conflict,reconcile_record,0.875
L000833,0.009927136607379795,0.001877759872544151,0.0007616363121639762,0.8464906339937004,prepaid,0.9419,none,0.8169,0.2259,prepaid_positive_balance; status_source_conflict,prepaid_positive_balance; status_source_conflict,reconcile_record,0.866
L000833,0.009567805840423634,0.0016793070246166302,0.000870687675316895,0.8436664441449314,prepaid,0.9419,none,0.8188,0.2259,prepaid_positive_balance; status_source_conflict,prepaid_positive_balance; status_source_conflict,reconcile_record,0.865
L000833,0.010175036995466756,0.001784653705203789,0.0007621286580369852,0.8464906339937004,prepaid,0.9419,none,0.8188,0.2259,prepaid_positive_balance; status_source_conflict,prepaid_positive_balance; status_source_conflict,reconcile_record,0.866
L000834,0.01753036728109243,0.011265163118604477,0.0014523752938714388,0.012392748887757194,current,0.7389,none,0.7346,0.1149,status_source_conflict,status_source_conflict,reconcile_record,0.945
L000834,0.015032595750525672,0.008973910872249068,0.0015727056474739796,0.009050982812500651,current,0.7358,none,0.7434,0.1149,status_source_conflict,status_source_conflict,reconcile_record,0.948
L000834,0.018136376306029843,0.010290578193291882,0.0013430173888528988,0.009841738233876641,current,0.7507,none,0.7154,0.1149,status_source_conflict,status_source_conflict,reconcile_record,0.946
L000834,0.01954437359790938,0.01255096081514745,0.0016275266332075164,0.010830095116717273,current,0.7562,none,0.7162,0.1149,status_source_conflict,status_source_conflict,reconcile_record,0.945
L000834,0.022000810820138026,0.00819118000461076,0.0015351480115575182,0.010010854685436416,current,0.7332,none,0.7274,0.1149,status_source_conflict,status_source_conflict,reconcile_record,0.945
L000835,0.00970321024574581,0.0029669931889286304,0.0003820474548359442,0.560944906553409,prepaid,0.9798,none,0.8094,0.7759,prepaid_positive_balance; status_source_conflict,prepaid_positive_balance; status_source_conflict,escalate_human_review,0.766
L000836,0.007413675758734454,0.003992062228522611,0.0013810615347398323,0.19937445275096652,prepaid,0.9888,source_conflict,0.5738,0.2799,prepaid_positive_balance; outlier_remaining_term_months; balance_source_conflict,prepaid_positive_balance; outlier_remaining_term_months; balance_source_conflict,reconcile_record,0.796
L000836,0.006706813196011974,0.0033253383253834027,0.0018380361341549642,0.22210935265001885,prepaid,0.9888,source_conflict,0.5695,0.2799,prepaid_positive_balance; outlier_remaining_term_months; balance_source_conflict,prepaid_positive_balance; outlier_remaining_term_months; balance_source_conflict,reconcile_record,0.788
L000836,0.007388062267404911,0.0035558666582475758,0.0012536510675558218,0.20704746680393615,prepaid,0.9796,none,0.4269,0.2799,prepaid_positive_balance; outlier_remaining_term_months; balance_source_conflict,prepaid_positive_balance; outlier_remaining_term_months; balance_source_conflict,reconcile_record,0.793
L000836,0.006597710553519252,0.003044577256610634,0.0018408430995932713,0.20394430383636544,prepaid,0.9705,source_conflict,0.4283,0.2799,prepaid_positive_balance; outlier_remaining_term_months; balance_source_conflict,prepaid_positive_balance; outlier_remaining_term_months; balance_source_conflict,reconcile_record,0.794
L000838,0.011468961042300442,0.005165187434111277,0.0010260792324178801,0.19558342046240496,prepaid,0.9893,none,0.8267,0.2259,prepaid_positive_balance; status_source_conflict,prepaid_positive_balance; status_source_conflict,reconcile_record,0.849
L000838,0.011634491349981471,0.0055243379653238875,0.0013771078897381493,0.2421117636401875,prepaid,0.9931,none,0.8336,0.2259,prepaid_positive_balance; status_source_conflict,prepaid_positive_balance; status_source_conflict,reconcile_record,0.833
L000838,0.011640431953000449,0.005368621762075619,0.0010265156617996537,0.1662119481393187,prepaid,0.9934,none,0.8291,0.2259,prepaid_positive_balance; status_source_conflict,prepaid_positive_balance; status_source_conflict,reconcile_record,0.86
L000839,0.013299225402360329,0.005571288607068888,0.0012737685184338356,0.36966141269257613,prepaid,0.9644,none,0.6982,0.7999,prepaid_positive_balance; outlier_remaining_term_months; status_source_conflict,prepaid_positive_balance; outlier_remaining_term_months; status_source_conflict,escalate_human_review,0.764
L000839,0.017987744851379106,0.007147226659849453,0.001094294972236171,0.29285102739750885,prepaid,0.7951,none,0.6717,0.8239,prepaid_positive_balance; outlier_remaining_term_months; outlier_paydown_rate,prepaid_positive_balance; outlier_remaining_term_months; outlier_paydown_rate,escalate_human_review,0.764
L000839,0.011273991513101185,0.005407627963878183,0.0013751630861234968,0.35934616155984583,prepaid,0.9418,none,0.6951,0.8239,prepaid_positive_balance; outlier_remaining_term_months; outlier_paydown_rate,prepaid_positive_balance; outlier_remaining_term_months; outlier_paydown_rate,escalate_human_review,0.744
L000839,0.014012817035815486,0.006178671016276373,0.0010892176760588766,0.3618932373050609,prepaid,0.9639,none,0.7,0.7999,prepaid_positive_balance; outlier_remaining_term_months; status_source_conflict,prepaid_positive_balance; outlier_remaining_term_months; status_source_conflict,escalate_human_review,0.766
L000839,0.014417897482698857,0.005429780226857132,0.0012666704159103052,0.3493825732284124,prepaid,0.9624,none,0.5795,0.7999,prepaid_positive_balance; outlier_remaining_term_months; status_source_conflict,prepaid_positive_balance; outlier_remaining_term_months; status_source_conflict,escalate_human_review,0.771
L000840,0.04621849763639182,0.0470354608062604,0.0017185186778955804,0.5428383440707444,current,0.6051,none,0.5669,0.2241,missing_core; outlier_remaining_term_months,missing_core; outlier_remaining_term_months,reconcile_record,0.733
L000840,0.008598733857705362,0.0031576936327619306,0.00033565974870587056,0.2354887111295788,prepaid,0.9674,none,0.7238,0.2499,prepaid_positive_balance; outlier_remaining_term_months; status_source_conflict,prepaid_positive_balance; outlier_remaining_term_months; status_source_conflict,reconcile_record,0.813
L000840,0.00859403522912445,0.00314709540346537,0.00033149175751274383,0.23690371973664368,prepaid,0.9674,none,0.7238,0.2499,prepaid_positive_balance; outlier_remaining_term_months; status_source_conflict,prepaid_positive_balance; outlier_remaining_term_months; status_source_conflict,reconcile_record,0.813
L000840,0.008381369862431027,0.0030433151976567555,0.0003220483397598077,0.24621697518612207,prepaid,0.9631,none,0.7169,0.2499,prepaid_positive_balance; outlier_remaining_term_months; status_source_conflict,prepaid_positive_balance; outlier_remaining_term_months; status_source_conflict,reconcile_record,0.81
L000841,0.11954244209407794,0.07615234262070658,0.040111347659985246,0.0015370092761306014,current,0.6901,none,0.6718,0.2139,outlier_remaining_term_months; status_source_conflict,outlier_remaining_term_months; status_source_conflict,reconcile_record,0.853
L000841,0.12733705760777358,0.08800776789756422,0.03728261006728095,0.0019731362773742966,current,0.6854,none,0.689,0.2139,outlier_remaining_term_months; status_source_conflict,outlier_remaining_term_months; status_source_conflict,reconcile_record,0.847
L000841,0.1681207168553794,0.14778009723841032,0.05888844875956484,0.0009849785280181217,current,0.6496,none,0.6804,0.2139,outlier_remaining_term_months; status_source_conflict,outlier_remaining_term_months; status_source_conflict,reconcile_record,0.804
L000841,0.09487100161185043,0.08582308015179907,0.028290681055078228,0.002082219289588423,current,0.6844,none,0.6781,0.2139,outlier_remaining_term_months; status_source_conflict,outlier_remaining_term_months; status_source_conflict,reconcile_record,0.862
L000842,0.029333526499729604,0.02009740175596882,0.0004643727281343441,0.021970710216826495,current,0.8152,none,0.7916,0.1149,status_source_conflict,status_source_conflict,reconcile_record,0.935
L000842,0.03393355170245151,0.02680322904614374,0.00034416818278784427,0.022802633026542146,current,0.7706,none,0.7686,0.1149,status_source_conflict,status_source_conflict,reconcile_record,0.931
L000842,0.07074539029419041,0.02747005116734899,0.00043909505911139115,0.026441629957089593,current,0.3478,none,0.6424,0.6649,status_source_conflict,status_source_conflict,reconcile_record,0.916
L000843,0.4406572272751939,0.5962163331557281,0.7370757421652862,0.0020795788920865057,default,0.9751,source_conflict,0.4884,0.7939,outlier_remaining_term_months; balance_source_conflict; status_source_conflict,outlier_remaining_term_months; balance_source_conflict; status_source_conflict,escalate_human_review,0.518
L000843,0.42236326832930193,0.600217005374671,0.7379593530604169,0.0020590353587331745,default,0.992,source_conflict,0.5439,0.7939,outlier_remaining_term_months; balance_source_conflict; status_source_conflict,outlier_remaining_term_months; balance_source_conflict; status_source_conflict,escalate_human_review,0.526
L000843,0.4318930750008056,0.6258511927651152,0.7377976915350913,0.0020590353587331745,default,0.992,source_conflict,0.5439,0.7939,outlier_remaining_term_months; balance_source_conflict; status_source_conflict,outlier_remaining_term_months; balance_source_conflict; status_source_conflict,escalate_human_review,0.532
L000843,0.3979206291206436,0.5874753439072044,0.7379593530604169,0.0020590353587331745,default,0.992,source_conflict,0.5439,0.7939,outlier_remaining_term_months; balance_source_conflict; status_source_conflict,outlier_remaining_term_months; balance_source_conflict; status_source_conflict,escalate_human_review,0.53
L000844,0.005875389465236697,0.0021709497048021825,0.0006130316266286919,0.7916409968745223,prepaid,0.9151,none,0.5983,0.2499,prepaid_positive_balance; outlier_remaining_term_months; status_source_conflict,prepaid_positive_balance; outlier_remaining_term_months; status_source_conflict,reconcile_record,0.824
L000844,0.005845511894759175,0.0018266145438787754,0.0006091052256772382,0.7900242921879679,prepaid,0.9156,none,0.5953,0.7999,prepaid_positive_balance; outlier_remaining_term_months; status_source_conflict,prepaid_positive_balance; outlier_remaining_term_months; status_source_conflict,escalate_human_review,0.824
L000844,0.005875389465236697,0.002127956021924032,0.0006122013248608183,0.7916409968745223,prepaid,0.9151,none,0.5951,0.7999,prepaid_positive_balance; outlier_remaining_term_months; status_source_conflict,prepaid_positive_balance; outlier_remaining_term_months; status_source_conflict,escalate_human_review,0.824
L000845,0.007960658172277528,0.002440134149586964,0.0008286576725649808,0.8119252786248943,prepaid,0.8235,none,0.6494,0.2259,prepaid_positive_balance; status_source_conflict,prepaid_positive_balance; status_source_conflict,reconcile_record,0.854
L000845,0.009130720368435258,0.002565661119228682,0.0009537243594964695,0.5761513004668061,prepaid,0.945,none,0.6683,0.2259,prepaid_positive_balance; status_source_conflict,prepaid_positive_balance; status_source_conflict,reconcile_record,0.772
L000846,0.005674610640230424,0.0011169953829868334,0.00046442287593035313,0.8573245590661598,prepaid,0.9745,none,0.8508,0.2259,prepaid_positive_balance; status_source_conflict,prepaid_positive_balance; status_source_conflict,reconcile_record,0.872
L000846,0.005674610640230424,0.0011169953829868334,0.00046531790539452045,0.8573245590661598,prepaid,0.9745,none,0.8508,0.2259,prepaid_positive_balance; status_source_conflict,prepaid_positive_balance; status_source_conflict,reconcile_record,0.872
L000846,0.005528990511053156,0.0011344148030158726,0.00046607574688170447,0.8573245590661598,prepaid,0.9745,none,0.8508,0.2259,prepaid_positive_balance; status_source_conflict,prepaid_positive_balance; status_source_conflict,reconcile_record,0.872
L000846,0.006832810236535702,0.0011177401147516683,0.0005065593345002064,0.8051945164188478,prepaid,0.9729,none,0.8391,0.2259,prepaid_positive_balance; status_source_conflict,prepaid_positive_balance; status_source_conflict,reconcile_record,0.853
L000847,0.007720147288468861,0.002351637062049877,0.0006331509240699815,0.553399052294318,prepaid,0.9822,none,0.7205,0.2499,prepaid_positive_balance; outlier_remaining_term_months; status_source_conflict,prepaid_positive_balance; outlier_remaining_term_months; status_source_conflict,reconcile_record,0.74
L000847,0.007426442736824203,0.0021489010556933054,0.0006203665068191509,0.5910116331807199,prepaid,0.9834,none,0.7136,0.2499,prepaid_positive_balance; outlier_remaining_term_months; status_source_conflict,prepaid_positive_balance; outlier_remaining_term_months; status_source_conflict,reconcile_record,0.753
L000847,0.007935930081791021,0.0023453537658859533,0.0006319802887954685,0.5686712533452235,prepaid,0.9742,none,0.6163,0.2499,prepaid_positive_balance; outlier_remaining_term_months; status_source_conflict,prepaid_positive_balance; outlier_remaining_term_months; status_source_conflict,reconcile_record,0.745
L000847,0.006689180377555293,0.002252428258873099,0.0005675410947243468,0.6583486950832623,prepaid,0.9794,missing_docs,0.8844,0.8449,dpd_impossible; prepaid_positive_balance; outlier_remaining_term_months,dpd_impossible; prepaid_positive_balance; outlier_remaining_term_months,escalate_human_review,0.732
L000847,0.007001317983832835,0.0022490927257232188,0.00060678504032349,0.5405943822884559,prepaid,0.9645,none,0.7263,0.2499,prepaid_positive_balance; outlier_remaining_term_months; status_source_conflict,prepaid_positive_balance; outlier_remaining_term_months; status_source_conflict,reconcile_record,0.736
L000847,0.008523603066241031,0.0022770574536301685,0.000618534757460583,0.6705273275892342,prepaid,0.9738,none,0.7266,0.2499,prepaid_positive_balance; outlier_remaining_term_months; status_source_conflict,prepaid_positive_balance; outlier_remaining_term_months; status_source_conflict,reconcile_record,0.781
L000848,0.006801211763973386,0.0019928053371983906,0.001423285276598499,0.6737530250986525,prepaid,0.9756,none,0.823,0.2259,prepaid_positive_balance; status_source_conflict,prepaid_positive_balance; status_source_conflict,reconcile_record,0.806
L000848,0.00718810228328351,0.002032062374439875,0.0017645011821832417,0.6915961502232658,prepaid,0.976,none,0.8158,0.2259,prepaid_positive_balance; status_source_conflict,prepaid_positive_balance; status_source_conflict,reconcile_record,0.812
L000848,0.0071575897050821,0.0020066872819868987,0.0018678843563742777,0.7063526411301978,prepaid,0.9759,none,0.8007,0.2259,prepaid_positive_balance; status_source_conflict,prepaid_positive_balance; status_source_conflict,reconcile_record,0.818
L000848,0.007010713447302031,0.0020066872819868987,0.0017637656875001547,0.7063526411301978,prepaid,0.9787,none,0.8017,0.2259,prepaid_positive_balance; status_source_conflict,prepaid_positive_balance; status_source_conflict,reconcile_record,0.818
L000849,0.06051286757803522,0.07127798573103608,0.013321199834305455,0.09619224509580689,current,0.6744,none,0.7159,0.7879,outlier_remaining_term_months; outlier_paydown_rate; status_source_conflict,outlier_remaining_term_months; outlier_paydown_rate; status_source_conflict,escalate_human_review,0.827
L000850,0.007270229259097444,0.0014484893536544743,0.00044998073652033387,0.6975244394720246,prepaid,0.9344,none,0.8097,0.7759,prepaid_positive_balance; status_source_conflict,prepaid_positive_balance; status_source_conflict,escalate_human_review,0.815
L000850,0.0076611315843935135,0.0018545981306701098,0.0005260543506063446,0.6677124648097973,prepaid,0.9343,none,0.7984,0.2259,prepaid_positive_balance; status_source_conflict,prepaid_positive_balance; status_source_conflict,reconcile_record,0.804
L000850,0.0073756073516186545,0.001475163723547628,0.00044918373091105615,0.6925708943503172,prepaid,0.9341,none,0.8055,0.2259,prepaid_positive_balance; status_source_conflict,prepaid_positive_balance; status_source_conflict,reconcile_record,0.813
L000850,0.007692597514067669,0.001834732400844961,0.0005281300650214909,0.6385469096913048,prepaid,0.9347,none,0.8068,0.2259,prepaid_positive_balance; status_source_conflict,prepaid_positive_balance; status_source_conflict,reconcile_record,0.794
L000851,0.2898239983208387,0.615019805323763,0.9178546361062514,0.0001898456263014504,default,0.9589,none,0.7838,0.6649,status_source_conflict,status_source_conflict,reconcile_record,0.695
L000851,0.2898239983208387,0.615019805323763,0.9179563956130753,0.00016701344589480546,default,0.9585,none,0.7838,0.6649,status_source_conflict,status_source_conflict,reconcile_record,0.695
L000851,0.13375893939679415,0.24012733530089966,0.8674652126268816,0.0002670645332120618,default,0.9456,none,0.6818,0.8119,balance_exceeds_original; outlier_balance_ratio; outlier_paydown_rate,balance_exceeds_original; outlier_balance_ratio; outlier_paydown_rate,escalate_human_review,0.711
L000851,0.07735519666610517,0.19111776433969108,0.8987915926726772,0.00017431158622371924,default,0.8575,none,0.7836,0.7639,outlier_paydown_rate; status_source_conflict,outlier_paydown_rate; status_source_conflict,escalate_human_review,0.807
L000852,0.11687585779073643,0.19293338318723677,0.031143105929936184,0.0019505466953232842,current,0.6611,none,0.839,0.7639,outlier_remaining_term_months; status_source_conflict,outlier_remaining_term_months; status_source_conflict,escalate_human_review,0.816
L000852,0.05958121712953604,0.0764346820093043,0.02440674679227217,0.007143316481088514,current,0.4693,none,0.7693,0.7639,outlier_remaining_term_months; status_source_conflict,outlier_remaining_term_months; status_source_conflict,escalate_human_review,0.877
L000852,0.027302149543835297,0.04938131028921202,0.0066866710302721745,0.00688290764392682,current,0.6391,none,0.7893,0.2139,outlier_remaining_term_months; status_source_conflict,outlier_remaining_term_months; status_source_conflict,reconcile_record,0.905
L000852,0.11602595341100563,0.12062121446129948,0.08317224047049161,0.00265254310713945,current,0.6102,none,0.7866,0.2139,outlier_remaining_term_months; status_source_conflict,outlier_remaining_term_months; status_source_conflict,reconcile_record,0.823
L000853,0.1822414458699426,0.494661243143623,0.045106230938871096,0.005597849903895009,current,0.7344,none,0.5884,0.2139,outlier_remaining_term_months; status_source_conflict,outlier_remaining_term_months; status_source_conflict,reconcile_record,0.681
L000853,0.23243294215374102,0.4999383009719307,0.04447185170403851,0.007456399321852633,current,0.7559,none,0.7487,0.2139,outlier_remaining_term_months; status_source_conflict,outlier_remaining_term_months; status_source_conflict,reconcile_record,0.662
L000853,0.4143471158133705,0.7203995336113245,0.3720562113761039,0.003715475083089654,60_dpd,0.4647,none,0.6585,0.7639,outlier_remaining_term_months; status_source_conflict,outlier_remaining_term_months; status_source_conflict,escalate_human_review,0.562
L000853,0.3253475305613638,0.6305724979633017,0.15031071646706648,0.0024672971074488795,90_dpd,0.6379,none,0.6641,0.7639,outlier_remaining_term_months; status_source_conflict,outlier_remaining_term_months; status_source_conflict,escalate_human_review,0.639
L000853,0.19317872304216607,0.48021915388982483,0.08241190425106137,0.00718973939409269,current,0.5956,missing_docs,0.8173,0.2139,outlier_remaining_term_months; status_source_conflict,outlier_remaining_term_months; status_source_conflict,reconcile_record,0.669
L000853,0.3382613961189402,0.5234527191676971,0.06315585571203076,0.008416618052319863,current,0.7297,none,0.7297,0.2139,outlier_remaining_term_months; status_source_conflict,outlier_remaining_term_months; status_source_conflict,reconcile_record,0.626
L000854,0.011483596728165983,0.0026895360715986616,0.00045025797545132526,0.6979536429560401,prepaid,0.9809,none,0.8366,0.2259,prepaid_positive_balance; status_source_conflict,prepaid_positive_balance; status_source_conflict,reconcile_record,0.813
L000854,0.011266103772371458,0.0026895360715986616,0.00043434596950433477,0.7065002246268673,prepaid,0.9809,none,0.8297,0.2259,prepaid_positive_balance; status_source_conflict,prepaid_positive_balance; status_source_conflict,reconcile_record,0.816
L000854,0.01209810025535856,0.002693059657634176,0.00045025797545132526,0.6868571656452814,prepaid,0.9845,none,0.8322,0.2259,prepaid_positive_balance; status_source_conflict,prepaid_positive_balance; status_source_conflict,reconcile_record,0.809
L000854,0.011266103772371458,0.0024892493116140633,0.00043425956374798513,0.746661648172383,prepaid,0.985,none,0.8292,0.2259,prepaid_positive_balance; status_source_conflict,prepaid_positive_balance; status_source_conflict,reconcile_record,0.83
L000854,0.010272072598096553,0.002885669299298303,0.00047538173069370696,0.43129105744058616,prepaid,0.8011,none,0.7637,0.2499,prepaid_positive_balance; outlier_paydown_rate; status_source_conflict,prepaid_positive_balance; outlier_paydown_rate; status_source_conflict,reconcile_record,0.745
L000855,0.053043163580007775,0.29147255476851053,0.002041112503496668,0.015796753759766632,current,0.7565,none,0.6916,0.2139,outlier_remaining_term_months; status_source_conflict,outlier_remaining_term_months; status_source_conflict,reconcile_record,0.809
L000855,0.09110394808914642,0.25836077964955934,0.0017174182691749897,0.01528286911891164,current,0.7197,none,0.6855,0.2139,outlier_remaining_term_months; status_source_conflict,outlier_remaining_term_months; status_source_conflict,reconcile_record,0.808
L000855,0.053851575941924634,0.2416366879065055,0.0019967736399861516,0.014917010161281302,current,0.7613,none,0.6979,0.2139,outlier_remaining_term_months; status_source_conflict,outlier_remaining_term_months; status_source_conflict,reconcile_record,0.827
L000855,0.050253044932647206,0.3090923337378974,0.0018420047919867801,0.017959272694802634,current,0.7499,none,0.6753,0.2139,outlier_remaining_term_months; status_source_conflict,outlier_remaining_term_months; status_source_conflict,reconcile_record,0.803
L000855,0.027437159522102367,0.21611744933211038,0.0017440260560710142,0.018440830096257507,current,0.7743,none,0.6827,0.2139,outlier_remaining_term_months; status_source_conflict,outlier_remaining_term_months; status_source_conflict,reconcile_record,0.844
L000856,0.08267827874710494,0.24528317432335944,0.036986175732429336,0.004895923827928451,current,0.6977,none,0.7697,0.1149,status_source_conflict,status_source_conflict,reconcile_record,0.831
L000857,0.009101422289065356,0.0018156142142378036,0.00021611316592535897,0.7795670914821738,prepaid,0.9487,none,0.7494,0.2259,prepaid_positive_balance; status_source_conflict,prepaid_positive_balance; status_source_conflict,reconcile_record,0.843
L000857,0.008768411652187011,0.002635795606960055,0.00017782179097985243,0.7736051535350791,prepaid,0.9486,none,0.7058,0.2259,prepaid_positive_balance; status_source_conflict,prepaid_positive_balance; status_source_conflict,reconcile_record,0.841
L000857,0.008076230039723116,0.002635795606960055,0.00017784912859718734,0.7736051535350791,prepaid,0.9441,none,0.7019,0.2259,prepaid_positive_balance; status_source_conflict,prepaid_positive_balance; status_source_conflict,reconcile_record,0.841
L000857,0.00810268418827834,0.002639903958782081,0.0001778654227400096,0.7736051535350791,prepaid,0.9441,none,0.7101,0.2259,prepaid_positive_balance; status_source_conflict,prepaid_positive_balance; status_source_conflict,reconcile_record,0.841
L000857,0.008076230039723116,0.002635795606960055,0.00017784912859718734,0.7736051535350791,prepaid,0.9486,none,0.7079,0.2259,prepaid_positive_balance; status_source_conflict,prepaid_positive_balance; status_source_conflict,reconcile_record,0.841
L000858,0.011892467445170737,0.003653015619342301,0.002075511094533152,0.31215819263964417,prepaid,0.9685,none,0.7334,0.2499,prepaid_positive_balance; outlier_remaining_term_months; status_source_conflict,prepaid_positive_balance; outlier_remaining_term_months; status_source_conflict,reconcile_record,0.785
L000858,0.013195572791554125,0.003784521075088891,0.002042359874515303,0.31280094538098335,prepaid,0.9685,none,0.733,0.2499,prepaid_positive_balance; outlier_remaining_term_months; status_source_conflict,prepaid_positive_balance; outlier_remaining_term_months; status_source_conflict,reconcile_record,0.784
L000859,0.01442404291625951,0.0172928241091137,0.00662756941529269,0.058462385531296755,current,0.6783,none,0.5971,0.1149,status_source_conflict,status_source_conflict,reconcile_record,0.926
L000859,0.01080375324576858,0.01726172103437064,0.005880834886775104,0.040567615979558415,current,0.7647,missing_docs,0.8577,0.1149,status_source_conflict,status_source_conflict,reconcile_record,0.934
L000859,0.012994032345290294,0.02315506285687807,0.0067990250076794675,0.06452558633274431,current,0.7917,none,0.6138,0.1149,status_source_conflict,status_source_conflict,reconcile_record,0.922
L000861,0.023617495698184096,0.08938973190704895,0.005629235295612459,0.055238980682898536,current,0.7882,none,0.7741,0.1149,status_source_conflict,status_source_conflict,reconcile_record,0.899
L000861,0.037427365962297676,0.15309044689856488,0.02464103862028172,0.042485327682222435,current,0.6723,none,0.7408,0.1149,status_source_conflict,status_source_conflict,reconcile_record,0.87
L000861,0.02184742133758315,0.09364572222845215,0.004975822882430754,0.06250573198439291,current,0.7568,none,0.7879,0.1149,status_source_conflict,status_source_conflict,reconcile_record,0.896
L000862,0.011265348725398363,0.0028700943258964055,0.0011043729904810264,0.404422472545968,prepaid,0.9716,none,0.765,0.2259,prepaid_positive_balance; status_source_conflict,prepaid_positive_balance; status_source_conflict,reconcile_record,0.777
L000862,0.010599973400362256,0.0028700943258964055,0.0010839236795784559,0.42079457348650234,prepaid,0.976,none,0.7684,0.2259,prepaid_positive_balance; status_source_conflict,prepaid_positive_balance; status_source_conflict,reconcile_record,0.772
L000862,0.01128284502042968,0.0026520704706741323,0.0015362121124221039,0.41374573448987295,prepaid,0.9768,none,0.765,0.2259,prepaid_positive_balance; status_source_conflict,prepaid_positive_balance; status_source_conflict,reconcile_record,0.774
L000863,0.04768970662261909,0.058710765893349,0.07339144198032943,0.0006448521675331827,current,0.643,none,0.6684,0.2379,outlier_remaining_term_months; outlier_paydown_rate; status_source_conflict,outlier_remaining_term_months; outlier_paydown_rate; status_source_conflict,reconcile_record,0.849
L000864,0.07417326957368833,0.1636807045636333,0.01869909792815809,0.005333404988329196,current,0.6939,none,0.8526,0.2139,outlier_remaining_term_months; status_source_conflict,outlier_remaining_term_months; status_source_conflict,reconcile_record,0.844
L000864,0.04200597378381479,0.06196345954455892,0.01836080458628263,0.013145266805825643,current,0.7208,none,0.7896,0.7639,outlier_remaining_term_months; status_source_conflict,outlier_remaining_term_months; status_source_conflict,escalate_human_review,0.888
L000864,0.05277612172252651,0.076074583716915,0.014625783217527577,0.013808934910965643,current,0.7216,none,0.7804,0.8089,dpd_impossible; outlier_remaining_term_months; status_source_conflict,dpd_impossible; outlier_remaining_term_months; status_source_conflict,escalate_human_review,0.836
L000865,0.05992707421417435,0.15468336399171226,0.2743372569160452,0.005379557298360015,current,0.742,none,0.8723,0.6649,status_source_conflict,status_source_conflict,reconcile_record,0.787
L000865,0.19712338044857972,0.49213706223022696,0.32827060179045625,0.0033329274010989365,60_dpd,0.4311,none,0.7385,0.6649,status_source_conflict,status_source_conflict,reconcile_record,0.603
L000865,0.06246798558223904,0.23530486219443292,0.25281013301439814,0.003813652870878302,current,0.707,none,0.8032,0.1149,status_source_conflict,status_source_conflict,reconcile_record,0.766
L000866,0.08992686452471843,0.09705798758799988,0.1605191384494132,0.023414410293485264,current,0.6524,none,0.6215,0.1149,status_source_conflict,status_source_conflict,reconcile_record,0.831
L000866,0.0802482903580659,0.08608483050175027,0.09251948128385423,0.02456101883473268,current,0.6389,none,0.621,0.1149,status_source_conflict,status_source_conflict,reconcile_record,0.861
L000866,0.0823739618585868,0.10342014738046179,0.09512317725964985,0.0209750518580924,current,0.6473,none,0.6326,0.1149,status_source_conflict,status_source_conflict,reconcile_record,0.854
L000866,0.09302397525373814,0.10034659875827778,0.08045380716502602,0.022157192358857537,current,0.6567,none,0.6212,0.1149,status_source_conflict,status_source_conflict,reconcile_record,0.856
L000867,0.023400156852491527,0.020387086935202848,0.003262374513371531,0.5383277410643784,current,0.7832,none,0.8286,0.2139,outlier_remaining_term_months; status_source_conflict,outlier_remaining_term_months; status_source_conflict,reconcile_record,0.758
L000867,0.028629331775851734,0.023092989007276257,0.00255832040685753,0.5733392040153209,current,0.8153,none,0.8518,0.2139,outlier_remaining_term_months; status_source_conflict,outlier_remaining_term_months; status_source_conflict,reconcile_record,0.768
L000867,0.027921481481051596,0.023049214667275265,0.002047176925183341,0.5448644116201011,current,0.811,none,0.8571,0.2139,outlier_remaining_term_months; status_source_conflict,outlier_remaining_term_months; status_source_conflict,reconcile_record,0.758
L000867,0.027596021138913313,0.027286142856343704,0.002101863576309056,0.5380845745672286,current,0.7586,none,0.6985,0.2139,outlier_remaining_term_months; status_source_conflict,outlier_remaining_term_months; status_source_conflict,reconcile_record,0.755
L000867,0.00892402841809955,0.0034375649019307924,0.0009360155176484221,0.5127178241784774,prepaid,0.9151,none,0.7884,0.2499,prepaid_positive_balance; outlier_remaining_term_months; status_source_conflict,prepaid_positive_balance; outlier_remaining_term_months; status_source_conflict,reconcile_record,0.725
L000868,0.01119499268457432,0.003121538686867747,0.0011287364227803409,0.027627136461561213,prepaid,0.9925,source_conflict,0.7772,0.2559,prepaid_positive_balance; balance_source_conflict; status_source_conflict,prepaid_positive_balance; balance_source_conflict; status_source_conflict,reconcile_record,0.879
L000868,0.011848888771404463,0.0032177357227943758,0.0010280344976936289,0.027662528103280248,prepaid,0.9931,source_conflict,0.782,0.2559,prepaid_positive_balance; balance_source_conflict; status_source_conflict,prepaid_positive_balance; balance_source_conflict; status_source_conflict,reconcile_record,0.879
L000868,0.011437294409079257,0.002778811899834031,0.0010247323137820821,0.03255913186261752,prepaid,0.9904,source_conflict,0.5232,0.2559,prepaid_positive_balance; balance_source_conflict; status_source_conflict,prepaid_positive_balance; balance_source_conflict; status_source_conflict,reconcile_record,0.877
L000868,0.0114078891455957,0.0035219200002994094,0.0010546189533688166,0.04370773336357187,prepaid,0.9934,source_conflict,0.7773,0.2559,prepaid_positive_balance; balance_source_conflict; status_source_conflict,prepaid_positive_balance; balance_source_conflict; status_source_conflict,reconcile_record,0.873
L000869,0.053748198747424585,0.05957695705783301,0.0013518420623685867,0.03788058118754368,current,0.6484,none,0.7355,0.7639,outlier_remaining_term_months; status_source_conflict,outlier_remaining_term_months; status_source_conflict,escalate_human_review,0.883
L000869,0.04069344880627442,0.04228066541592573,0.0013614785008111106,0.03150809470918329,current,0.6737,none,0.7052,0.8089,dpd_impossible; outlier_remaining_term_months; status_source_conflict,dpd_impossible; outlier_remaining_term_months; status_source_conflict,escalate_human_review,0.85
L000869,0.049383736356679954,0.06173292190389094,0.001455498999265726,0.04068988125987336,current,0.6085,none,0.7154,0.7639,outlier_remaining_term_months; status_source_conflict,outlier_remaining_term_months; status_source_conflict,escalate_human_review,0.882
L000869,0.0723653898508753,0.05843426404129412,0.0010356100778112565,0.053062129595517184,current,0.6308,none,0.7084,0.7639,outlier_remaining_term_months; status_source_conflict,outlier_remaining_term_months; status_source_conflict,escalate_human_review,0.872
L000870,0.06562916039356324,0.09427999344987109,0.004626105395854553,0.017463018375914022,current,0.6357,source_conflict,0.5441,0.2439,outlier_remaining_term_months; balance_source_conflict; status_source_conflict,outlier_remaining_term_months; balance_source_conflict; status_source_conflict,reconcile_record,0.842
L000870,0.03754445699281727,0.06986118173804574,0.0036930667653916043,0.01725828590947338,current,0.781,source_conflict,0.6046,0.2139,outlier_remaining_term_months; balance_source_conflict,outlier_remaining_term_months; balance_source_conflict,reconcile_record,0.891
L000870,0.07375026226239934,0.13810684877963808,0.02823122564574475,0.017390333627726583,current,0.3936,source_conflict,0.5566,0.7999,dpd_status_break; outlier_remaining_term_months; balance_source_conflict,dpd_status_break; outlier_remaining_term_months; balance_source_conflict,escalate_human_review,0.81
L000871,0.0722911074752592,0.025283612794173512,0.012243192176504122,0.029771124291318743,current,0.8126,none,0.7715,0.2139,outlier_remaining_term_months; status_source_conflict,outlier_remaining_term_months; status_source_conflict,reconcile_record,0.887
L000871,0.05406504609494431,0.031462095114718605,0.005052118397384762,0.035217089042414045,current,0.7781,none,0.7548,0.2139,outlier_remaining_term_months; status_source_conflict,outlier_remaining_term_months; status_source_conflict,reconcile_record,0.892
L000871,0.05153877269243153,0.02569630226745483,0.004802423987302341,0.03742287052060576,current,0.8205,none,0.7651,0.2139,outlier_remaining_term_months; status_source_conflict,outlier_remaining_term_months; status_source_conflict,reconcile_record,0.894
L000872,0.009205217591563133,0.005541835398083585,0.0009622559449094849,0.058829422155041645,current,0.7881,none,0.6273,0.1149,status_source_conflict,status_source_conflict,reconcile_record,0.934
L000872,0.016035402155318783,0.00678324928037988,0.0017102037215939632,0.09352936065162083,current,0.7994,none,0.5575,0.1149,status_source_conflict,status_source_conflict,reconcile_record,0.919
L000873,0.2688344845607608,0.6162832734250095,0.015917477023104844,0.02167719387829652,current,0.4511,none,0.6847,0.7639,outlier_remaining_term_months; status_source_conflict,outlier_remaining_term_months; status_source_conflict,escalate_human_review,0.695
L000873,0.22689576552598156,0.6756414703008137,0.01682597054163,0.022485953743873226,current,0.6325,none,0.7769,0.7639,outlier_remaining_term_months; status_source_conflict,outlier_remaining_term_months; status_source_conflict,escalate_human_review,0.73
L000873,0.20112718959186773,0.673416090541926,0.016721133203000737,0.025769156613770907,current,0.6306,none,0.7977,0.7639,outlier_remaining_term_months; status_source_conflict,outlier_remaining_term_months; status_source_conflict,escalate_human_review,0.737
L000873,0.2934528416042064,0.6272328586219819,0.01663807196379079,0.021495141934879988,current,0.3864,none,0.7778,0.7639,outlier_remaining_term_months; status_source_conflict,outlier_remaining_term_months; status_source_conflict,escalate_human_review,0.69
L000873,0.21442421247932564,0.589249077511303,0.012459046738160734,0.021208838477591224,current,0.6086,none,0.7732,0.7639,outlier_remaining_term_months; status_source_conflict,outlier_remaining_term_months; status_source_conflict,escalate_human_review,0.706
L000876,0.12062118740989557,0.0520428356255761,0.11931474483460434,0.010876608706181354,current,0.6306,none,0.7777,0.7639,outlier_remaining_term_months; status_source_conflict,outlier_remaining_term_months; status_source_conflict,escalate_human_review,0.83
L000876,0.11415235830158808,0.058662393055849964,0.09213999942368405,0.017350970096567365,current,0.6457,none,0.7921,0.7639,outlier_remaining_term_months; status_source_conflict,outlier_remaining_term_months; status_source_conflict,escalate_human_review,0.837
L000876,0.11803393256916798,0.06286349153646185,0.28138099393656074,0.01665384389146619,current,0.5983,none,0.77,0.2139,outlier_remaining_term_months; status_source_conflict,outlier_remaining_term_months; status_source_conflict,reconcile_record,0.769
L000877,0.08344587076626042,0.17432671409063186,0.0050563108913728875,0.4358722273409518,current,0.7612,none,0.621,0.1149,balance_source_conflict,balance_source_conflict,reconcile_record,0.716
L000877,0.09700542021220672,0.18789397043042477,0.007261262112324272,0.32032723147149617,current,0.7484,none,0.6593,0.1149,balance_source_conflict,balance_source_conflict,reconcile_record,0.746
L000877,0.13925855467639267,0.19283446743637178,0.005798464995798377,0.3970418096673629,current,0.6744,none,0.584,0.1149,balance_source_conflict,balance_source_conflict,reconcile_record,0.703
L000877,0.12419328075355866,0.20968296308487747,0.005262753044087843,0.4212417049217044,current,0.6834,missing_docs,0.8888,0.1149,balance_source_conflict,balance_source_conflict,reconcile_record,0.694
L000880,0.07517671068651612,0.16832987519368747,0.01709513659521868,0.003204269677930647,current,0.7041,none,0.7192,0.2139,outlier_paydown_rate; status_source_conflict,outlier_paydown_rate; status_source_conflict,reconcile_record,0.844
L000880,0.0676356813662863,0.1339752733717406,0.011258934056816683,0.004040755934450806,current,0.7148,none,0.7156,0.1149,status_source_conflict,status_source_conflict,reconcile_record,0.884
L000880,0.07163010318966004,0.1419393189748237,0.013064678469570096,0.0038124968384382007,current,0.7331,none,0.7217,0.1149,status_source_conflict,status_source_conflict,reconcile_record,0.88
L000881,0.05230322659986101,0.18200650731082266,0.0009116779960777811,0.36364251463937486,current,0.7448,none,0.7036,0.7699,balance_source_conflict; status_source_conflict,balance_source_conflict; status_source_conflict,escalate_human_review,0.721
L000881,0.07534207071854794,0.17335990322754957,0.0012411203625499973,0.45402377112404,current,0.7518,none,0.682,0.2199,balance_source_conflict; status_source_conflict,balance_source_conflict; status_source_conflict,reconcile_record,0.684
L000881,0.044953203988593926,0.09122610287155297,0.0012289878379125555,0.45154283921077426,current,0.788,none,0.7272,0.2199,balance_source_conflict; status_source_conflict,balance_source_conflict; status_source_conflict,reconcile_record,0.724
L000881,0.055956960073840656,0.07865072561276769,0.001458168410734664,0.36110077339136776,current,0.7221,none,0.6755,0.2559,dpd_status_break; balance_source_conflict; status_source_conflict,dpd_status_break; balance_source_conflict; status_source_conflict,reconcile_record,0.72
L000881,0.03936199173995597,0.06935484856830043,0.0012419046305088412,0.4344126695899506,current,0.7937,none,0.6811,0.2199,balance_source_conflict; status_source_conflict,balance_source_conflict; status_source_conflict,reconcile_record,0.74
L000881,0.011529749642296768,0.004539864924212158,0.0005560480780239941,0.3259323045778529,prepaid,0.8804,none,0.7775,0.2559,prepaid_positive_balance; balance_source_conflict; status_source_conflict,prepaid_positive_balance; balance_source_conflict; status_source_conflict,reconcile_record,0.774
L000882,0.07440469697225453,0.18362845530062774,0.0017738458239183422,0.05675632194815771,current,0.6397,none,0.7055,0.2139,outlier_paydown_rate; status_source_conflict,outlier_paydown_rate; status_source_conflict,reconcile_record,0.825
L000882,0.06052115262583061,0.12816489527499056,0.004457872377658642,0.1353018273026562,current,0.7607,none,0.6954,0.1149,status_source_conflict,status_source_conflict,reconcile_record,0.845
L000882,0.06033621141852425,0.12410688882994259,0.002306398845578138,0.15340871107019613,current,0.7727,none,0.7008,0.1149,status_source_conflict,status_source_conflict,reconcile_record,0.841
L000883,0.041931286299151195,0.03371518229543251,0.0019270544204346045,0.030328847040594315,current,0.7431,none,0.7251,0.2139,outlier_remaining_term_months; status_source_conflict,outlier_remaining_term_months; status_source_conflict,reconcile_record,0.898
L000883,0.04345316652068707,0.03061324257530666,0.0018092103423717357,0.028160830691976956,current,0.7372,none,0.7225,0.2139,outlier_remaining_term_months; status_source_conflict,outlier_remaining_term_months; status_source_conflict,reconcile_record,0.9
L000883,0.03491373095888062,0.03288528190436782,0.0021350575034878405,0.05005255300709189,current,0.7123,none,0.591,0.2139,outlier_remaining_term_months; status_source_conflict,outlier_remaining_term_months; status_source_conflict,reconcile_record,0.894
L000883,0.043870358135333604,0.03728739976022678,0.0024178323032998054,0.0356927327118898,current,0.6778,none,0.575,0.2139,outlier_remaining_term_months; status_source_conflict,outlier_remaining_term_months; status_source_conflict,reconcile_record,0.894
L000883,0.04529162049152274,0.028809934664607444,0.0017048497042365664,0.025281004290634995,current,0.7482,none,0.7023,0.2139,outlier_remaining_term_months; status_source_conflict,outlier_remaining_term_months; status_source_conflict,reconcile_record,0.9
L000884,0.09600418513514213,0.11233874872306954,0.04523339651150615,0.01845812981194707,current,0.3168,none,0.6906,0.6649,status_source_conflict,status_source_conflict,reconcile_record,0.865
L000884,0.03336241182682698,0.09055758947322502,0.023995401090319408,0.012253556145589118,current,0.7909,none,0.68,0.1149,status_source_conflict,status_source_conflict,reconcile_record,0.904
L000884,0.03961980018746902,0.0747269520258937,0.013927532899853996,0.0733522753024508,current,0.7867,none,0.7143,0.1149,status_source_conflict,status_source_conflict,reconcile_record,0.889
L000885,0.03623932363029971,0.03361796666965893,0.002447450607949752,0.8681318650675958,current,0.7409,none,0.6563,0.1149,status_source_conflict,status_source_conflict,reconcile_record,0.889
L000885,0.00837772793866919,0.0024913090387573547,0.0007004844383473782,0.8829316049101208,prepaid,0.8456,none,0.7848,0.2259,prepaid_positive_balance; status_source_conflict,prepaid_positive_balance; status_source_conflict,reconcile_record,0.879
L000885,0.00931557662266097,0.0028755831101601056,0.001228935796267805,0.8327695757880967,prepaid,0.9496,none,0.746,0.7759,prepaid_positive_balance; status_source_conflict,prepaid_positive_balance; status_source_conflict,escalate_human_review,0.861
L000885,0.00931380317019339,0.0030907232972326713,0.0014536476734258567,0.7707610787243656,prepaid,0.9474,none,0.7284,0.7759,prepaid_positive_balance; status_source_conflict,prepaid_positive_balance; status_source_conflict,escalate_human_review,0.839
L000886,0.005757894806445654,0.0018495891828056367,0.0005020766435789168,0.49019323556621003,prepaid,0.9076,none,0.7295,0.7759,prepaid_positive_balance; status_source_conflict,prepaid_positive_balance; status_source_conflict,escalate_human_review,0.75
L000886,0.0062239539529696615,0.0023454574902554005,0.0005012702868023936,0.7668610364591015,prepaid,0.9076,none,0.7249,0.7759,prepaid_positive_balance; status_source_conflict,prepaid_positive_balance; status_source_conflict,escalate_human_review,0.839
L000886,0.00553509948404423,0.0018472650527666644,0.0005017004685201994,0.475951207175273,prepaid,0.9073,none,0.709,0.7759,prepaid_positive_balance; status_source_conflict,prepaid_positive_balance; status_source_conflict,escalate_human_review,0.755
L000886,0.00553509948404423,0.0018465537579032973,0.0005030668878463863,0.4169223687264208,prepaid,0.9073,none,0.709,0.7759,prepaid_positive_balance; status_source_conflict,prepaid_positive_balance; status_source_conflict,escalate_human_review,0.776
L000887,0.13835312500591807,0.5738749114856987,0.010726978259312766,0.06039600209460686,current,0.6377,none,0.8277,0.1149,status_source_conflict,status_source_conflict,reconcile_record,0.738
L000888,0.03656586300943704,0.05926414764687471,0.0030971159784710703,0.320147522981307,current,0.806,none,0.753,0.2199,balance_source_conflict; status_source_conflict,balance_source_conflict; status_source_conflict,reconcile_record,0.783
L000888,0.03560815958895211,0.04695836649322573,0.002829828189513868,0.3385107852071889,current,0.7919,none,0.756,0.2199,balance_source_conflict; status_source_conflict,balance_source_conflict; status_source_conflict,reconcile_record,0.782
L000888,0.037420762857933255,0.06560870903904606,0.0029875469081764162,0.29065726519950585,current,0.7093,none,0.7712,0.1149,balance_source_conflict,balance_source_conflict,reconcile_record,0.822
L000888,0.034493827046993525,0.06250903405554484,0.0033868199344170816,0.32987637438061396,current,0.7038,none,0.7674,0.1149,balance_source_conflict,balance_source_conflict,reconcile_record,0.81
L000889,0.08460830218108728,0.14443929835361763,0.023523448408117143,0.029688633364215494,current,0.7302,none,0.7509,0.1149,status_source_conflict,status_source_conflict,reconcile_record,0.861
L000890,0.008209123780568598,0.002436310181055764,0.0008318524829435727,0.8065574273099472,prepaid,0.9355,none,0.718,0.7759,prepaid_positive_balance; status_source_conflict,prepaid_positive_balance; status_source_conflict,escalate_human_review,0.853
L000890,0.008996106016738949,0.0022805935868527778,0.0008160318142864734,0.8048706943147375,prepaid,0.939,none,0.7094,0.2259,prepaid_positive_balance; status_source_conflict,prepaid_positive_balance; status_source_conflict,reconcile_record,0.851
L000890,0.008800172465992044,0.002225899696934793,0.0008247892623274262,0.8172612375940624,prepaid,0.9436,none,0.7038,0.2259,prepaid_positive_balance; status_source_conflict,prepaid_positive_balance; status_source_conflict,reconcile_record,0.856
L000891,0.167703816800565,0.30397389338755554,0.010962754018923332,0.8204213774715435,current,0.7159,none,0.7106,0.2139,outlier_remaining_term_months; status_source_conflict,outlier_remaining_term_months; status_source_conflict,reconcile_record,0.704
L000891,0.14639805267930198,0.24870089641490167,0.00990230447650443,0.7964939328458002,current,0.7115,none,0.7378,0.2139,outlier_remaining_term_months; status_source_conflict,outlier_remaining_term_months; status_source_conflict,reconcile_record,0.723
L000891,0.01623025822505818,0.009234580453481777,0.001622827969277942,0.8015646972079852,prepaid,0.6688,none,0.7149,0.2499,prepaid_positive_balance; outlier_remaining_term_months; status_source_conflict,prepaid_positive_balance; outlier_remaining_term_months; status_source_conflict,reconcile_record,0.821
L000891,0.011757582584116114,0.006015206437324027,0.0018976722019381743,0.7047422161968632,prepaid,0.7775,missing_docs,0.8026,0.2499,prepaid_positive_balance; outlier_remaining_term_months; status_source_conflict,prepaid_positive_balance; outlier_remaining_term_months; status_source_conflict,reconcile_record,0.79
L000893,0.013903766637188175,0.004114040751218657,0.00030345308167817954,0.1436055813178937,prepaid,0.9688,missing_docs,0.8804,0.2499,prepaid_positive_balance; outlier_paydown_rate; status_source_conflict,prepaid_positive_balance; outlier_paydown_rate; status_source_conflict,reconcile_record,0.843
L000893,0.014143819874627256,0.004388761364027989,0.00028147696538111355,0.1373064298548452,prepaid,0.9813,none,0.8096,0.2259,prepaid_positive_balance; status_source_conflict,prepaid_positive_balance; status_source_conflict,reconcile_record,0.869
L000894,0.009330095767739537,0.0028766387038135343,0.0004544424636303457,0.4825397701002485,prepaid,0.9372,none,0.8152,0.7999,prepaid_positive_balance; outlier_remaining_term_months; status_source_conflict,prepaid_positive_balance; outlier_remaining_term_months; status_source_conflict,escalate_human_review,0.726
L000894,0.009330095767739537,0.0028766387038135343,0.0004544424636303457,0.4825397701002485,prepaid,0.9372,none,0.8095,0.7999,prepaid_positive_balance; outlier_remaining_term_months; status_source_conflict,prepaid_positive_balance; outlier_remaining_term_months; status_source_conflict,escalate_human_review,0.726
L000894,0.009238444365677034,0.0028766387038135343,0.0004544424636303457,0.4825397701002485,prepaid,0.9372,none,0.8121,0.7999,prepaid_positive_balance; outlier_remaining_term_months; status_source_conflict,prepaid_positive_balance; outlier_remaining_term_months; status_source_conflict,escalate_human_review,0.726
L000895,0.11949447219681486,0.23987292312371314,0.0046885495362162495,0.10432370799537365,current,0.6097,none,0.728,0.1149,status_source_conflict,status_source_conflict,reconcile_record,0.796
L000896,0.008657704972633294,0.0031306421445642155,0.0020109116944219438,0.4691381917968858,prepaid,0.9742,none,0.8332,0.2499,prepaid_positive_balance; outlier_remaining_term_months; status_source_conflict,prepaid_positive_balance; outlier_remaining_term_months; status_source_conflict,reconcile_record,0.731
L000896,0.008596902682784463,0.003073481424412596,0.0020109116944219438,0.4691381917968858,prepaid,0.9742,none,0.8332,0.2499,prepaid_positive_balance; outlier_remaining_term_months; status_source_conflict,prepaid_positive_balance; outlier_remaining_term_months; status_source_conflict,reconcile_record,0.731
L000896,0.009682987405668673,0.004015742490725633,0.0010149637619499441,0.47165960198325263,prepaid,0.9743,none,0.8359,0.7999,prepaid_positive_balance; outlier_remaining_term_months; status_source_conflict,prepaid_positive_balance; outlier_remaining_term_months; status_source_conflict,escalate_human_review,0.73
L000896,0.008657704972633294,0.003291412096868293,0.0020109116944219438,0.4691381917968858,prepaid,0.9742,none,0.8332,0.7999,prepaid_positive_balance; outlier_remaining_term_months; status_source_conflict,prepaid_positive_balance; outlier_remaining_term_months; status_source_conflict,escalate_human_review,0.731
L000896,0.008657704972633294,0.003291412096868293,0.0020109116944219438,0.4691381917968858,prepaid,0.9742,none,0.8332,0.7999,prepaid_positive_balance; outlier_remaining_term_months; status_source_conflict,prepaid_positive_balance; outlier_remaining_term_months; status_source_conflict,escalate_human_review,0.731
L000897,0.14721389686021483,0.23675651527209218,0.009290801349699793,0.03350929076328071,90_dpd,0.5864,none,0.7652,0.6649,status_source_conflict,status_source_conflict,reconcile_record,0.811
L000897,0.14560848795252446,0.24584470639503064,0.007430864273845834,0.007800301627906947,90_dpd,0.4966,none,0.7483,0.6649,status_source_conflict,status_source_conflict,reconcile_record,0.818
L000898,0.042600644467955896,0.03197373573426256,0.0007769679289034804,0.025286259016769206,current,0.728,none,0.8332,0.1149,status_source_conflict,status_source_conflict,reconcile_record,0.925
L000898,0.058117151158290935,0.04049641795747785,0.0010746189318897568,0.009772082050182427,current,0.6635,none,0.7565,0.1149,status_source_conflict,status_source_conflict,reconcile_record,0.922
L000898,0.06075396798512345,0.04006290735179504,0.0007239135889846927,0.021184093598243466,current,0.6912,none,0.8395,0.1149,status_source_conflict,status_source_conflict,reconcile_record,0.917
L000898,0.13265335015200208,0.061973261978567146,0.0013499932171869356,0.029056450787850588,current,0.7248,none,0.8485,0.6649,status_source_conflict,status_source_conflict,reconcile_record,0.881
L000898,0.1286590750546123,0.09212073689615201,0.0008286971807443022,0.005808670624571975,current,0.6402,none,0.818,0.6649,status_source_conflict,status_source_conflict,reconcile_record,0.88
L000899,0.011249284628646604,0.0030568915250840626,0.0011152148580345054,0.5989691038672037,prepaid,0.9446,none,0.7503,0.2499,prepaid_positive_balance; outlier_remaining_term_months; status_source_conflict,prepaid_positive_balance; outlier_remaining_term_months; status_source_conflict,reconcile_record,0.754
L000899,0.009478754260668708,0.0021486500478553137,0.0009620279598102332,0.572414454947208,prepaid,0.9473,none,0.7483,0.2949,dpd_impossible; prepaid_positive_balance; outlier_remaining_term_months,dpd_impossible; prepaid_positive_balance; outlier_remaining_term_months,reconcile_record,0.701
L000899,0.010447203743700138,0.0028871644709044155,0.0006403757289343918,0.5752841750098191,prepaid,0.9385,none,0.7501,0.2499,prepaid_positive_balance; outlier_remaining_term_months; status_source_conflict,prepaid_positive_balance; outlier_remaining_term_months; status_source_conflict,reconcile_record,0.747
L000900,0.009517722667162443,0.0056401767647286044,0.0019985448040350192,0.010991402097258823,current,0.7898,none,0.8904,0.2139,outlier_remaining_term_months; status_source_conflict,outlier_remaining_term_months; status_source_conflict,reconcile_record,0.926
L000900,0.009819614048287628,0.005675065538845238,0.0026386192821266263,0.011166344188217494,current,0.8018,none,0.882,0.2139,outlier_remaining_term_months; status_source_conflict,outlier_remaining_term_months; status_source_conflict,reconcile_record,0.926
L000900,0.01410043169986742,0.00550971071806283,0.0021125322956807714,0.012168707343322533,current,0.6836,none,0.6737,0.2499,dpd_status_break; outlier_remaining_term_months; status_source_conflict,dpd_status_break; outlier_remaining_term_months; status_source_conflict,reconcile_record,0.888
L000900,0.013238770596021215,0.006778807731906695,0.0023663781294260043,0.011481767839470391,current,0.7681,none,0.8568,0.2139,outlier_remaining_term_months; status_source_conflict,outlier_remaining_term_months; status_source_conflict,reconcile_record,0.924
L000900,0.013194835633936211,0.005542905235329423,0.0019227002537171025,0.012591788713113741,current,0.6005,none,0.8335,0.2139,outlier_remaining_term_months; status_source_conflict,outlier_remaining_term_months; status_source_conflict,reconcile_record,0.924
L000901,0.020092964250524734,0.005864461526969914,0.0010283143989906728,0.5258372227417205,current,0.8168,none,0.825,0.1149,status_source_conflict,status_source_conflict,reconcile_record,0.784
L000901,0.02309027469634156,0.008647290019104316,0.0008847037465240052,0.5269367843303757,current,0.8176,none,0.8093,0.1149,status_source_conflict,status_source_conflict,reconcile_record,0.783
L000901,0.02301395630195205,0.008872913086650485,0.0008847037465240052,0.5231518870181368,current,0.8167,none,0.8166,0.1149,status_source_conflict,status_source_conflict,reconcile_record,0.782
L000901,0.027449298345153094,0.013826671117436488,0.0011001202231983797,0.5244125939147457,current,0.8145,none,0.818,0.6649,status_source_conflict,status_source_conflict,reconcile_record,0.779
L000901,0.00849177887864819,0.002367972848909204,0.0006258693271346957,0.5079306842796802,prepaid,0.8052,none,0.8024,0.7759,prepaid_positive_balance; status_source_conflict,prepaid_positive_balance; status_source_conflict,escalate_human_review,0.748
L000902,0.12460894717980826,0.09333456449384887,0.06873591796457741,0.01362512477201736,current,0.6942,none,0.7375,0.7879,outlier_remaining_term_months; outlier_paydown_rate; status_source_conflict,outlier_remaining_term_months; outlier_paydown_rate; status_source_conflict,escalate_human_review,0.807
L000902,0.11047066044164777,0.08942004983681218,0.02747739425198457,0.016942619721728985,current,0.692,none,0.7447,0.7639,outlier_remaining_term_months; status_source_conflict,outlier_remaining_term_months; status_source_conflict,escalate_human_review,0.851
L000902,0.12780947666653922,0.11231393077307668,0.019391066949874875,0.017129201350326004,current,0.6865,none,0.7363,0.7639,outlier_remaining_term_months; status_source_conflict,outlier_remaining_term_months; status_source_conflict,escalate_human_review,0.839
L000903,0.10502644443120568,0.11599382573208573,0.013605269191925532,0.01168734684279274,current,0.7758,none,0.8358,0.1149,status_source_conflict,status_source_conflict,reconcile_record,0.874
L000903,0.1143677062079861,0.10228092683153249,0.009683238336190657,0.0046384073654265985,current,0.7305,none,0.8345,0.1149,status_source_conflict,status_source_conflict,reconcile_record,0.88
L000903,0.11668333110853975,0.10620906329599701,0.010544154217512485,0.005266561002615622,current,0.6897,none,0.8531,0.1149,status_source_conflict,status_source_conflict,reconcile_record,0.877
L000904,0.1296330590873473,0.1350576683910539,0.021113320981934167,0.007144672438652916,60_dpd,0.4979,none,0.6764,0.7939,outlier_remaining_term_months; balance_source_conflict; status_source_conflict,outlier_remaining_term_months; balance_source_conflict; status_source_conflict,escalate_human_review,0.804
L000904,0.06284944857465784,0.22763140116136538,0.009432083464442857,0.007730500973853566,current,0.7342,none,0.6736,0.2139,outlier_remaining_term_months; balance_source_conflict,outlier_remaining_term_months; balance_source_conflict,reconcile_record,0.828
L000904,0.06674060494094532,0.10862526106098878,0.005198412087187643,0.012759447769779766,current,0.7785,none,0.6932,0.2139,outlier_remaining_term_months; balance_source_conflict,outlier_remaining_term_months; balance_source_conflict,reconcile_record,0.868
L000905,0.011608969462711683,0.0024901892847550822,0.0010090749935370378,0.27852456996312075,prepaid,0.9669,none,0.8271,0.7999,prepaid_positive_balance; outlier_remaining_term_months; status_source_conflict,prepaid_positive_balance; outlier_remaining_term_months; status_source_conflict,escalate_human_review,0.797
L000905,0.011915129338167102,0.0023757772614911945,0.0012912979296315298,0.27852456996312075,prepaid,0.9668,none,0.8271,0.7999,prepaid_positive_balance; outlier_remaining_term_months; status_source_conflict,prepaid_positive_balance; outlier_remaining_term_months; status_source_conflict,escalate_human_review,0.797
L000905,0.011242661643258755,0.0023652291248885066,0.0010664618761189507,0.47649559702729954,prepaid,0.9612,none,0.8255,0.7999,prepaid_positive_balance; outlier_remaining_term_months; status_source_conflict,prepaid_positive_balance; outlier_remaining_term_months; status_source_conflict,escalate_human_review,0.728
L000906,0.003773706560040418,0.0017738063669942023,0.0002460331218301463,0.9092095426233514,prepaid,0.8513,none,0.7472,0.2259,prepaid_positive_balance; status_source_conflict,prepaid_positive_balance; status_source_conflict,reconcile_record,0.89
L000906,0.004007757330340999,0.0017625584536066412,0.0002620137002465621,0.8939784451346445,prepaid,0.8555,none,0.7375,0.2259,prepaid_positive_balance; status_source_conflict,prepaid_positive_balance; status_source_conflict,reconcile_record,0.885
L000906,0.0042278611341738355,0.001598593180209867,0.00023506608288190937,0.787943532029994,prepaid,0.677,none,0.7311,0.2259,prepaid_positive_balance; status_source_conflict,prepaid_positive_balance; status_source_conflict,reconcile_record,0.848
L000906,0.0038239987535607562,0.0018569582815543594,0.00024925523993662464,0.88512600051709,prepaid,0.8267,none,0.7348,0.2499,prepaid_positive_balance; outlier_paydown_rate; status_source_conflict,prepaid_positive_balance; outlier_paydown_rate; status_source_conflict,reconcile_record,0.858
L000907,0.009354165435888406,0.0027642550112326534,0.0012161025051303932,0.7331959203462303,prepaid,0.9792,none,0.6667,0.2259,prepaid_positive_balance; status_source_conflict,prepaid_positive_balance; status_source_conflict,reconcile_record,0.826
L000907,0.009749899278425535,0.002941775593463642,0.0012292245298301436,0.7378380654563116,prepaid,0.9808,none,0.7778,0.2259,prepaid_positive_balance; status_source_conflict,prepaid_positive_balance; status_source_conflict,reconcile_record,0.827
L000907,0.01021424083710088,0.0032276519283688638,0.0010929214317340224,0.7401621125195721,prepaid,0.9796,none,0.7746,0.2259,prepaid_positive_balance; status_source_conflict,prepaid_positive_balance; status_source_conflict,reconcile_record,0.828
L000907,0.010088274245670548,0.002798007890300696,0.0011951874015651094,0.7401621125195721,prepaid,0.9797,none,0.7746,0.2259,prepaid_positive_balance; status_source_conflict,prepaid_positive_balance; status_source_conflict,reconcile_record,0.828
L000907,0.00894753903375229,0.0029375319128316993,0.0012292245298301436,0.7896582283737518,prepaid,0.981,none,0.7689,0.2259,prepaid_positive_balance; status_source_conflict,prepaid_positive_balance; status_source_conflict,reconcile_record,0.846
L000908,0.009342670140539458,0.006717857652647417,0.002151223145722474,0.08535331214626891,current,0.6697,missing_docs,0.8714,0.7879,outlier_remaining_term_months; outlier_paydown_rate; status_source_conflict,outlier_remaining_term_months; outlier_paydown_rate; status_source_conflict,escalate_human_review,0.876
L000909,0.04860452822585178,0.026515723703967597,0.0047996844384694546,0.12612938876502722,current,0.7774,none,0.8821,0.2139,outlier_remaining_term_months; status_source_conflict,outlier_remaining_term_months; status_source_conflict,reconcile_record,0.864
L000909,0.03427378454838071,0.02845717781657464,0.009295410549968032,0.10430560598123186,current,0.7045,none,0.8637,0.2139,outlier_remaining_term_months; status_source_conflict,outlier_remaining_term_months; status_source_conflict,reconcile_record,0.874
L000909,0.030275604282642792,0.024906931810385235,0.006667011855972355,0.12599875536661745,current,0.7164,none,0.8299,0.2139,outlier_remaining_term_months; status_source_conflict,outlier_remaining_term_months; status_source_conflict,reconcile_record,0.87
L000910,0.08369384107797462,0.16185326390598687,0.004615632670587153,0.014120220351285226,current,0.7079,none,0.7185,0.2139,outlier_remaining_term_months; status_source_conflict,outlier_remaining_term_months; status_source_conflict,reconcile_record,0.844
L000910,0.11580703581985925,0.21282620368314098,0.004455113400006244,0.015281619142464222,current,0.6839,none,0.7144,0.2139,outlier_remaining_term_months; status_source_conflict,outlier_remaining_term_months; status_source_conflict,reconcile_record,0.814
L000911,0.08849869146671323,0.08633263477443752,0.005990028723564129,0.0503344040542239,current,0.6325,none,0.6385,0.2139,outlier_remaining_term_months; status_source_conflict,outlier_remaining_term_months; status_source_conflict,reconcile_record,0.855
L000911,0.08407397544148909,0.10399975493753466,0.009527883710332018,0.07177571179239388,current,0.7015,none,0.7347,0.2379,future_update; outlier_remaining_term_months; status_source_conflict,future_update; outlier_remaining_term_months; status_source_conflict,reconcile_record,0.818
L000911,0.07667135358648995,0.0675126151036017,0.005339207516339611,0.1389240500585073,current,0.6986,none,0.7513,0.7999,dpd_status_break; outlier_remaining_term_months; status_source_conflict,dpd_status_break; outlier_remaining_term_months; status_source_conflict,escalate_human_review,0.799
L000911,0.06651143711837082,0.07491740589649466,0.0032943891966384087,0.06278650151673972,current,0.7036,none,0.7154,0.2139,outlier_remaining_term_months; status_source_conflict,outlier_remaining_term_months; status_source_conflict,reconcile_record,0.863
L000912,0.03184695542208669,0.023243974463284606,0.00607056333992094,0.038674090643935614,current,0.6919,missing_docs,0.8166,0.1149,status_source_conflict,status_source_conflict,reconcile_record,0.925
L000912,0.02955512161798465,0.014298267474799106,0.0024684432953325642,0.06525614219649203,current,0.7617,none,0.6298,0.1149,status_source_conflict,status_source_conflict,reconcile_record,0.921
L000912,0.040867089699725904,0.021827875493597906,0.007708581820479732,0.03713931771789392,current,0.7179,none,0.6332,0.6649,status_source_conflict,status_source_conflict,reconcile_record,0.922
L000913,0.012045223777952557,0.004076532966709558,0.0004712496338562721,0.8872590344442446,prepaid,0.7656,none,0.7851,0.2499,prepaid_positive_balance; outlier_paydown_rate; status_source_conflict,prepaid_positive_balance; outlier_paydown_rate; status_source_conflict,reconcile_record,0.855
L000913,0.015376513472835036,0.004241552371162343,0.00036232327523719876,0.8602722289439052,prepaid,0.9006,none,0.8362,0.2259,prepaid_positive_balance; status_source_conflict,prepaid_positive_balance; status_source_conflict,reconcile_record,0.868
L000914,0.028740302149100002,0.021917929147301035,0.01380683539764113,0.28401044254479485,current,0.7158,none,0.6689,0.7639,outlier_remaining_term_months; status_source_conflict,outlier_remaining_term_months; status_source_conflict,escalate_human_review,0.814
L000914,0.03587121884624809,0.02974342588919061,0.01149019624553771,0.40000106630468496,current,0.7438,none,0.6726,0.7639,outlier_remaining_term_months; status_source_conflict,outlier_remaining_term_months; status_source_conflict,escalate_human_review,0.769
L000914,0.04266533882977679,0.05273433257770748,0.013404156364455166,0.43621780577460706,current,0.7276,none,0.6593,0.7639,outlier_remaining_term_months; status_source_conflict,outlier_remaining_term_months; status_source_conflict,escalate_human_review,0.745
L000914,0.040434916712087966,0.03931767340227685,0.019241172775545958,0.42235507139218553,current,0.6945,none,0.6872,0.7639,outlier_remaining_term_months; status_source_conflict,outlier_remaining_term_months; status_source_conflict,escalate_human_review,0.753
L000915,0.1378038590773146,0.10544524053246306,0.01139493483893877,0.004529073873120136,current,0.5227,none,0.6978,0.7999,dpd_status_break; outlier_remaining_term_months; status_source_conflict,dpd_status_break; outlier_remaining_term_months; status_source_conflict,escalate_human_review,0.809
L000915,0.044660077055190185,0.03439667843488214,0.006748244634055414,0.003335862423180488,current,0.6428,none,0.7108,0.7639,outlier_remaining_term_months; status_source_conflict,outlier_remaining_term_months; status_source_conflict,escalate_human_review,0.905
L000915,0.11366210018533422,0.09788831944360109,0.008215427273000538,0.004576260561579601,current,0.6397,none,0.6799,0.7639,outlier_remaining_term_months; status_source_conflict,outlier_remaining_term_months; status_source_conflict,escalate_human_review,0.858
L000916,0.09573289599768865,0.10076364133506872,0.009702038521798198,0.001971145525670535,current,0.6205,none,0.702,0.7879,outlier_remaining_term_months; outlier_paydown_rate; status_source_conflict,outlier_remaining_term_months; outlier_paydown_rate; status_source_conflict,escalate_human_review,0.839
L000916,0.09514265479644764,0.0577036697400101,0.007184040414465674,0.009702888064213789,current,0.6545,none,0.7118,0.7639,outlier_remaining_term_months; status_source_conflict,outlier_remaining_term_months; status_source_conflict,escalate_human_review,0.877
L000917,0.045400432245620015,0.07923865017991999,0.07627840533864026,0.017019624930100712,current,0.707,none,0.7188,0.7879,outlier_remaining_term_months; outlier_paydown_rate; status_source_conflict,outlier_remaining_term_months; outlier_paydown_rate; status_source_conflict,escalate_human_review,0.836
L000918,0.045970141239105845,0.06835326929294458,0.0022994435454566898,0.05876212688019535,current,0.7569,source_conflict,0.567,0.2199,balance_source_conflict; status_source_conflict,balance_source_conflict; status_source_conflict,reconcile_record,0.868
L000918,0.058702323319446435,0.0645665296112884,0.0024448972750017624,0.0252043597381409,current,0.6796,source_conflict,0.4997,0.1149,balance_source_conflict,balance_source_conflict,reconcile_record,0.908
L000919,0.06511141959012554,0.05775320023791745,0.00544630569884239,0.026000399857745105,current,0.6888,none,0.82,0.8089,dpd_impossible; outlier_remaining_term_months; status_source_conflict,dpd_impossible; outlier_remaining_term_months; status_source_conflict,escalate_human_review,0.837
L000919,0.053618717437688916,0.06803262242716364,0.003605473001328409,0.02441862131446823,current,0.6568,none,0.7846,0.7639,outlier_remaining_term_months; status_source_conflict,outlier_remaining_term_months; status_source_conflict,escalate_human_review,0.884
L000919,0.06266330988837143,0.057093254791375246,0.0031770611906693363,0.0217370473911562,current,0.6758,none,0.7722,0.7639,outlier_remaining_term_months; status_source_conflict,outlier_remaining_term_months; status_source_conflict,escalate_human_review,0.886
L000919,0.0714995567292064,0.09883721839185734,0.00456846708385122,0.06029784229635023,90_dpd,0.5012,none,0.5952,0.7639,outlier_remaining_term_months; status_source_conflict,outlier_remaining_term_months; status_source_conflict,escalate_human_review,0.853
L000921,0.02842215084811919,0.02023854129436953,0.003963026255865938,0.004951570686100481,current,0.7856,none,0.8176,0.2139,outlier_remaining_term_months; status_source_conflict,outlier_remaining_term_months; status_source_conflict,reconcile_record,0.916
L000921,0.028855214802160398,0.03175995618647813,0.005384102871277749,0.00391831259282003,current,0.6363,none,0.6095,0.7639,outlier_remaining_term_months; status_source_conflict,outlier_remaining_term_months; status_source_conflict,escalate_human_review,0.912
L000922,0.08798272056172435,0.03324827884462814,0.000725423221947657,0.018829522165123857,current,0.6605,none,0.6269,0.7639,outlier_remaining_term_months; status_source_conflict,outlier_remaining_term_months; status_source_conflict,escalate_human_review,0.887
L000922,0.10910660334240714,0.031241589983218788,0.0009098463300640239,0.023322045341922965,current,0.6527,none,0.5947,0.7639,outlier_remaining_term_months; status_source_conflict,outlier_remaining_term_months; status_source_conflict,escalate_human_review,0.879
L000922,0.08780633339021564,0.030026349077226278,0.0009984211806926282,0.0494808232980214,current,0.6344,none,0.6203,0.7639,outlier_remaining_term_months; status_source_conflict,outlier_remaining_term_months; status_source_conflict,escalate_human_review,0.877
L000922,0.09953724723825548,0.02818832520003532,0.0009456045028260815,0.04856688077002111,current,0.6431,none,0.6145,0.7639,outlier_remaining_term_months; status_source_conflict,outlier_remaining_term_months; status_source_conflict,escalate_human_review,0.874
L000923,0.007567125877331535,0.0026102852045411726,0.0005375768089343207,0.7937884908950612,prepaid,0.9446,none,0.8743,0.2259,prepaid_positive_balance; status_source_conflict,prepaid_positive_balance; status_source_conflict,reconcile_record,0.848
L000923,0.007375804380114666,0.0024959426765426623,0.0005121747591953243,0.8341241381087716,prepaid,0.9402,none,0.88,0.2259,prepaid_positive_balance; status_source_conflict,prepaid_positive_balance; status_source_conflict,reconcile_record,0.862
L000923,0.007375804380114666,0.0024959426765426623,0.0005121747591953243,0.8341241381087716,prepaid,0.9402,none,0.88,0.2259,prepaid_positive_balance; status_source_conflict,prepaid_positive_balance; status_source_conflict,reconcile_record,0.862
L000923,0.00796521813617057,0.0021981605027944218,0.0005137228410327713,0.8072278716019877,prepaid,0.9279,none,0.8763,0.7759,prepaid_positive_balance; status_source_conflict,prepaid_positive_balance; status_source_conflict,escalate_human_review,0.853
L000924,0.039550825226377644,0.04129067649486898,0.003321628033116914,0.2836206158150898,current,0.448,none,0.639,0.2619,balance_exceeds_original; outlier_remaining_term_months; outlier_paydown_rate,balance_exceeds_original; outlier_remaining_term_months; outlier_paydown_rate,reconcile_record,0.759
L000924,0.014706188755127745,0.003763740230146001,0.0008806122838750555,0.49286305026189675,prepaid,0.7118,none,0.7308,0.2739,prepaid_positive_balance; outlier_remaining_term_months; outlier_paydown_rate,prepaid_positive_balance; outlier_remaining_term_months; outlier_paydown_rate,reconcile_record,0.697
L000924,0.010692262466154609,0.003920046274721172,0.0006040013772247514,0.4777305778901823,prepaid,0.8531,none,0.6644,0.2499,prepaid_positive_balance; outlier_remaining_term_months; status_source_conflict,prepaid_positive_balance; outlier_remaining_term_months; status_source_conflict,reconcile_record,0.728
L000924,0.010586713753323658,0.003056286825611317,0.0005762838544257743,0.47293693121688735,prepaid,0.8536,none,0.6514,0.2499,prepaid_positive_balance; outlier_remaining_term_months; status_source_conflict,prepaid_positive_balance; outlier_remaining_term_months; status_source_conflict,reconcile_record,0.729
L000925,0.008574481525314077,0.0022795231731253716,0.000824834244568697,0.915837401928993,prepaid,0.9685,none,0.6395,0.2499,prepaid_positive_balance; outlier_remaining_term_months; status_source_conflict,prepaid_positive_balance; outlier_remaining_term_months; status_source_conflict,reconcile_record,0.866
L000925,0.007745596598787823,0.0019789929324902796,0.0007081331488906343,0.9175675863006448,prepaid,0.9494,none,0.6055,0.2499,prepaid_positive_balance; outlier_remaining_term_months; status_source_conflict,prepaid_positive_balance; outlier_remaining_term_months; status_source_conflict,reconcile_record,0.868
L000925,0.007479273347339242,0.001389782990781285,0.0007071411994198793,0.9120110800845126,prepaid,0.9538,none,0.6678,0.2499,prepaid_positive_balance; outlier_remaining_term_months; status_source_conflict,prepaid_positive_balance; outlier_remaining_term_months; status_source_conflict,reconcile_record,0.866
L000926,0.047873523988251176,0.06929336860326098,0.01681524960115485,0.02871834570291891,current,0.7504,none,0.512,0.6649,balance_source_conflict,balance_source_conflict,reconcile_record,0.903
L000926,0.0756759553977339,0.08690553025972575,0.021123532079801444,0.004284151050004954,current,0.7254,none,0.4994,0.1149,balance_source_conflict,balance_source_conflict,reconcile_record,0.894
L000926,0.0840685694816506,0.09029580237091422,0.01952243239821802,0.0042935275546930685,current,0.5602,none,0.5084,0.2199,balance_source_conflict; status_source_conflict,balance_source_conflict; status_source_conflict,reconcile_record,0.861
L000927,0.010757459499544765,0.004827011106949911,0.0007496262128286105,0.5067658734006489,prepaid,0.9841,none,0.853,0.2259,prepaid_positive_balance; status_source_conflict,prepaid_positive_balance; status_source_conflict,reconcile_record,0.746
L000927,0.01106125549126605,0.004639354001432811,0.0008294234727990352,0.5066058505029075,prepaid,0.9932,none,0.846,0.2259,prepaid_positive_balance; status_source_conflict,prepaid_positive_balance; status_source_conflict,reconcile_record,0.746
L000928,0.047771274010009336,0.07297171566054787,0.00987413891442457,0.0038437022060323514,current,0.651,none,0.7745,0.2139,outlier_remaining_term_months; status_source_conflict,outlier_remaining_term_months; status_source_conflict,reconcile_record,0.889
L000928,0.1015729408274787,0.09321919453286148,0.012931232059855658,0.007256140499546151,current,0.3575,none,0.7408,0.7999,dpd_status_break; outlier_remaining_term_months; status_source_conflict,dpd_status_break; outlier_remaining_term_months; status_source_conflict,escalate_human_review,0.825
L000928,0.12074228113871562,0.0728977454230226,0.016405270724466386,0.003424828985703357,90_dpd,0.6016,none,0.725,0.7639,outlier_remaining_term_months; status_source_conflict,outlier_remaining_term_months; status_source_conflict,escalate_human_review,0.861
L000929,0.00893684378492647,0.003674462377221833,0.0010360684756739902,0.39509441458725675,prepaid,0.9683,none,0.8054,0.2499,prepaid_positive_balance; outlier_remaining_term_months; status_source_conflict,prepaid_positive_balance; outlier_remaining_term_months; status_source_conflict,reconcile_record,0.757
L000929,0.009684814466463727,0.003727077728215462,0.0008560740130228922,0.42596508633068897,prepaid,0.9682,none,0.8068,0.2499,prepaid_positive_balance; outlier_remaining_term_months; status_source_conflict,prepaid_positive_balance; outlier_remaining_term_months; status_source_conflict,reconcile_record,0.746
L000930,0.008164909253899035,0.0022296154554760227,0.0014279082698526837,0.43426406213570945,prepaid,0.9703,none,0.727,0.2259,prepaid_positive_balance; status_source_conflict,prepaid_positive_balance; status_source_conflict,reconcile_record,0.768
L000930,0.008754402653499827,0.002498219212065653,0.0015299376172826088,0.421440368070358,prepaid,0.9711,none,0.711,0.2259,prepaid_positive_balance; status_source_conflict,prepaid_positive_balance; status_source_conflict,reconcile_record,0.772
L000930,0.008289660813197897,0.0021007076984408423,0.001673959803528153,0.3858586936972583,prepaid,0.961,none,0.6824,0.2286,missing_core; status_source_conflict,missing_core; status_source_conflict,reconcile_record,0.782
L000931,0.09413015935576208,0.29985319407612826,0.9360236651606622,0.006620195673824772,current,0.7165,none,0.6398,0.2139,outlier_paydown_rate; status_source_conflict,outlier_paydown_rate; status_source_conflict,reconcile_record,0.774
L000931,0.15601166894706067,0.39620444324248977,0.9344222471796253,0.006731965074676525,60_dpd,0.3486,none,0.6077,0.2139,outlier_paydown_rate; status_source_conflict,outlier_paydown_rate; status_source_conflict,reconcile_record,0.718
L000931,0.14812215681818863,0.2321894810316206,0.9000848088272547,0.0007943512433963622,default,0.9182,none,0.6285,0.6649,status_source_conflict,status_source_conflict,reconcile_record,0.791
L000932,0.0796561510370758,0.053122079183051334,0.15615666715205867,0.02445191584642437,current,0.7087,none,0.83,0.7639,outlier_remaining_term_months; status_source_conflict,outlier_remaining_term_months; status_source_conflict,escalate_human_review,0.826
L000932,0.09843138282908619,0.05508892039897456,0.10965526429928439,0.024973893551487672,current,0.7537,none,0.8092,0.7639,outlier_remaining_term_months; status_source_conflict,outlier_remaining_term_months; status_source_conflict,escalate_human_review,0.835
L000932,0.08285278666726538,0.05509553126462092,0.06342805800874976,0.03414533222016241,current,0.7499,none,0.8211,0.7639,outlier_remaining_term_months; status_source_conflict,outlier_remaining_term_months; status_source_conflict,escalate_human_review,0.853
L000933,0.00792070371582341,0.004314782192043009,0.0009815848237665252,0.7646663284425856,prepaid,0.9786,none,0.7291,0.2259,prepaid_positive_balance; status_source_conflict,prepaid_positive_balance; status_source_conflict,reconcile_record,0.837
L000933,0.00827182679754341,0.0035706003975289786,0.0009843444566103997,0.7399040760344374,prepaid,0.9592,none,0.5915,0.2259,prepaid_positive_balance; status_source_conflict,prepaid_positive_balance; status_source_conflict,reconcile_record,0.829
L000933,0.009424225392447323,0.003803620491413979,0.0010760159672886934,0.712521984422343,prepaid,0.9851,none,0.7196,0.2259,prepaid_positive_balance; status_source_conflict,prepaid_positive_balance; status_source_conflict,reconcile_record,0.818
L000933,0.0077519387943327245,0.003724330661196144,0.0009818473830948279,0.7646663284425856,prepaid,0.9741,none,0.7211,0.7759,prepaid_positive_balance; status_source_conflict,prepaid_positive_balance; status_source_conflict,escalate_human_review,0.837
L000934,0.035370766816931055,0.052518962366014006,0.00629133606651451,0.003279597234056093,current,0.734,none,0.8491,0.2139,outlier_remaining_term_months; status_source_conflict,outlier_remaining_term_months; status_source_conflict,reconcile_record,0.902
L000934,0.023863286963987814,0.049569207589040966,0.0038588655242091843,0.0034109396497798163,current,0.7286,none,0.8534,0.2139,outlier_remaining_term_months; status_source_conflict,outlier_remaining_term_months; status_source_conflict,reconcile_record,0.908
L000934,0.023421143483448426,0.062043767546436424,0.004697007358770419,0.004198820606100715,current,0.7311,none,0.8415,0.2139,outlier_remaining_term_months; status_source_conflict,outlier_remaining_term_months; status_source_conflict,reconcile_record,0.903
L000934,0.02155734169989421,0.05808468243615882,0.00508868763619563,0.003900075302119821,current,0.7296,none,0.8317,0.2139,outlier_remaining_term_months; status_source_conflict,outlier_remaining_term_months; status_source_conflict,reconcile_record,0.905
L000934,0.021845104761292058,0.0604760479806567,0.0031080847061008693,0.003907338189119366,current,0.7289,none,0.841,0.2139,outlier_remaining_term_months; status_source_conflict,outlier_remaining_term_months; status_source_conflict,reconcile_record,0.905
L000934,0.022263664659385975,0.06710139288002182,0.0044389512858212105,0.004370503942350015,current,0.7022,none,0.8118,0.2139,outlier_remaining_term_months; status_source_conflict,outlier_remaining_term_months; status_source_conflict,reconcile_record,0.902
L000935,0.2935804684121494,0.5775394626676388,0.01998511923278382,0.023520877081352292,current,0.5543,none,0.7498,0.7639,outlier_remaining_term_months; status_source_conflict,outlier_remaining_term_months; status_source_conflict,escalate_human_review,0.67
L000935,0.2683425623864937,0.5449186246563409,0.023683711737265578,0.026539728853037615,current,0.5449,none,0.7159,0.2139,outlier_remaining_term_months; status_source_conflict,outlier_remaining_term_months; status_source_conflict,reconcile_record,0.665
L000935,0.14956228026806964,0.4193508896714717,0.013939479087758692,0.02449894281270523,current,0.5998,none,0.7254,0.2139,outlier_remaining_term_months; status_source_conflict,outlier_remaining_term_months; status_source_conflict,reconcile_record,0.723
L000936,0.04350113500464306,0.02365052066922484,0.0005833989978514311,0.4090494907571423,current,0.7872,none,0.7555,0.1149,status_source_conflict,status_source_conflict,reconcile_record,0.794
L000936,0.04475735476371631,0.01903397476283991,0.00036789458637718,0.48149089032263026,current,0.8087,none,0.768,0.1149,status_source_conflict,status_source_conflict,reconcile_record,0.769
L000936,0.05228719103500171,0.01928630136345465,0.00035452650779012465,0.48197873718213663,current,0.6576,missing_docs,0.922,0.1149,status_source_conflict,status_source_conflict,reconcile_record,0.766
L000937,0.3000645983489064,0.5169852274768826,0.8295923253005612,0.001324058123034399,default,0.9257,missing_docs,0.7875,0.6649,status_source_conflict,status_source_conflict,reconcile_record,0.626
L000937,0.3058686875993921,0.5419717562054477,0.8306601502211998,0.0013252212834076102,default,0.938,none,0.7109,0.6649,status_source_conflict,status_source_conflict,reconcile_record,0.633
L000937,0.3177827362944157,0.4578278666601569,0.8245211711230285,0.0015927651396968007,default,0.9383,none,0.7145,0.6649,status_source_conflict,status_source_conflict,reconcile_record,0.627
L000938,0.13583388336843594,0.4591991168153029,0.949076091251567,0.000774056182654877,default,0.9454,source_conflict,0.5318,0.7639,outlier_remaining_term_months; balance_source_conflict,outlier_remaining_term_months; balance_source_conflict,escalate_human_review,0.71
L000938,0.16657799063793233,0.5103763183624667,0.9541282418202236,0.0009147729403134989,default,0.9454,source_conflict,0.5402,0.7639,outlier_remaining_term_months; balance_source_conflict,outlier_remaining_term_months; balance_source_conflict,escalate_human_review,0.69
L000938,0.15216979205601666,0.5026869159296438,0.9541282418202236,0.0008835907440185234,default,0.9453,source_conflict,0.5402,0.7639,outlier_remaining_term_months; balance_source_conflict,outlier_remaining_term_months; balance_source_conflict,escalate_human_review,0.692
L000938,0.13912816884511733,0.4972052057313922,0.9574315454040359,0.0008043453108807771,default,0.9452,source_conflict,0.548,0.7639,outlier_remaining_term_months; balance_source_conflict,outlier_remaining_term_months; balance_source_conflict,escalate_human_review,0.698
L000941,0.05181140960231453,0.04214965272652647,0.0032946260231567943,0.5024199372858561,current,0.7146,none,0.6741,0.1149,status_source_conflict,status_source_conflict,reconcile_record,0.752
L000941,0.0377566634590723,0.0406342681739477,0.002939778552925931,0.41897982245532245,current,0.77,none,0.7957,0.1149,status_source_conflict,status_source_conflict,reconcile_record,0.785
L000941,0.045272857674363544,0.04055117829380812,0.004661483313533824,0.5051091992161264,current,0.7486,none,0.7429,0.1149,status_source_conflict,status_source_conflict,reconcile_record,0.755
L000941,0.04205745089092317,0.037811139816260796,0.004932213862504077,0.5741861424764738,current,0.7073,none,0.7527,0.1149,status_source_conflict,status_source_conflict,reconcile_record,0.782
L000941,0.05209814169117449,0.03717556193849364,0.004888610406261137,0.561033882319883,current,0.7334,none,0.7604,0.1149,status_source_conflict,status_source_conflict,reconcile_record,0.773
L000942,0.2277603917378563,0.43739759850708504,0.02985905379245546,0.011034707459586896,current,0.4425,none,0.4913,0.7639,outlier_remaining_term_months; status_source_conflict,outlier_remaining_term_months; status_source_conflict,escalate_human_review,0.689
L000942,0.24526601339158863,0.45831285868241206,0.03559271050536692,0.006904721940540232,current,0.3038,none,0.5572,0.7999,dpd_status_break; outlier_remaining_term_months; status_source_conflict,dpd_status_break; outlier_remaining_term_months; status_source_conflict,escalate_human_review,0.639
L000942,0.17904788983134956,0.3738600652334079,0.020063999881360456,0.009222026287387828,current,0.4417,none,0.5784,0.7639,outlier_remaining_term_months; status_source_conflict,outlier_remaining_term_months; status_source_conflict,escalate_human_review,0.732
L000942,0.20354537279646925,0.4200536067067093,0.01988467896822926,0.008467824899680957,current,0.5079,missing_docs,0.796,0.7639,outlier_remaining_term_months; status_source_conflict,outlier_remaining_term_months; status_source_conflict,escalate_human_review,0.708
L000943,0.015806983755509766,0.012417652798367124,0.0005438606581897554,0.09345800286145826,current,0.7894,none,0.7353,0.1149,status_source_conflict,status_source_conflict,reconcile_record,0.917
L000943,0.010421428462445226,0.010254211722730104,0.00047236509106588783,0.08898465273789986,current,0.7926,none,0.7221,0.1149,status_source_conflict,status_source_conflict,reconcile_record,0.922
L000944,0.016591705815492262,0.023798099766883723,0.0031263754059021654,0.07888617118536115,current,0.778,none,0.7348,0.2139,outlier_paydown_rate; status_source_conflict,outlier_paydown_rate; status_source_conflict,reconcile_record,0.893
L000944,0.024260606924224715,0.014687518309518343,0.002527471638141312,0.10771444198918652,current,0.8344,none,0.718,0.1149,status_source_conflict,status_source_conflict,reconcile_record,0.908
L000944,0.026942835804176918,0.01858556500023206,0.0026501946081963416,0.0833776950127249,current,0.806,none,0.7226,0.1149,status_source_conflict,status_source_conflict,reconcile_record,0.914
L000944,0.02594251803370945,0.021829236904255856,0.0024918945958662493,0.08517669424596401,current,0.8065,none,0.7187,0.1149,status_source_conflict,status_source_conflict,reconcile_record,0.912
L000945,0.027868984684754003,0.01851168833995753,0.002131814937074988,0.1127677371161886,current,0.762,none,0.7816,0.1149,status_source_conflict,status_source_conflict,reconcile_record,0.903
L000945,0.025676622465345134,0.021586339517007502,0.0026195455417507723,0.08397224388632236,current,0.7395,none,0.7545,0.1149,status_source_conflict,status_source_conflict,reconcile_record,0.913
L000945,0.022842762415623757,0.018444757183628646,0.002854913182375535,0.09992975841196083,current,0.7486,none,0.7583,0.1149,status_source_conflict,status_source_conflict,reconcile_record,0.91
L000946,0.010472977761533192,0.0018997674667679057,0.0016087231921108136,0.922803195531825,prepaid,0.6781,source_conflict,0.5601,0.3039,prepaid_positive_balance; outlier_remaining_term_months; outlier_paydown_rate,prepaid_positive_balance; outlier_remaining_term_months; outlier_paydown_rate,reconcile_record,0.814
L000947,0.006708727816207928,0.0018304786962323055,0.0003314117275282061,0.9289890288834735,prepaid,0.9806,none,0.8016,0.2259,prepaid_positive_balance; status_source_conflict,prepaid_positive_balance; status_source_conflict,reconcile_record,0.896
L000947,0.0075250430936668914,0.0021377313329615927,0.0003354820918231695,0.932889409298754,prepaid,0.9835,none,0.793,0.2259,prepaid_positive_balance; status_source_conflict,prepaid_positive_balance; status_source_conflict,reconcile_record,0.897
L000947,0.0073220645623459715,0.0019986462006077858,0.0003353871114798533,0.9296513012104626,prepaid,0.9806,none,0.8016,0.2259,prepaid_positive_balance; status_source_conflict,prepaid_positive_balance; status_source_conflict,reconcile_record,0.896
L000948,0.006575733017241421,0.0032352326012819645,0.0005582333134758688,0.6624016636112086,prepaid,0.9783,none,0.7929,0.2499,prepaid_positive_balance; outlier_remaining_term_months; status_source_conflict,prepaid_positive_balance; outlier_remaining_term_months; status_source_conflict,reconcile_record,0.778
L000948,0.006790844501716786,0.003734974203753561,0.0006051743063479997,0.4911713968207752,prepaid,0.9728,missing_docs,0.8111,0.2499,prepaid_positive_balance; outlier_remaining_term_months; status_source_conflict,prepaid_positive_balance; outlier_remaining_term_months; status_source_conflict,reconcile_record,0.724
L000948,0.006148636555758951,0.002608432513394427,0.0005715881318292957,0.6720849464581916,prepaid,0.9788,none,0.7804,0.2499,prepaid_positive_balance; outlier_remaining_term_months; status_source_conflict,prepaid_positive_balance; outlier_remaining_term_months; status_source_conflict,reconcile_record,0.782
L000949,0.04907076675099764,0.05884501332693944,0.0005953665672356428,0.009510169853047687,current,0.8102,none,0.8105,0.1149,status_source_conflict,status_source_conflict,reconcile_record,0.919
L000949,0.0565535384026904,0.06591569017709942,0.000838398508823121,0.007447245236045726,current,0.7614,missing_docs,0.8808,0.1149,status_source_conflict,status_source_conflict,reconcile_record,0.915
L000949,0.04562416565288393,0.06317574729781301,0.0007589268416611407,0.00746832881081206,current,0.802,none,0.8175,0.1149,status_source_conflict,status_source_conflict,reconcile_record,0.919
L000950,0.008078503077487857,0.003847574948368342,0.0019023202719765898,0.791182107632472,prepaid,0.9703,none,0.6732,0.2259,prepaid_positive_balance; status_source_conflict,prepaid_positive_balance; status_source_conflict,reconcile_record,0.846
L000950,0.006753097026183995,0.003888948887615089,0.0019080246381617241,0.8363209450994571,prepaid,0.9832,none,0.7542,0.2259,prepaid_positive_balance; status_source_conflict,prepaid_positive_balance; status_source_conflict,reconcile_record,0.862
L000950,0.0073968196297748605,0.00369717658987153,0.0019080773614256084,0.8498515096066335,prepaid,0.9814,none,0.7535,0.2259,prepaid_positive_balance; status_source_conflict,prepaid_positive_balance; status_source_conflict,reconcile_record,0.867
L000950,0.007245514924501442,0.0030978852890573556,0.0019080773614256084,0.8498515096066335,prepaid,0.9814,none,0.7496,0.2259,prepaid_positive_balance; status_source_conflict,prepaid_positive_balance; status_source_conflict,reconcile_record,0.867
L000950,0.006637923757630951,0.003252485998088127,0.0019080246381617241,0.8363209450994571,prepaid,0.9832,none,0.7377,0.2259,prepaid_positive_balance; status_source_conflict,prepaid_positive_balance; status_source_conflict,reconcile_record,0.862
L000950,0.007641974462057656,0.0033241146488869823,0.0019046720812000496,0.8363209450994571,prepaid,0.9832,none,0.7434,0.2259,prepaid_positive_balance; status_source_conflict,prepaid_positive_balance; status_source_conflict,reconcile_record,0.862
L000954,0.008986320125455692,0.003153365656795032,0.000773412485974964,0.43698265311767015,prepaid,0.9886,none,0.7989,0.2259,prepaid_positive_balance; status_source_conflict,prepaid_positive_balance; status_source_conflict,reconcile_record,0.767
L000954,0.007125051950926478,0.0024824712211017085,0.000898321357313284,0.5191857929216962,prepaid,0.9891,none,0.8059,0.2259,prepaid_positive_balance; status_source_conflict,prepaid_positive_balance; status_source_conflict,reconcile_record,0.752
L000954,0.008988065607444274,0.002880118047275101,0.0007557519723612758,0.4902968731434174,prepaid,0.9892,none,0.7946,0.2259,prepaid_positive_balance; status_source_conflict,prepaid_positive_balance; status_source_conflict,reconcile_record,0.748
L000954,0.008631064707547924,0.0022912825593621867,0.0007397476106758743,0.4658449730629585,prepaid,0.9746,none,0.6838,0.2259,prepaid_positive_balance; status_source_conflict,prepaid_positive_balance; status_source_conflict,reconcile_record,0.757
L000955,0.026551846214673824,0.014539982863715833,0.002818766016636156,0.3282257238544074,current,0.7393,none,0.8242,0.2139,outlier_remaining_term_months; status_source_conflict,outlier_remaining_term_months; status_source_conflict,reconcile_record,0.806
L000955,0.02501072539373958,0.01896007324230782,0.0024376453168398183,0.3314943689197206,current,0.7425,none,0.8311,0.2139,outlier_remaining_term_months; status_source_conflict,outlier_remaining_term_months; status_source_conflict,reconcile_record,0.804
L000955,0.025571326433080462,0.023588923487220984,0.0022380530344027726,0.3445589402300068,current,0.746,none,0.8241,0.2139,outlier_remaining_term_months; status_source_conflict,outlier_remaining_term_months; status_source_conflict,reconcile_record,0.798
L000956,0.016023762245005013,0.00876108451215797,0.0007944493878042908,0.09940989032666571,current,0.633,none,0.7248,0.8089,dpd_impossible; outlier_remaining_term_months; status_source_conflict,dpd_impossible; outlier_remaining_term_months; status_source_conflict,escalate_human_review,0.848
L000956,0.02572799439894503,0.010953812524071927,0.0009303859379636916,0.10871666231743561,current,0.5985,none,0.7203,0.7639,outlier_remaining_term_months; status_source_conflict,outlier_remaining_term_months; status_source_conflict,escalate_human_review,0.885
L000956,0.02409055241266637,0.008282207497511589,0.0008412077202503882,0.06410954373573424,current,0.6382,none,0.7046,0.7639,outlier_remaining_term_months; status_source_conflict,outlier_remaining_term_months; status_source_conflict,escalate_human_review,0.902
L000958,0.16565875409684494,0.22795308482735543,0.002831732165253717,0.07934290949307925,current,0.6559,none,0.6381,0.1149,status_source_conflict,status_source_conflict,reconcile_record,0.794
L000958,0.13331502966508998,0.1721195154764594,0.0027979630955055224,0.07966998865256138,current,0.6367,none,0.6586,0.1149,status_source_conflict,status_source_conflict,reconcile_record,0.824
L000958,0.1308092100966397,0.19099169571889496,0.002121203434134768,0.06978747241905331,current,0.612,none,0.6374,0.1149,status_source_conflict,status_source_conflict,reconcile_record,0.822
L000958,0.1009328001843034,0.23912629274895777,0.002121534064650893,0.06724768567177274,current,0.6291,none,0.6389,0.1149,status_source_conflict,status_source_conflict,reconcile_record,0.817
L000959,0.03530283616008987,0.0480791946318504,0.5663280626340315,0.24683520279076107,current,0.7833,none,0.7696,0.2139,outlier_remaining_term_months; status_source_conflict,outlier_remaining_term_months; status_source_conflict,reconcile_record,0.669
L000959,0.16019244006536204,0.055986723298729106,0.8843442371929083,0.32348001922711767,60_dpd,0.5126,none,0.7546,0.7639,outlier_remaining_term_months; status_source_conflict,outlier_remaining_term_months; status_source_conflict,escalate_human_review,0.706
L000959,0.09182134351016413,0.04017592173020152,0.7981281499957951,0.005431049962283745,default,0.8129,none,0.676,0.7639,outlier_remaining_term_months; status_source_conflict,outlier_remaining_term_months; status_source_conflict,escalate_human_review,0.817
L000960,0.11168338961305663,0.169940536369961,0.016432030201968616,0.012455505033293665,current,0.5951,none,0.6028,0.7879,outlier_remaining_term_months; outlier_paydown_rate; status_source_conflict,outlier_remaining_term_months; outlier_paydown_rate; status_source_conflict,escalate_human_review,0.804
L000961,0.09001539615016234,0.19297586971447045,0.008306012033028727,0.03036117145746943,current,0.5442,none,0.5549,0.6649,status_source_conflict,status_source_conflict,reconcile_record,0.847
L000961,0.08152139566540313,0.19629463212068862,0.011734881046801851,0.04362026036098615,current,0.7936,none,0.5831,0.6649,status_source_conflict,status_source_conflict,reconcile_record,0.843
L000961,0.0802802649363993,0.17460232312682378,0.023067491747265644,0.05095563657001706,current,0.8053,none,0.5709,0.1149,status_source_conflict,status_source_conflict,reconcile_record,0.845
L000961,0.09068635758196349,0.16509855022084072,0.021978960061441854,0.056731780786312996,current,0.7818,none,0.5925,0.1149,status_source_conflict,status_source_conflict,reconcile_record,0.843
L000963,0.15844265002762203,0.28098555174626805,0.0030161331563387512,0.12393966159931824,current,0.7123,none,0.766,0.6649,status_source_conflict,status_source_conflict,reconcile_record,0.762
L000963,0.14149401313373453,0.30156232058350785,0.0027403042673980007,0.10632657354961234,current,0.7137,none,0.7891,0.1149,status_source_conflict,status_source_conflict,reconcile_record,0.767
L000963,0.1637613172756687,0.311798066792908,0.0030094284232891552,0.0910979532836315,current,0.6672,none,0.7666,0.1149,status_source_conflict,status_source_conflict,reconcile_record,0.761
L000963,0.14237533954535156,0.14047027991275177,0.0032897242743426206,0.11279411401963148,current,0.4804,none,0.6812,0.7759,dpd_status_break; status_source_conflict,dpd_status_break; status_source_conflict,escalate_human_review,0.785
L000963,0.05710330685193641,0.12309052066866415,0.002805328175866832,0.08668862731456024,current,0.6265,none,0.7193,0.1149,status_source_conflict,status_source_conflict,reconcile_record,0.866
L000964,0.16418370525965056,0.15866664038864212,0.7812606227044742,0.0003949518129777819,default,0.96,none,0.7016,0.6649,status_source_conflict,status_source_conflict,reconcile_record,0.77
L000964,0.20036186368511263,0.2184539396942439,0.803762458550573,0.000533503128510788,default,0.96,none,0.7156,0.6649,status_source_conflict,status_source_conflict,reconcile_record,0.744
L000964,0.19863526999184303,0.15709756814805378,0.7880624764142644,0.00033965349751528844,default,0.9554,none,0.6993,0.6649,status_source_conflict,status_source_conflict,reconcile_record,0.761
L000965,0.012554469202500695,0.003953738200248647,0.0011885966872962643,0.22495996806295007,prepaid,0.8124,source_conflict,0.5007,0.2799,prepaid_positive_balance; outlier_remaining_term_months; balance_source_conflict,prepaid_positive_balance; outlier_remaining_term_months; balance_source_conflict,reconcile_record,0.785
L000965,0.012071182007080211,0.003953738200248647,0.0011873809248545346,0.22495996806295007,prepaid,0.8124,source_conflict,0.5037,0.2799,prepaid_positive_balance; outlier_remaining_term_months; balance_source_conflict,prepaid_positive_balance; outlier_remaining_term_months; balance_source_conflict,reconcile_record,0.785
L000965,0.012666134569909974,0.00367200815166756,0.0010598675537443643,0.19786024342662556,prepaid,0.8046,source_conflict,0.4916,0.2799,prepaid_positive_balance; outlier_remaining_term_months; balance_source_conflict,prepaid_positive_balance; outlier_remaining_term_months; balance_source_conflict,reconcile_record,0.794
L000965,0.01300983328232746,0.0038872735597195985,0.001146247563761559,0.22061300767114891,prepaid,0.8104,source_conflict,0.4988,0.2799,prepaid_positive_balance; outlier_remaining_term_months; balance_source_conflict,prepaid_positive_balance; outlier_remaining_term_months; balance_source_conflict,reconcile_record,0.787
L000966,0.03585322382575026,0.03142554578105566,0.0017442308628983596,0.37446393705845615,current,0.7894,none,0.7624,0.6649,status_source_conflict,status_source_conflict,reconcile_record,0.805
L000966,0.04498809648729122,0.06487058574686637,0.001880247810983047,0.3725045207878868,current,0.755,none,0.7749,0.6649,status_source_conflict,status_source_conflict,reconcile_record,0.791
L000966,0.035743001971847314,0.039461920726792554,0.002003996320713928,0.34602825910792867,current,0.6823,none,0.6891,0.2139,outlier_paydown_rate; status_source_conflict,outlier_paydown_rate; status_source_conflict,reconcile_record,0.788
L000966,0.0506030842089075,0.03908303230369426,0.0031613865772472734,0.37091135911127404,current,0.5686,none,0.6201,0.2139,outlier_paydown_rate; status_source_conflict,outlier_paydown_rate; status_source_conflict,reconcile_record,0.774
L000966,0.041327151090999846,0.04507275959288625,0.0014487965365139477,0.41939712598366036,current,0.7182,none,0.7712,0.1149,status_source_conflict,status_source_conflict,reconcile_record,0.782
L000967,0.05174046566155047,0.046433790400242196,0.001166325911597826,0.017566577189920166,current,0.7556,none,0.7211,0.7639,outlier_paydown_rate; status_source_conflict,outlier_paydown_rate; status_source_conflict,escalate_human_review,0.895
L000967,0.0594411901962811,0.05327720690173271,0.0009044699307643642,0.02377329217769568,current,0.7775,none,0.7514,0.6649,status_source_conflict,status_source_conflict,reconcile_record,0.912
L000967,0.046203010847143344,0.05480885086028916,0.0008903847604748391,0.022238534842497392,current,0.7575,none,0.7711,0.1149,status_source_conflict,status_source_conflict,reconcile_record,0.917
L000968,0.010320682030962348,0.0026824478682861332,0.0006115086540098175,0.8154035691255658,prepaid,0.9363,none,0.5906,0.2799,prepaid_positive_balance; outlier_remaining_term_months; balance_source_conflict,prepaid_positive_balance; outlier_remaining_term_months; balance_source_conflict,reconcile_record,0.801
L000968,0.010375480575461322,0.00233303653280705,0.0006168030593212584,0.8629892574996475,prepaid,0.9501,none,0.6041,0.2799,prepaid_positive_balance; outlier_remaining_term_months; balance_source_conflict,prepaid_positive_balance; outlier_remaining_term_months; balance_source_conflict,reconcile_record,0.818
L000968,0.010375480575461322,0.00233303653280705,0.0006233929256457156,0.8629892574996475,prepaid,0.9506,none,0.6005,0.2799,prepaid_positive_balance; outlier_remaining_term_months; balance_source_conflict,prepaid_positive_balance; outlier_remaining_term_months; balance_source_conflict,reconcile_record,0.818
L000968,0.010375480575461322,0.00233303653280705,0.0006168030593212584,0.8629892574996475,prepaid,0.9501,none,0.6041,0.2799,prepaid_positive_balance; outlier_remaining_term_months; balance_source_conflict,prepaid_positive_balance; outlier_remaining_term_months; balance_source_conflict,reconcile_record,0.818
L000968,0.010320682030962348,0.0024110893452762663,0.0006208224115888851,0.8231637682809594,prepaid,0.9363,none,0.5914,0.8299,prepaid_positive_balance; outlier_remaining_term_months; balance_source_conflict,prepaid_positive_balance; outlier_remaining_term_months; balance_source_conflict,escalate_human_review,0.804
L000969,0.08841870654456413,0.04367819669869233,0.015728942190541044,0.007452879244684247,current,0.6718,none,0.8438,0.1149,status_source_conflict,status_source_conflict,reconcile_record,0.906
L000969,0.07268364975652829,0.061633269371339894,0.017533799412601647,0.015929118672543017,current,0.671,missing_docs,0.8511,0.1149,status_source_conflict,status_source_conflict,reconcile_record,0.901
L000969,0.0866515611504222,0.05424966365745304,0.019246821433333287,0.004911517877129248,current,0.7089,none,0.8539,0.1149,status_source_conflict,status_source_conflict,reconcile_record,0.902
L000969,0.08609725002476899,0.09839761949315042,0.02868928220821716,0.003849517260394862,current,0.6724,none,0.8509,0.1149,status_source_conflict,status_source_conflict,reconcile_record,0.884
L000970,0.18970081621594015,0.3844114698143298,0.8891634228301014,0.00011203559023160164,default,0.9735,none,0.682,0.6649,status_source_conflict,status_source_conflict,reconcile_record,0.72
L000970,0.2434299688995338,0.4331982426935291,0.8878236185558558,0.00016837143108789702,default,0.9735,none,0.7034,0.6649,status_source_conflict,status_source_conflict,reconcile_record,0.684
L000970,0.24029833203616255,0.43875975270083806,0.8852046548938652,0.00016816952364802728,default,0.9689,none,0.6987,0.6649,status_source_conflict,status_source_conflict,reconcile_record,0.682
L000971,0.0059452414983584756,0.0017887076403349607,0.0006967876917661763,0.37007394241951036,prepaid,0.9354,none,0.8435,0.2259,prepaid_positive_balance; status_source_conflict,prepaid_positive_balance; status_source_conflict,reconcile_record,0.792
L000971,0.006384779134500845,0.0019054372444296758,0.0006964032830173429,0.3619473351906839,prepaid,0.9354,none,0.8431,0.2259,prepaid_positive_balance; status_source_conflict,prepaid_positive_balance; status_source_conflict,reconcile_record,0.795
L000972,0.006564510661675671,0.0012690252373430385,0.001058035459213621,0.62273226795544,prepaid,0.9835,missing_docs,0.8319,0.7999,prepaid_positive_balance; outlier_remaining_term_months; status_source_conflict,prepaid_positive_balance; outlier_remaining_term_months; status_source_conflict,escalate_human_review,0.765
L000972,0.006564510661675671,0.001296079847023365,0.001057483307805339,0.6236184195298501,prepaid,0.9837,none,0.8437,0.7999,prepaid_positive_balance; outlier_remaining_term_months; status_source_conflict,prepaid_positive_balance; outlier_remaining_term_months; status_source_conflict,escalate_human_review,0.765
L000972,0.0070772253202177225,0.0020270916408710563,0.0006328496401021133,0.6070505810555744,prepaid,0.9843,none,0.8205,0.7999,prepaid_positive_balance; outlier_remaining_term_months; status_source_conflict,prepaid_positive_balance; outlier_remaining_term_months; status_source_conflict,escalate_human_review,0.759
L000972,0.0070772253202177225,0.0020270916408710563,0.0006326342424548006,0.6070505810555744,prepaid,0.9843,none,0.8241,0.7999,prepaid_positive_balance; outlier_remaining_term_months; status_source_conflict,prepaid_positive_balance; outlier_remaining_term_months; status_source_conflict,escalate_human_review,0.759
L000972,0.00701640599416981,0.001635118873582614,0.0006326342424548006,0.6070505810555744,prepaid,0.9843,none,0.828,0.7999,prepaid_positive_balance; outlier_remaining_term_months; status_source_conflict,prepaid_positive_balance; outlier_remaining_term_months; status_source_conflict,escalate_human_review,0.759
L000973,0.07161286042792256,0.04365097784645289,0.12548988672486028,0.5080904479862773,current,0.6775,missing_docs,0.8755,0.2139,outlier_remaining_term_months; status_source_conflict,outlier_remaining_term_months; status_source_conflict,reconcile_record,0.68
L000973,0.09285059660099966,0.0515242746401454,0.08048429990233336,0.2036128982243189,current,0.6647,none,0.7998,0.2139,outlier_remaining_term_months; status_source_conflict,outlier_remaining_term_months; status_source_conflict,reconcile_record,0.786
L000974,0.04938434016085159,0.06667687449470357,0.0019237119572640482,0.3345675568096073,current,0.7933,none,0.6555,0.1149,status_source_conflict,status_source_conflict,reconcile_record,0.802
L000974,0.029919049090130174,0.06228231350772998,0.0017405338199236262,0.39275697937940873,current,0.684,none,0.5547,0.1149,status_source_conflict,status_source_conflict,reconcile_record,0.79
L000975,0.20881212237712984,0.35576266179471655,0.01465281272318515,0.0021373330445972273,current,0.5401,source_conflict,0.679,0.2139,outlier_remaining_term_months; balance_source_conflict,outlier_remaining_term_months; balance_source_conflict,reconcile_record,0.732
L000975,0.16518722817638512,0.3133489372961464,0.012437083479358187,0.002276882742125528,current,0.5252,source_conflict,0.6651,0.2139,outlier_remaining_term_months; balance_source_conflict,outlier_remaining_term_months; balance_source_conflict,reconcile_record,0.763
L000975,0.14905551455271168,0.3133489372961464,0.011378459685351965,0.002285360763050922,current,0.5341,source_conflict,0.6694,0.2139,outlier_remaining_term_months; balance_source_conflict,outlier_remaining_term_months; balance_source_conflict,reconcile_record,0.77
L000975,0.09932841655036047,0.30214169072883806,0.013225750273398536,0.0024513085428077776,current,0.4953,source_conflict,0.6574,0.2139,outlier_remaining_term_months; balance_source_conflict,outlier_remaining_term_months; balance_source_conflict,reconcile_record,0.79
L000975,0.088640583255079,0.22701852489073193,0.013927519659591261,0.002194394653996626,current,0.4994,source_conflict,0.6448,0.2439,outlier_remaining_term_months; balance_source_conflict; status_source_conflict,outlier_remaining_term_months; balance_source_conflict; status_source_conflict,reconcile_record,0.79
L000976,0.009981901210775891,0.0027287982436769117,0.0010388357427185055,0.8393765009704199,prepaid,0.9826,none,0.7972,0.2499,prepaid_positive_balance; outlier_remaining_term_months; status_source_conflict,prepaid_positive_balance; outlier_remaining_term_months; status_source_conflict,reconcile_record,0.839
L000976,0.009953902464623557,0.0025492362414859093,0.0009503866063103409,0.8428944567448107,prepaid,0.9732,none,0.806,0.2499,prepaid_positive_balance; outlier_remaining_term_months; status_source_conflict,prepaid_positive_balance; outlier_remaining_term_months; status_source_conflict,reconcile_record,0.841
L000976,0.010065855597591203,0.0028042419526726147,0.0009344289193921215,0.8238760743104473,prepaid,0.9769,none,0.7962,0.2499,prepaid_positive_balance; outlier_remaining_term_months; status_source_conflict,prepaid_positive_balance; outlier_remaining_term_months; status_source_conflict,reconcile_record,0.834
L000978,0.07491098174297943,0.16058924842577446,0.02324610250939496,0.0041226789378947205,current,0.6034,none,0.8623,0.2139,outlier_paydown_rate; status_source_conflict,outlier_paydown_rate; status_source_conflict,reconcile_record,0.844
L000978,0.11002828657045932,0.14078941759397126,0.02346033197898022,0.004680039158044714,current,0.5972,none,0.72,0.1149,status_source_conflict,status_source_conflict,reconcile_record,0.863
L000979,0.010228417435467537,0.002989517481939813,0.0004926469006251035,0.24655208611631796,prepaid,0.9564,none,0.7095,0.7999,prepaid_positive_balance; outlier_remaining_term_months; status_source_conflict,prepaid_positive_balance; outlier_remaining_term_months; status_source_conflict,escalate_human_review,0.809
L000979,0.009186322994779896,0.002825439224601817,0.0004143010834907483,0.294604358901481,prepaid,0.9557,none,0.6803,0.2499,prepaid_positive_balance; outlier_remaining_term_months; status_source_conflict,prepaid_positive_balance; outlier_remaining_term_months; status_source_conflict,reconcile_record,0.792
L000979,0.009832717246579385,0.0031184814069663627,0.0005161075090111582,0.2552906525150315,prepaid,0.9564,none,0.6979,0.2499,prepaid_positive_balance; outlier_remaining_term_months; status_source_conflict,prepaid_positive_balance; outlier_remaining_term_months; status_source_conflict,reconcile_record,0.806
L000979,0.009290805999159187,0.0030321631858744084,0.0005139093803561258,0.2655382752565964,prepaid,0.9547,none,0.6938,0.2499,prepaid_positive_balance; outlier_remaining_term_months; status_source_conflict,prepaid_positive_balance; outlier_remaining_term_months; status_source_conflict,reconcile_record,0.803
L000980,0.22380450036433788,0.471955824070233,0.9235801808150247,0.0005447587239421043,default,0.8575,source_conflict,0.7373,0.8179,outlier_remaining_term_months; outlier_paydown_rate; balance_source_conflict,outlier_remaining_term_months; outlier_paydown_rate; balance_source_conflict,escalate_human_review,0.612
L000980,0.24237275992157256,0.46055271377703955,0.9204340022605049,0.0005326846352851419,default,0.9711,source_conflict,0.751,0.7939,outlier_remaining_term_months; balance_source_conflict; status_source_conflict,outlier_remaining_term_months; balance_source_conflict; status_source_conflict,escalate_human_review,0.632
L000980,0.2460814175672402,0.5006568023686864,0.9186952029976938,0.0005326846352851419,default,0.9711,source_conflict,0.7453,0.7939,outlier_remaining_term_months; balance_source_conflict; status_source_conflict,outlier_remaining_term_months; balance_source_conflict; status_source_conflict,escalate_human_review,0.616
L000981,0.10413058713486563,0.12107683152842912,0.0008523150488466187,0.0231531183523563,current,0.7698,none,0.8321,0.1149,status_source_conflict,status_source_conflict,reconcile_record,0.873
L000981,0.06707144481724693,0.06377641421949846,0.0012676778616516821,0.028232897860889828,current,0.7113,none,0.7904,0.1149,status_source_conflict,status_source_conflict,reconcile_record,0.904
L000981,0.05473143306116271,0.06709243068667416,0.0008568711660348302,0.0586031200180007,current,0.7225,none,0.8093,0.1149,status_source_conflict,status_source_conflict,reconcile_record,0.896
L000982,0.1784719840977355,0.18549962966348202,0.024318858890852387,0.02072486962113689,current,0.6869,none,0.7369,0.1149,status_source_conflict,status_source_conflict,reconcile_record,0.817
L000982,0.2042382760171582,0.18001253241159101,0.014782205429395451,0.0233757658452861,current,0.6795,none,0.7271,0.1149,status_source_conflict,status_source_conflict,reconcile_record,0.812
L000983,0.008113062611220185,0.004006196087822492,0.001383329285429948,0.9544906114431285,prepaid,0.9303,none,0.5818,0.2499,prepaid_positive_balance; outlier_remaining_term_months; status_source_conflict,prepaid_positive_balance; outlier_remaining_term_months; status_source_conflict,reconcile_record,0.879
L000983,0.008015462444300278,0.00410340443344879,0.002645168287631152,0.9458978327916231,prepaid,0.933,none,0.5821,0.2499,prepaid_positive_balance; outlier_remaining_term_months; status_source_conflict,prepaid_positive_balance; outlier_remaining_term_months; status_source_conflict,reconcile_record,0.876
L000983,0.008113062611220185,0.004044613606684197,0.0013901504691498743,0.9580382521286831,prepaid,0.924,none,0.5832,0.7999,prepaid_positive_balance; outlier_remaining_term_months; status_source_conflict,prepaid_positive_balance; outlier_remaining_term_months; status_source_conflict,escalate_human_review,0.88
L000984,0.02308082269021769,0.015981465551391738,0.016699442426795292,0.06932754210886521,current,0.7905,none,0.7229,0.2139,outlier_remaining_term_months; status_source_conflict,outlier_remaining_term_months; status_source_conflict,reconcile_record,0.892
L000984,0.02660005970659046,0.018010443072544926,0.019264674706813412,0.0795959207956194,current,0.7941,none,0.7159,0.2139,outlier_remaining_term_months; status_source_conflict,outlier_remaining_term_months; status_source_conflict,reconcile_record,0.886
L000984,0.02868532766932183,0.017445855751543896,0.013721279536285278,0.08823686901642079,current,0.7794,none,0.7115,0.2139,outlier_remaining_term_months; status_source_conflict,outlier_remaining_term_months; status_source_conflict,reconcile_record,0.884
L000984,0.02672911163415143,0.020160380914216545,0.011406619555150724,0.08992186615619208,current,0.7894,none,0.7141,0.2139,outlier_remaining_term_months; status_source_conflict,outlier_remaining_term_months; status_source_conflict,reconcile_record,0.884
L000984,0.02097147053825149,0.017642275321094792,0.013117095229556024,0.08869717364403322,current,0.7795,missing_docs,0.8608,0.2139,outlier_remaining_term_months; status_source_conflict,outlier_remaining_term_months; status_source_conflict,reconcile_record,0.887
L000985,0.033103015174608286,0.027095648879665816,0.0015637171580189008,0.129224753130554,current,0.7229,none,0.6393,0.1149,status_source_conflict,status_source_conflict,reconcile_record,0.894
L000985,0.05034358126339541,0.030866555568802457,0.0013805006466745132,0.11972190604553236,current,0.6756,none,0.6213,0.1149,status_source_conflict,status_source_conflict,reconcile_record,0.889
L000985,0.033201699875130504,0.02772188245788007,0.0016697528088815224,0.07888618075822688,current,0.6782,none,0.6457,0.1149,status_source_conflict,status_source_conflict,reconcile_record,0.91
L000986,0.0061852613560019675,0.0016460251698399272,0.0006787042736867177,0.8049105529739754,prepaid,0.8746,none,0.8404,0.2499,prepaid_positive_balance; outlier_remaining_term_months; status_source_conflict,prepaid_positive_balance; outlier_remaining_term_months; status_source_conflict,reconcile_record,0.829
L000987,0.014583737616470348,0.00450513925011723,0.0006563531615163829,0.885101971218,prepaid,0.9621,none,0.8771,0.2499,prepaid_positive_balance; outlier_remaining_term_months; status_source_conflict,prepaid_positive_balance; outlier_remaining_term_months; status_source_conflict,reconcile_record,0.853
L000987,0.014189247058229215,0.004238968442697382,0.0005785101517699611,0.8979523040679651,prepaid,0.9658,none,0.882,0.2499,prepaid_positive_balance; outlier_remaining_term_months; status_source_conflict,prepaid_positive_balance; outlier_remaining_term_months; status_source_conflict,reconcile_record,0.857
L000987,0.013822378898609445,0.004154892273651775,0.0005606389092970328,0.8916220027118121,prepaid,0.97,none,0.8837,0.2499,prepaid_positive_balance; outlier_remaining_term_months; status_source_conflict,prepaid_positive_balance; outlier_remaining_term_months; status_source_conflict,reconcile_record,0.856
L000987,0.013822378898609445,0.004154783866892509,0.0005606389092970328,0.8979523040679651,prepaid,0.97,none,0.8837,0.7999,prepaid_positive_balance; outlier_remaining_term_months; status_source_conflict,prepaid_positive_balance; outlier_remaining_term_months; status_source_conflict,escalate_human_review,0.858
L000988,0.09265464022359389,0.2659121787315238,0.8433023870773365,0.0005130632238071855,default,0.8509,none,0.6731,0.7639,outlier_remaining_term_months; status_source_conflict,outlier_remaining_term_months; status_source_conflict,escalate_human_review,0.756
L000988,0.11002049571449905,0.5181698540666965,0.7794049877084918,0.0005327583396884026,default,0.8868,none,0.691,0.7639,outlier_remaining_term_months; status_source_conflict,outlier_remaining_term_months; status_source_conflict,escalate_human_review,0.652
L000989,0.012811447708708559,0.003425928541379628,0.00029610030943757755,0.7597849343169295,prepaid,0.9831,none,0.7512,0.2259,prepaid_positive_balance; status_source_conflict,prepaid_positive_balance; status_source_conflict,reconcile_record,0.834
L000989,0.012811447708708559,0.003421414482003714,0.0003129618037937961,0.7627335543540075,prepaid,0.9789,none,0.7591,0.2259,prepaid_positive_balance; status_source_conflict,prepaid_positive_balance; status_source_conflict,reconcile_record,0.835
L000989,0.012811447708708559,0.003425928541379628,0.00029610030943757755,0.7605114978719326,prepaid,0.9789,none,0.7588,0.2259,prepaid_positive_balance; status_source_conflict,prepaid_positive_balance; status_source_conflict,reconcile_record,0.834
L000989,0.011799368729487258,0.003949477644783351,0.00027959850356509965,0.7497578246641899,prepaid,0.9752,none,0.7704,0.2259,prepaid_positive_balance; status_source_conflict,prepaid_positive_balance; status_source_conflict,reconcile_record,0.831
L000990,0.06458005337970353,0.09132161799275655,0.0006256737287463373,0.024787188991832687,current,0.6712,none,0.7647,0.7639,outlier_remaining_term_months; status_source_conflict,outlier_remaining_term_months; status_source_conflict,escalate_human_review,0.872
L000990,0.08637004323503662,0.10572284056264096,0.0008261611053106584,0.049604644873065463,current,0.693,none,0.7457,0.2139,outlier_remaining_term_months; status_source_conflict,outlier_remaining_term_months; status_source_conflict,reconcile_record,0.851
L000993,0.05142493795161399,0.03425055371620758,0.015652652627126288,0.011602724691731023,current,0.6172,none,0.6483,0.7879,outlier_remaining_term_months; outlier_paydown_rate; status_source_conflict,outlier_remaining_term_months; outlier_paydown_rate; status_source_conflict,escalate_human_review,0.873
L000993,0.08698880588909604,0.03393519982666782,0.012983753126105266,0.00698429181290031,current,0.6826,none,0.76,0.7639,outlier_remaining_term_months; status_source_conflict,outlier_remaining_term_months; status_source_conflict,escalate_human_review,0.887
L000993,0.0748222264310488,0.026920437786960922,0.009754169982280935,0.006861832390525711,current,0.6876,none,0.7471,0.7639,outlier_remaining_term_months; status_source_conflict,outlier_remaining_term_months; status_source_conflict,escalate_human_review,0.895
L000993,0.053661307345202115,0.035208359684371,0.005806764092810362,0.0062606010750718,current,0.7002,none,0.7343,0.7639,outlier_remaining_term_months; status_source_conflict,outlier_remaining_term_months; status_source_conflict,escalate_human_review,0.901
L000994,0.31848832179288217,0.38617338390221717,0.7044063365084415,0.0004356334290939302,default,0.8496,none,0.6953,0.7879,outlier_remaining_term_months; outlier_paydown_rate; status_source_conflict,outlier_remaining_term_months; outlier_paydown_rate; status_source_conflict,escalate_human_review,0.562
L000994,0.36756590948824014,0.563256425375914,0.694451656007674,0.00031886000664117873,default,0.9765,none,0.8368,0.7879,outlier_remaining_term_months; outlier_paydown_rate; status_source_conflict,outlier_remaining_term_months; outlier_paydown_rate; status_source_conflict,escalate_human_review,0.524
L000994,0.396142307839319,0.543614030101658,0.6850950579532583,0.0003575001566620781,default,0.9625,none,0.6576,0.7639,outlier_remaining_term_months; status_source_conflict,outlier_remaining_term_months; status_source_conflict,escalate_human_review,0.527
L000994,0.396142307839319,0.5460970025392223,0.6920877658808982,0.0003575001566620781,default,0.9625,none,0.6576,0.7639,outlier_remaining_term_months; status_source_conflict,outlier_remaining_term_months; status_source_conflict,escalate_human_review,0.531
L000995,0.02790640272870586,0.06120766814031045,0.015524213370366233,0.06180366013207907,current,0.7182,none,0.7523,0.7639,outlier_remaining_term_months; status_source_conflict,outlier_remaining_term_months; status_source_conflict,escalate_human_review,0.878
L000995,0.03618218159914052,0.09626082625831382,0.04257434616362977,0.06410379053172799,current,0.7042,data_break,0.7064,0.8569,negative_balance; outlier_remaining_term_months; outlier_balance_ratio,negative_balance; outlier_remaining_term_months; outlier_balance_ratio,escalate_human_review,0.759
L000995,0.05961559504958911,0.07619871106927324,0.04378094911405663,0.037304573775039485,current,0.776,none,0.5725,0.2379,outlier_remaining_term_months; outlier_paydown_rate; status_source_conflict,outlier_remaining_term_months; outlier_paydown_rate; status_source_conflict,reconcile_record,0.836
L000995,0.04343289451134208,0.08195990475277158,0.029911602475349148,0.052302812671051684,current,0.7826,none,0.7532,0.2139,outlier_remaining_term_months; status_source_conflict,outlier_remaining_term_months; status_source_conflict,reconcile_record,0.863
L000996,0.08838203664618673,0.28643252030323935,0.0013577735480677906,0.006660815015007496,current,0.7211,none,0.774,0.6649,status_source_conflict,status_source_conflict,reconcile_record,0.826
L000996,0.07527142133844655,0.2611079636772485,0.0007961042119418587,0.006203673521194088,current,0.732,none,0.7809,0.1149,status_source_conflict,status_source_conflict,reconcile_record,0.84
L000996,0.07867439720791575,0.28075161414166955,0.0008753881394605322,0.007167267830012508,current,0.693,none,0.789,0.1149,status_source_conflict,status_source_conflict,reconcile_record,0.831
L000997,0.40353501665450175,0.6189241645380161,0.9236993385950826,0.0003275707787812939,default,0.8132,none,0.6792,0.7639,outlier_remaining_term_months; status_source_conflict,outlier_remaining_term_months; status_source_conflict,escalate_human_review,0.634
L000997,0.4318997218507645,0.6486473541438618,0.9231020598455885,0.0003992028255489575,default,0.9434,none,0.6621,0.7879,outlier_remaining_term_months; outlier_paydown_rate; status_source_conflict,outlier_remaining_term_months; outlier_paydown_rate; status_source_conflict,escalate_human_review,0.611
L000997,0.4531218727876838,0.6723214347715528,0.9200705452634078,0.000492795888849686,default,0.9392,none,0.6669,0.7639,outlier_remaining_term_months; status_source_conflict,outlier_remaining_term_months; status_source_conflict,escalate_human_review,0.634
L000997,0.4464999465948905,0.6730464959717665,0.9160863490667618,0.00045159988415049485,default,0.9349,none,0.6558,0.7639,outlier_remaining_term_months; status_source_conflict,outlier_remaining_term_months; status_source_conflict,escalate_human_review,0.636
L001000,0.07425937494515901,0.21134800247997246,0.0008448788772325959,0.2322264330689144,current,0.8302,none,0.5097,0.1149,balance_source_conflict,balance_source_conflict,reconcile_record,0.779
L001000,0.08036681218999525,0.23658386186594094,0.0006453063479348634,0.25976585179110256,current,0.8132,none,0.5411,0.1149,balance_source_conflict,balance_source_conflict,reconcile_record,0.758
L001000,0.2346123867681741,0.3928314681995387,0.004739363431652393,0.20543131723364083,60_dpd,0.5114,source_conflict,0.479,0.2199,balance_source_conflict; status_source_conflict,balance_source_conflict; status_source_conflict,reconcile_record,0.637
L001000,0.05395329749246409,0.09751477925902945,0.000908510086568553,0.2510804513693529,current,0.7592,source_conflict,0.4729,0.1149,balance_source_conflict,balance_source_conflict,reconcile_record,0.819
L001001,0.0071518047133589295,0.0022719104297705527,0.00026769945920235625,0.5887435070393535,prepaid,0.9674,none,0.7594,0.2259,prepaid_positive_balance; status_source_conflict,prepaid_positive_balance; status_source_conflict,reconcile_record,0.777
L001001,0.007088423912748166,0.0023050653217106766,0.0002280497002840373,0.5783731883522157,prepaid,0.9674,none,0.7587,0.2259,prepaid_positive_balance; status_source_conflict,prepaid_positive_balance; status_source_conflict,reconcile_record,0.773
L001001,0.008653863774928964,0.002254514332316412,0.00023911225127763627,0.5969408541908386,prepaid,0.9691,none,0.7493,0.2259,prepaid_positive_balance; status_source_conflict,prepaid_positive_balance; status_source_conflict,reconcile_record,0.779
L001001,0.008602514414887533,0.002060206782268874,0.00024041143859468122,0.40617288728472517,prepaid,0.9691,none,0.7382,0.2259,prepaid_positive_balance; status_source_conflict,prepaid_positive_balance; status_source_conflict,reconcile_record,0.778
L001002,0.04471957973752678,0.05976239214737844,0.0056937224709972195,0.002694922042420932,current,0.6935,none,0.6435,0.2139,outlier_remaining_term_months; status_source_conflict,outlier_remaining_term_months; status_source_conflict,reconcile_record,0.897
L001002,0.06046637832283699,0.06229601621802444,0.008249575118438844,0.0027624473388835804,current,0.725,none,0.7643,0.2139,outlier_remaining_term_months; status_source_conflict,outlier_remaining_term_months; status_source_conflict,reconcile_record,0.889
L001003,0.006201680940636017,0.0031406260894319173,0.0007508833322070526,0.899770006756856,prepaid,0.9805,none,0.7687,0.2259,prepaid_positive_balance; status_source_conflict,prepaid_positive_balance; status_source_conflict,reconcile_record,0.886
L001003,0.006456245800346827,0.003179068784749112,0.0009632992505254923,0.8877271862977931,prepaid,0.9785,none,0.6844,0.2259,prepaid_positive_balance; status_source_conflict,prepaid_positive_balance; status_source_conflict,reconcile_record,0.881
L001003,0.004798166759245351,0.0031462166203147734,0.0007877731751375263,0.8968842958488553,prepaid,0.985,none,0.7653,0.2259,prepaid_positive_balance; status_source_conflict,prepaid_positive_balance; status_source_conflict,reconcile_record,0.885
L001004,0.016172458686142692,0.013145469841314468,0.0010207693353514007,0.07958778286434162,current,0.7918,none,0.7805,0.1149,status_source_conflict,status_source_conflict,reconcile_record,0.922
L001004,0.014875578065175718,0.011660466144978484,0.0014451508764737545,0.07895906943379118,current,0.7879,none,0.7784,0.1149,status_source_conflict,status_source_conflict,reconcile_record,0.923
L001004,0.024760537245240532,0.027682374657055826,0.0020907644448802,0.03311515700897364,current,0.7886,none,0.7837,0.1149,status_source_conflict,status_source_conflict,reconcile_record,0.929
L001004,0.03732094068758784,0.03596816412213955,0.0020748134029647484,0.029703905792767823,current,0.7586,none,0.7747,0.1149,status_source_conflict,status_source_conflict,reconcile_record,0.923
L001004,0.029535899202370236,0.027053692964196723,0.0012570912325602858,0.05772829349870656,current,0.7836,none,0.7781,0.1149,status_source_conflict,status_source_conflict,reconcile_record,0.919
L001005,0.006593521924950323,0.0058140690023117695,0.0029605281688547583,0.44416479489747296,prepaid,0.984,source_conflict,0.7818,0.2559,prepaid_positive_balance; balance_source_conflict; status_source_conflict,prepaid_positive_balance; balance_source_conflict; status_source_conflict,reconcile_record,0.733
L001005,0.005857059273871405,0.004290012890436282,0.0025926241229390686,0.4687987169055059,prepaid,0.9876,source_conflict,0.7311,0.2559,prepaid_positive_balance; balance_source_conflict; status_source_conflict,prepaid_positive_balance; balance_source_conflict; status_source_conflict,reconcile_record,0.725
L001005,0.00601439491524079,0.00477280417852713,0.0030035199948700545,0.3779699103598577,prepaid,0.9886,source_conflict,0.7807,0.2559,prepaid_positive_balance; balance_source_conflict; status_source_conflict,prepaid_positive_balance; balance_source_conflict; status_source_conflict,reconcile_record,0.757
L001006,0.008117386470521121,0.004701102760925286,0.006377104532468539,0.02060126400869528,current,0.7723,none,0.7742,0.1149,status_source_conflict,status_source_conflict,reconcile_record,0.946
L001006,0.01023056025362335,0.008411943516453111,0.007073515347696503,0.0290774316178472,current,0.7866,none,0.7565,0.1149,status_source_conflict,status_source_conflict,reconcile_record,0.941
L001006,0.010474324048600036,0.005951900588554152,0.007419966443368904,0.01859759393040571,current,0.7788,none,0.7336,0.1149,status_source_conflict,status_source_conflict,reconcile_record,0.945
L001006,0.010170750871127602,0.007961791812411046,0.006819233667655381,0.026696123230650792,current,0.7787,none,0.7347,0.1149,status_source_conflict,status_source_conflict,reconcile_record,0.942
L001006,0.0117441866332914,0.008383026600534063,0.006832889622597722,0.020083296623859832,current,0.7762,none,0.7223,0.1149,status_source_conflict,status_source_conflict,reconcile_record,0.943
L001007,0.009677306092727548,0.006291492524951763,0.0007287537970571367,0.4913360438562691,prepaid,0.8844,none,0.771,0.2259,prepaid_positive_balance; status_source_conflict,prepaid_positive_balance; status_source_conflict,reconcile_record,0.746
L001007,0.011182644626233598,0.006320500527718438,0.0007301123550181609,0.4500279355539982,prepaid,0.8844,none,0.7646,0.2259,prepaid_positive_balance; status_source_conflict,prepaid_positive_balance; status_source_conflict,reconcile_record,0.76
L001007,0.009844635846550943,0.006374080718334841,0.0007287101821373525,0.45280501252142114,prepaid,0.8755,none,0.652,0.2259,prepaid_positive_balance; status_source_conflict,prepaid_positive_balance; status_source_conflict,reconcile_record,0.76
L001007,0.009496148468886433,0.006035206873281146,0.0007309476586453871,0.4672277220347058,prepaid,0.8853,none,0.7618,0.2259,prepaid_positive_balance; status_source_conflict,prepaid_positive_balance; status_source_conflict,reconcile_record,0.755
L001008,0.010578437150028751,0.004447002330826893,0.0005121056094102725,0.3974513939164616,prepaid,0.9483,none,0.8301,0.2259,prepaid_positive_balance; status_source_conflict,prepaid_positive_balance; status_source_conflict,reconcile_record,0.78
L001008,0.01054451041386368,0.004513158349498481,0.0005196285582024355,0.4243027361792957,prepaid,0.9499,none,0.8382,0.2259,prepaid_positive_balance; status_source_conflict,prepaid_positive_balance; status_source_conflict,reconcile_record,0.77
L001008,0.00903209106132803,0.004699079633863013,0.0005190110038616661,0.4905831571338907,prepaid,0.952,none,0.8407,0.2259,prepaid_positive_balance; status_source_conflict,prepaid_positive_balance; status_source_conflict,reconcile_record,0.748
L001008,0.01034977278310512,0.004699079633863013,0.00047752882818278116,0.44663138382768836,prepaid,0.9498,none,0.846,0.2259,prepaid_positive_balance; status_source_conflict,prepaid_positive_balance; status_source_conflict,reconcile_record,0.762
L001009,0.03889451719279499,0.01781060204181941,0.006984853539027413,0.0026381878611123357,current,0.677,source_conflict,0.6143,0.2199,balance_source_conflict; status_source_conflict,balance_source_conflict; status_source_conflict,reconcile_record,0.907
L001009,0.028258205921205565,0.012914015488246083,0.008036469416092361,0.003930761000022097,current,0.6935,source_conflict,0.591,0.2199,balance_source_conflict; status_source_conflict,balance_source_conflict; status_source_conflict,reconcile_record,0.911
L001009,0.028934094110072445,0.010903562550782038,0.00778134943601309,0.0036190864966046156,current,0.7098,source_conflict,0.601,0.2199,balance_source_conflict; status_source_conflict,balance_source_conflict; status_source_conflict,reconcile_record,0.912
L001009,0.03271668328486368,0.016431719161952768,0.008325617090961475,0.0036190864966046156,current,0.7248,source_conflict,0.5783,0.2199,balance_source_conflict; status_source_conflict,balance_source_conflict; status_source_conflict,reconcile_record,0.908
L001010,0.010481810949282008,0.003609758496303533,0.0013367830161680769,0.41794729438682876,prepaid,0.9432,none,0.7729,0.2259,prepaid_positive_balance; status_source_conflict,prepaid_positive_balance; status_source_conflict,reconcile_record,0.772
L001010,0.010635506896604217,0.0036439745402625304,0.0014695290047006479,0.42114014636879454,prepaid,0.9432,none,0.7818,0.2259,prepaid_positive_balance; status_source_conflict,prepaid_positive_balance; status_source_conflict,reconcile_record,0.772
L001011,0.058995310160964286,0.08763983882792799,0.1826024710781112,0.08647114336041632,current,0.6698,none,0.7441,0.6649,status_source_conflict,status_source_conflict,reconcile_record,0.814
L001011,0.06966544829980746,0.09562559052307784,0.2024568599033391,0.0813403900184706,current,0.71,none,0.7346,0.1149,status_source_conflict,status_source_conflict,reconcile_record,0.803
L001011,0.06300490073751434,0.08191842899723693,0.13494502324019286,0.07922162709151122,current,0.7522,none,0.7043,0.1149,status_source_conflict,status_source_conflict,reconcile_record,0.834
L001012,0.05016389645800645,0.03912430871388963,0.015308557789238666,0.30309334960606393,current,0.7444,none,0.8148,0.1149,status_source_conflict,status_source_conflict,reconcile_record,0.817
L001012,0.05235115719460092,0.0721478476481472,0.01508507721997084,0.10344420469960114,current,0.7761,none,0.784,0.1149,status_source_conflict,status_source_conflict,reconcile_record,0.875
L001012,0.06362113740924465,0.043647298586933926,0.01333361539667118,0.24899424204163326,current,0.7499,none,0.8113,0.1149,status_source_conflict,status_source_conflict,reconcile_record,0.831
L001012,0.05840736025299228,0.0677544311958241,0.023479062302198386,0.14263058367858228,current,0.7378,none,0.7927,0.1149,status_source_conflict,status_source_conflict,reconcile_record,0.858
L001013,0.04996031576111327,0.023468730257150194,0.0034034787793357953,0.1490150393344696,current,0.6828,none,0.6064,0.1149,status_source_conflict,status_source_conflict,reconcile_record,0.881
L001013,0.04326476856963315,0.02578586181923372,0.0015776674214330044,0.1078903395822849,current,0.6699,none,0.5996,0.1149,status_source_conflict,status_source_conflict,reconcile_record,0.898
L001013,0.054745464903479285,0.021054334373156975,0.0020514007587183656,0.169317787914292,current,0.6649,none,0.5921,0.1149,status_source_conflict,status_source_conflict,reconcile_record,0.873
L001014,0.11504808722551858,0.22282205110755557,0.04756240035677977,0.0035866760576351124,current,0.6431,none,0.6395,0.7639,outlier_remaining_term_months; status_source_conflict,outlier_remaining_term_months; status_source_conflict,escalate_human_review,0.8
L001014,0.14092097620566071,0.19738878491446873,0.04110032424444659,0.008478518866118945,current,0.6229,none,0.5546,0.7639,outlier_remaining_term_months; status_source_conflict,outlier_remaining_term_months; status_source_conflict,escalate_human_review,0.8
L001014,0.09974691704649706,0.13231868952990786,0.04226468331914349,0.005382898762129557,current,0.6568,none,0.6059,0.7639,outlier_remaining_term_months; status_source_conflict,outlier_remaining_term_months; status_source_conflict,escalate_human_review,0.838
L001014,0.08926274488042314,0.13424657284053318,0.04885252950296395,0.006098955069671389,current,0.6515,none,0.617,0.7639,outlier_remaining_term_months; status_source_conflict,outlier_remaining_term_months; status_source_conflict,escalate_human_review,0.839
L001015,0.05889625211089488,0.12080363945214262,0.004700399496301273,0.39059979661900823,current,0.7681,none,0.5498,0.7939,outlier_remaining_term_months; balance_source_conflict; status_source_conflict,outlier_remaining_term_months; balance_source_conflict; status_source_conflict,escalate_human_review,0.704
L001015,0.007297359501099308,0.0024213653087211294,0.0010661115769934942,0.5277430755213518,prepaid,0.8511,none,0.5947,0.2499,prepaid_positive_balance; outlier_remaining_term_months; balance_source_conflict,prepaid_positive_balance; outlier_remaining_term_months; balance_source_conflict,reconcile_record,0.731
L001015,0.007040832797810435,0.0020253886233056006,0.0010644302342100067,0.5398694404628378,prepaid,0.8429,none,0.5796,0.2499,prepaid_positive_balance; outlier_remaining_term_months; balance_source_conflict,prepaid_positive_balance; outlier_remaining_term_months; balance_source_conflict,reconcile_record,0.736
L001015,0.00675521579846482,0.0016102985316199926,0.000918480001963787,0.3196899736619398,prepaid,0.8392,none,0.5607,0.2499,prepaid_positive_balance; outlier_remaining_term_months; balance_source_conflict,prepaid_positive_balance; outlier_remaining_term_months; balance_source_conflict,reconcile_record,0.785
L001016,0.0990104256157744,0.14961022782971548,0.0016163583330411286,0.253028134525442,current,0.7255,none,0.7407,0.1149,status_source_conflict,status_source_conflict,reconcile_record,0.784
L001016,0.0600971626142951,0.06501750004033009,0.0017385183647303912,0.3052390309039417,current,0.7523,none,0.7659,0.1149,status_source_conflict,status_source_conflict,reconcile_record,0.809
L001016,0.07622214750266311,0.061088043995155626,0.0020409631347852062,0.2712285527212772,current,0.7486,missing_docs,0.9199,0.1149,status_source_conflict,status_source_conflict,reconcile_record,0.817
L001016,0.05016399454272707,0.06206053421493007,0.002129867251053774,0.3386033454505883,current,0.7693,none,0.76,0.1149,status_source_conflict,status_source_conflict,reconcile_record,0.802
L001017,0.15813448415021455,0.13932700602141676,0.05782928505119683,0.24881372757296638,current,0.6523,none,0.7198,0.7639,outlier_remaining_term_months; status_source_conflict,outlier_remaining_term_months; status_source_conflict,escalate_human_review,0.725
L001017,0.14609789330136663,0.14510676382994395,0.07532890891112483,0.2879946655418128,current,0.6206,none,0.7168,0.7639,outlier_remaining_term_months; status_source_conflict,outlier_remaining_term_months; status_source_conflict,escalate_human_review,0.707
L001017,0.20249232445552487,0.16477700656006247,0.0744694811840007,0.3589065537639269,current,0.5793,none,0.6982,0.7639,outlier_remaining_term_months; status_source_conflict,outlier_remaining_term_months; status_source_conflict,escalate_human_review,0.656
L001017,0.10905718087333638,0.10769745527409365,0.05900671835899133,0.37371936479508694,current,0.6009,none,0.7183,0.7639,outlier_remaining_term_months; status_source_conflict,outlier_remaining_term_months; status_source_conflict,escalate_human_review,0.709
L001017,0.09611553172721993,0.11326314806610545,0.04224845478156935,0.3429328993484801,current,0.6119,none,0.7223,0.2139,outlier_remaining_term_months; status_source_conflict,outlier_remaining_term_months; status_source_conflict,reconcile_record,0.728
L001018,0.09256048804288368,0.10067441300763498,0.002215915486663442,0.003568819976260956,current,0.5469,none,0.6732,0.7639,outlier_remaining_term_months; status_source_conflict,outlier_remaining_term_months; status_source_conflict,escalate_human_review,0.866
L001018,0.09374080648642129,0.12454078706697903,0.0036809845551466075,0.005525255654953105,current,0.6288,none,0.683,0.7639,outlier_remaining_term_months; status_source_conflict,outlier_remaining_term_months; status_source_conflict,escalate_human_review,0.856
L001018,0.09377033485213308,0.17364021267292962,0.0034418960828543573,0.003348844285639124,current,0.6336,none,0.6802,0.7639,outlier_remaining_term_months; status_source_conflict,outlier_remaining_term_months; status_source_conflict,escalate_human_review,0.84
L001018,0.07039652210754332,0.1495339716210002,0.003534204565791067,0.004814592530206377,current,0.636,none,0.6767,0.7639,outlier_remaining_term_months; status_source_conflict,outlier_remaining_term_months; status_source_conflict,escalate_human_review,0.856
L001018,0.09983762470773623,0.12813032352572468,0.0038832792581278293,0.004242414228054096,current,0.5308,none,0.6846,0.7639,outlier_remaining_term_months; status_source_conflict,outlier_remaining_term_months; status_source_conflict,escalate_human_review,0.853
L001018,0.07435921293601262,0.1415517617436952,0.00352634994010353,0.005391321360685073,current,0.6422,none,0.6753,0.7639,outlier_remaining_term_months; status_source_conflict,outlier_remaining_term_months; status_source_conflict,escalate_human_review,0.858
L001019,0.06820934328519085,0.12417057553564521,0.0030473381037744323,0.007459867474429831,current,0.7425,none,0.6957,0.2379,outlier_remaining_term_months; outlier_paydown_rate; status_source_conflict,outlier_remaining_term_months; outlier_paydown_rate; status_source_conflict,reconcile_record,0.841
L001019,0.0645483237117268,0.1282156408159476,0.0034345775854181925,0.009723740841057598,current,0.7553,none,0.6919,0.2139,outlier_remaining_term_months; status_source_conflict,outlier_remaining_term_months; status_source_conflict,reconcile_record,0.864
L001019,0.049422920462857206,0.09193622488673987,0.0034495575378715045,0.008557950443596184,current,0.719,none,0.6282,0.2139,outlier_remaining_term_months; status_source_conflict,outlier_remaining_term_months; status_source_conflict,reconcile_record,0.882
L001019,0.037700970240986544,0.0943937664086626,0.004206882518203409,0.00844010410290883,current,0.7554,none,0.71,0.2139,outlier_remaining_term_months; status_source_conflict,outlier_remaining_term_months; status_source_conflict,reconcile_record,0.886
L001020,0.007883818284802216,0.0021599496707857143,0.002048486425036787,0.3503961695465508,prepaid,0.9548,missing_docs,0.8223,0.7999,prepaid_positive_balance; outlier_remaining_term_months; status_source_conflict,prepaid_positive_balance; outlier_remaining_term_months; status_source_conflict,escalate_human_review,0.773
L001020,0.00786489112778281,0.0022020486721800194,0.002663831385906996,0.31327539648857616,prepaid,0.9595,none,0.6343,0.7999,prepaid_positive_balance; outlier_remaining_term_months; status_source_conflict,prepaid_positive_balance; outlier_remaining_term_months; status_source_conflict,escalate_human_review,0.786
L001021,0.00989026302299957,0.0025785842895361543,0.0011940713424502085,0.32528087835993486,prepaid,0.9716,none,0.698,0.2259,prepaid_positive_balance; status_source_conflict,prepaid_positive_balance; status_source_conflict,reconcile_record,0.806
L001021,0.01009631574269108,0.0027788051242679727,0.0011971445214810183,0.2270169393502329,prepaid,0.9759,none,0.866,0.2259,prepaid_positive_balance; status_source_conflict,prepaid_positive_balance; status_source_conflict,reconcile_record,0.839
L001021,0.009345914625241878,0.002681534880382012,0.0012267089014418614,0.2890830325038722,prepaid,0.9786,none,0.8708,0.7759,prepaid_positive_balance; status_source_conflict,prepaid_positive_balance; status_source_conflict,escalate_human_review,0.818
L001022,0.010281521976449888,0.0043481853756326206,0.0005805354483692429,0.3858683917182452,prepaid,0.8012,none,0.7548,0.2259,prepaid_positive_balance; status_source_conflict,prepaid_positive_balance; status_source_conflict,reconcile_record,0.783
L001022,0.009599033949713029,0.0037335746654856747,0.0005803351306344791,0.4536098555808786,prepaid,0.8139,none,0.7658,0.2259,prepaid_positive_balance; status_source_conflict,prepaid_positive_balance; status_source_conflict,reconcile_record,0.76
L001022,0.010117361764611664,0.0043481853756326206,0.0005805354483692429,0.4041240117983267,prepaid,0.8085,none,0.7639,0.2259,prepaid_positive_balance; status_source_conflict,prepaid_positive_balance; status_source_conflict,reconcile_record,0.777
L001022,0.00868534065242039,0.0036466372365129944,0.0005803571668142818,0.5124487734542432,prepaid,0.804,none,0.762,0.2259,prepaid_positive_balance; status_source_conflict,prepaid_positive_balance; status_source_conflict,reconcile_record,0.749
L001023,0.008158721705295956,0.0028322749429102964,0.0006475014994020409,0.7654573456962438,prepaid,0.8971,none,0.6363,0.2259,prepaid_positive_balance; status_source_conflict,prepaid_positive_balance; status_source_conflict,reconcile_record,0.838
L001024,0.011012071856386472,0.005167625254211953,0.0008195164037350236,0.4622503118235935,prepaid,0.8121,none,0.7742,0.2499,prepaid_positive_balance; outlier_remaining_term_months; status_source_conflict,prepaid_positive_balance; outlier_remaining_term_months; status_source_conflict,reconcile_record,0.732
L001024,0.011039853587109974,0.005209654322650788,0.0008872806757254229,0.43165704394460797,prepaid,0.8077,none,0.7702,0.2499,prepaid_positive_balance; outlier_remaining_term_months; status_source_conflict,prepaid_positive_balance; outlier_remaining_term_months; status_source_conflict,reconcile_record,0.743
L001024,0.011644704024648454,0.0053346775693763615,0.000715920186830918,0.48702055901503843,prepaid,0.7978,none,0.7619,0.2499,prepaid_positive_balance; outlier_remaining_term_months; status_source_conflict,prepaid_positive_balance; outlier_remaining_term_months; status_source_conflict,reconcile_record,0.724
L001025,0.05959503796196877,0.06980212645472582,0.002456343670581551,0.008116880733749776,current,0.6938,none,0.7126,0.1149,status_source_conflict,status_source_conflict,reconcile_record,0.911
L001025,0.07396725760765895,0.07729568015620598,0.0024962268955385568,0.007728981900951114,current,0.6982,none,0.7146,0.1149,status_source_conflict,status_source_conflict,reconcile_record,0.903
L001025,0.06533966190260039,0.07799923878549343,0.002497508066983726,0.008466486468006117,current,0.6937,none,0.72,0.1149,status_source_conflict,status_source_conflict,reconcile_record,0.906
L001025,0.03727061859319244,0.042328927882104794,0.0025439377504427687,0.01153581917021792,current,0.6891,none,0.727,0.1149,status_source_conflict,status_source_conflict,reconcile_record,0.927
L001025,0.03539763936880715,0.04463448804722755,0.002667043643351104,0.01166226785087749,current,0.6866,none,0.7355,0.1149,status_source_conflict,status_source_conflict,reconcile_record,0.927
L001025,0.07887977487234928,0.10999997026737314,0.0027824134369218954,0.009740596082116025,current,0.6794,none,0.7083,0.1149,status_source_conflict,status_source_conflict,reconcile_record,0.889
L001026,0.00752065972093375,0.0022306193664080203,0.0012663073317233985,0.9315811668706019,prepaid,0.7913,none,0.75,0.7999,prepaid_positive_balance; outlier_remaining_term_months; status_source_conflict,prepaid_positive_balance; outlier_remaining_term_months; status_source_conflict,escalate_human_review,0.872
L001026,0.011362704921699386,0.0029107578007935408,0.0013855715011871616,0.9243875188114105,prepaid,0.9106,none,0.7328,0.7999,prepaid_positive_balance; outlier_remaining_term_months; status_source_conflict,prepaid_positive_balance; outlier_remaining_term_months; status_source_conflict,escalate_human_review,0.868
L001026,0.011362704921699386,0.0029107578007935408,0.0013855715011871616,0.9243875188114105,prepaid,0.9106,none,0.7328,0.7999,prepaid_positive_balance; outlier_remaining_term_months; status_source_conflict,prepaid_positive_balance; outlier_remaining_term_months; status_source_conflict,escalate_human_review,0.868
L001027,0.0640804342213281,0.10111242158494538,0.067570344379646,0.14577860605153273,current,0.8274,none,0.5992,0.1149,status_source_conflict,status_source_conflict,reconcile_record,0.828
L001027,0.07465326611633778,0.09333618075166629,0.08248823643046647,0.12947263462991798,current,0.6614,none,0.5518,0.1149,status_source_conflict,status_source_conflict,reconcile_record,0.827
L001028,0.008303300002108193,0.002234951381872022,0.001512892552622951,0.42927939564876555,prepaid,0.9722,none,0.8347,0.2259,prepaid_positive_balance; status_source_conflict,prepaid_positive_balance; status_source_conflict,reconcile_record,0.769
L001028,0.008717228213721903,0.002357595400039743,0.0014586650458285474,0.43241398955287896,prepaid,0.9713,none,0.8356,0.2259,prepaid_positive_balance; status_source_conflict,prepaid_positive_balance; status_source_conflict,reconcile_record,0.769
L001028,0.008418103085103296,0.0023683829589141955,0.0014503822159119197,0.407793765859991,prepaid,0.9713,none,0.8338,0.2259,prepaid_positive_balance; status_source_conflict,prepaid_positive_balance; status_source_conflict,reconcile_record,0.777
L001028,0.008418103085103296,0.0023683829589141955,0.0014604319186101845,0.4180702546466943,prepaid,0.9713,none,0.8309,0.2259,prepaid_positive_balance; status_source_conflict,prepaid_positive_balance; status_source_conflict,reconcile_record,0.774
L001029,0.03370034597261829,0.06768450869671434,0.016655525884241077,0.0016451796178081556,current,0.4884,none,0.6787,0.7759,dpd_status_break; status_source_conflict,dpd_status_break; status_source_conflict,escalate_human_review,0.882
L001029,0.010889822578070522,0.03741028537984242,0.006309875805284609,0.0020779463229855435,current,0.7605,none,0.7192,0.1149,status_source_conflict,status_source_conflict,reconcile_record,0.94
L001029,0.08341477707152885,0.1277909183773385,0.05107757336466701,0.0017329235584818822,60_dpd,0.5177,none,0.6489,0.6649,status_source_conflict,status_source_conflict,reconcile_record,0.868
L001029,0.045975450044892334,0.09060127658454191,0.0074043261519100255,0.003003047016579248,90_dpd,0.5733,none,0.6942,0.6649,status_source_conflict,status_source_conflict,reconcile_record,0.909
L001029,0.015130931367059874,0.04131167783531092,0.01460442793135735,0.001924668700636508,current,0.7258,none,0.6985,0.1149,status_source_conflict,status_source_conflict,reconcile_record,0.935
L001029,0.019003730381062144,0.06843421981054248,0.010703962462196218,0.0021627076279849716,current,0.7331,none,0.6984,0.1149,status_source_conflict,status_source_conflict,reconcile_record,0.925
L001030,0.009627946054050582,0.002552626482759554,0.00041522052011660235,0.43505084320094456,prepaid,0.998,none,0.8137,0.2259,prepaid_positive_balance; status_source_conflict,prepaid_positive_balance; status_source_conflict,reconcile_record,0.767
L001030,0.009564559050215811,0.0027145805126523796,0.00043129431816104187,0.3962926596433453,prepaid,0.998,none,0.8084,0.2259,prepaid_positive_balance; status_source_conflict,prepaid_positive_balance; status_source_conflict,reconcile_record,0.781
L001030,0.009396391366391393,0.0026127261879434448,0.00041519858747100704,0.39888897233578496,prepaid,0.998,none,0.8136,0.2259,prepaid_positive_balance; status_source_conflict,prepaid_positive_balance; status_source_conflict,reconcile_record,0.78
L001030,0.009467940176520482,0.0027145805126523796,0.00043129431816104187,0.3962926596433453,prepaid,0.9907,none,0.8084,0.7759,prepaid_positive_balance; status_source_conflict,prepaid_positive_balance; status_source_conflict,escalate_human_review,0.781
L001031,0.025010510391024702,0.05233717562686144,0.0021428579893065297,0.04070614292496664,current,0.7353,none,0.7756,0.1149,status_source_conflict,status_source_conflict,reconcile_record,0.918
L001031,0.02342144953812225,0.05685532744290331,0.002328858421922861,0.08547991565901895,current,0.7307,none,0.7808,0.1149,status_source_conflict,status_source_conflict,reconcile_record,0.901
L001031,0.023932824437826978,0.041879450041626694,0.0027699008481943134,0.10319799505350068,current,0.6691,none,0.7494,0.6649,status_source_conflict,status_source_conflict,reconcile_record,0.9
L001031,0.029526308424917838,0.04326838549550139,0.0022174415561041884,0.1574750978595513,current,0.7141,none,0.7785,0.6649,status_source_conflict,status_source_conflict,reconcile_record,0.879
L001032,0.015445877780186974,0.006740056711862219,0.0017123297509662053,0.9116443881955844,prepaid,0.6582,none,0.6544,0.2259,prepaid_positive_balance; status_source_conflict,prepaid_positive_balance; status_source_conflict,reconcile_record,0.885
L001032,0.01326466242945893,0.006916446059892522,0.002079551779338145,0.9458936605778102,prepaid,0.7755,none,0.6523,0.7999,prepaid_positive_balance; outlier_paydown_rate; status_source_conflict,prepaid_positive_balance; outlier_paydown_rate; status_source_conflict,escalate_human_review,0.874
L001033,0.007929090760945999,0.003116482855072836,0.0005757672656320534,0.6973094608840708,prepaid,0.9458,none,0.7802,0.2259,prepaid_positive_balance; status_source_conflict,prepaid_positive_balance; status_source_conflict,reconcile_record,0.814
L001033,0.0078641452175853,0.0028275169303921877,0.0005970793366899754,0.7463602895927304,prepaid,0.9457,none,0.7921,0.2259,prepaid_positive_balance; status_source_conflict,prepaid_positive_balance; status_source_conflict,reconcile_record,0.832
L001033,0.008454842582217022,0.0030668981242422417,0.0005940347409048582,0.6790806947663243,prepaid,0.9373,none,0.6547,0.2259,prepaid_positive_balance; status_source_conflict,prepaid_positive_balance; status_source_conflict,reconcile_record,0.807
L001034,0.08872685500686862,0.05822594659902725,0.030873990516961967,0.055685366932849624,current,0.764,none,0.7798,0.1149,status_source_conflict,status_source_conflict,reconcile_record,0.878
L001034,0.07948968105189229,0.04852093314751535,0.027204227805439473,0.05925796695843518,current,0.7488,missing_docs,0.8377,0.1149,status_source_conflict,status_source_conflict,reconcile_record,0.885
L001034,0.07086502310072769,0.043534977338012926,0.012221412747274526,0.07494027534576393,current,0.7681,none,0.8115,0.1149,status_source_conflict,status_source_conflict,reconcile_record,0.889
L001035,0.006620242592300228,0.002555552386219309,0.0018174154508517149,0.6666521425260387,prepaid,0.9594,none,0.6221,0.2259,prepaid_positive_balance; status_source_conflict,prepaid_positive_balance; status_source_conflict,reconcile_record,0.804
L001035,0.006541346996610579,0.0023950905841079663,0.0018326232328261943,0.7166817747557817,prepaid,0.971,none,0.7028,0.2259,prepaid_positive_balance; status_source_conflict,prepaid_positive_balance; status_source_conflict,reconcile_record,0.821
L001035,0.007198609141068034,0.0024630890675832544,0.0018463466536576087,0.7191434574876293,prepaid,0.9636,none,0.6972,0.2259,prepaid_positive_balance; status_source_conflict,prepaid_positive_balance; status_source_conflict,reconcile_record,0.822
L001035,0.007198609141068034,0.0024575727734346634,0.0018463466536576087,0.7191434574876293,prepaid,0.9636,none,0.6972,0.7759,prepaid_positive_balance; status_source_conflict,prepaid_positive_balance; status_source_conflict,escalate_human_review,0.822
L001035,0.006538539918380898,0.0023950905841079663,0.0018326232328261943,0.7166817747557817,prepaid,0.9608,none,0.7017,0.7759,prepaid_positive_balance; status_source_conflict,prepaid_positive_balance; status_source_conflict,escalate_human_review,0.821
L001036,0.06917600938080637,0.16142778083801382,0.0044128694149354365,0.029029708145989642,current,0.7102,none,0.7294,0.2139,outlier_remaining_term_months; status_source_conflict,outlier_remaining_term_months; status_source_conflict,reconcile_record,0.844
L001036,0.16273217948965815,0.37801084935181634,0.014709358617858716,0.034689502275949656,60_dpd,0.5061,none,0.7287,0.7639,outlier_remaining_term_months; status_source_conflict,outlier_remaining_term_months; status_source_conflict,escalate_human_review,0.73
L001036,0.02162265207128672,0.1001633530339709,0.0038222973563476243,0.035362823537409147,current,0.7335,none,0.7655,0.2139,outlier_remaining_term_months; status_source_conflict,outlier_remaining_term_months; status_source_conflict,reconcile_record,0.88
L001036,0.02290736720357862,0.1311366168068903,0.004677836856396184,0.032116267259337535,current,0.7387,missing_docs,0.8833,0.2139,outlier_remaining_term_months; status_source_conflict,outlier_remaining_term_months; status_source_conflict,reconcile_record,0.87
L001036,0.025941972531624377,0.12972800001739643,0.004557446179775926,0.03366407444962889,current,0.74,none,0.7569,0.2139,outlier_remaining_term_months; status_source_conflict,outlier_remaining_term_months; status_source_conflict,reconcile_record,0.868
L001037,0.0634217820815733,0.08400781190623545,0.0012847886688862175,0.14851818260750624,current,0.7025,none,0.718,0.7639,outlier_remaining_term_months; status_source_conflict,outlier_remaining_term_months; status_source_conflict,escalate_human_review,0.832
L001037,0.03833825910832148,0.04255174678663287,0.0007469301643233798,0.21037151273939905,current,0.651,none,0.6936,0.7639,outlier_remaining_term_months; status_source_conflict,outlier_remaining_term_months; status_source_conflict,escalate_human_review,0.834
L001037,0.1852008758930572,0.1906159238834468,0.018526834514111124,0.17745737376144363,60_dpd,0.509,none,0.6441,0.7639,outlier_remaining_term_months; status_source_conflict,outlier_remaining_term_months; status_source_conflict,escalate_human_review,0.736
L001038,0.13912352980774892,0.1632683534622312,0.8305565763308942,0.20402241577918892,current,0.5593,none,0.7258,0.2139,outlier_remaining_term_months; status_source_conflict,outlier_remaining_term_months; status_source_conflict,reconcile_record,0.7
L001038,0.0869520188306196,0.03292265534876076,0.9188630103784536,0.11898105457954089,current,0.3966,none,0.6942,0.7999,dpd_status_break; outlier_remaining_term_months; status_source_conflict,dpd_status_break; outlier_remaining_term_months; status_source_conflict,escalate_human_review,0.788
L001038,0.1154798499533774,0.06115236479093259,0.8805674175929079,0.0014939782030339327,default,0.879,none,0.68,0.7639,outlier_remaining_term_months; status_source_conflict,outlier_remaining_term_months; status_source_conflict,escalate_human_review,0.832
L001039,0.04237839773484659,0.0493280969976173,0.0032806772403187866,0.05271003490450669,current,0.7539,none,0.8503,0.2139,outlier_remaining_term_months; status_source_conflict,outlier_remaining_term_months; status_source_conflict,reconcile_record,0.884
L001039,0.036249602131981286,0.040001508587056506,0.0022237124065419608,0.05097333741189397,current,0.7151,none,0.8194,0.2139,outlier_remaining_term_months; status_source_conflict,outlier_remaining_term_months; status_source_conflict,reconcile_record,0.891
L001039,0.03443741758762247,0.04055999831331448,0.0032691735691122346,0.05104884520967784,current,0.7381,none,0.8337,0.2139,outlier_remaining_term_months; status_source_conflict,outlier_remaining_term_months; status_source_conflict,reconcile_record,0.891
L001040,0.030833262377228037,0.019312813553008,0.011687032538031909,0.21194238530447262,current,0.7051,none,0.579,0.2139,outlier_paydown_rate; status_source_conflict,outlier_paydown_rate; status_source_conflict,reconcile_record,0.84
L001040,0.026098533895782015,0.01666151118749393,0.0052977372975808274,0.24871304390218305,current,0.7259,none,0.5772,0.2139,outlier_paydown_rate; status_source_conflict,outlier_paydown_rate; status_source_conflict,reconcile_record,0.832
L001040,0.03021466223677281,0.02015499637030087,0.009281242249084673,0.17414317490996797,current,0.7123,none,0.4766,0.7639,outlier_paydown_rate; status_source_conflict,outlier_paydown_rate; status_source_conflict,escalate_human_review,0.854
L001040,0.032207838262681095,0.020345081526336583,0.00826289372995881,0.2392987067906167,current,0.7316,none,0.5617,0.7639,outlier_paydown_rate; status_source_conflict,outlier_paydown_rate; status_source_conflict,escalate_human_review,0.831
L001041,0.11862829973862994,0.16578625547091366,0.5691493126173234,0.15938876120904855,current,0.6192,none,0.8649,0.7639,outlier_remaining_term_months; status_source_conflict,outlier_remaining_term_months; status_source_conflict,escalate_human_review,0.63
L001041,0.12962156091749974,0.18540253511697355,0.5829149834155466,0.19147363564538286,current,0.6221,none,0.8425,0.7639,outlier_remaining_term_months; status_source_conflict,outlier_remaining_term_months; status_source_conflict,escalate_human_review,0.613
L001041,0.20848028876882171,0.24553911217421742,0.6929542089596321,0.003446447548663131,default,0.6717,none,0.7844,0.7639,outlier_remaining_term_months; status_source_conflict,outlier_remaining_term_months; status_source_conflict,escalate_human_review,0.669
L001042,0.005789581138146535,0.0021641609870464186,0.001294398231406994,0.4118575857052104,prepaid,0.9816,none,0.7898,0.2259,prepaid_positive_balance; status_source_conflict,prepaid_positive_balance; status_source_conflict,reconcile_record,0.776
L001042,0.005597176240406047,0.0016831774265210185,0.0013004272040888375,0.4118575857052104,prepaid,0.9775,none,0.7862,0.2259,prepaid_positive_balance; status_source_conflict,prepaid_positive_balance; status_source_conflict,reconcile_record,0.777
L001043,0.03349214344782431,0.009966455560383813,0.0021336045830265466,0.14678432356401855,current,0.7214,none,0.7068,0.7639,outlier_remaining_term_months; status_source_conflict,outlier_remaining_term_months; status_source_conflict,escalate_human_review,0.869
L001043,0.028857887085196026,0.008024046996412175,0.002132888840610083,0.12793982112112717,current,0.6916,none,0.7054,0.7639,outlier_remaining_term_months; status_source_conflict,outlier_remaining_term_months; status_source_conflict,escalate_human_review,0.878
L001043,0.018432736526294017,0.01447804518666733,0.0009912525465765505,0.37887894111241044,current,0.6745,none,0.5422,0.8026,missing_core; outlier_remaining_term_months; status_source_conflict,missing_core; outlier_remaining_term_months; status_source_conflict,escalate_human_review,0.753
L001043,0.020512229734302372,0.011383939537033039,0.0012451929430125257,0.10151295863430342,current,0.485,none,0.7213,0.7639,outlier_remaining_term_months; status_source_conflict,outlier_remaining_term_months; status_source_conflict,escalate_human_review,0.889
L001043,0.02117974169448054,0.007112533755118524,0.0014008404545683593,0.11816224569841112,current,0.687,none,0.692,0.7639,outlier_remaining_term_months; status_source_conflict,outlier_remaining_term_months; status_source_conflict,escalate_human_review,0.884
L001044,0.021519426283585583,0.013519395182564224,0.002930668327818855,0.528746515759085,current,0.767,none,0.7571,0.7639,outlier_remaining_term_months; status_source_conflict,outlier_remaining_term_months; status_source_conflict,escalate_human_review,0.758
L001044,0.023568093666066436,0.011761321432915472,0.002626785729190731,0.5243288823075412,current,0.7856,none,0.776,0.7639,outlier_remaining_term_months; status_source_conflict,outlier_remaining_term_months; status_source_conflict,escalate_human_review,0.756
L001044,0.03316531586487748,0.014271140987132128,0.0022643331468526788,0.515085139552265,current,0.544,none,0.7626,0.7639,outlier_remaining_term_months; status_source_conflict,outlier_remaining_term_months; status_source_conflict,escalate_human_review,0.749
L001044,0.024559642285662542,0.013363302073782382,0.0023568873499963104,0.5151942050842523,current,0.7765,none,0.774,0.7639,outlier_remaining_term_months; status_source_conflict,outlier_remaining_term_months; status_source_conflict,escalate_human_review,0.752
L001044,0.009243258941517493,0.002673050353917681,0.000935160241177996,0.49242557565712314,prepaid,0.8028,none,0.7141,0.7999,prepaid_positive_balance; outlier_remaining_term_months; status_source_conflict,prepaid_positive_balance; outlier_remaining_term_months; status_source_conflict,escalate_human_review,0.723
L001045,0.1777447693304969,0.08178089402636379,0.6012094156507883,0.001149105025848697,default,0.9561,none,0.674,0.8359,balance_exceeds_original; outlier_remaining_term_months; outlier_balance_ratio,balance_exceeds_original; outlier_remaining_term_months; outlier_balance_ratio,escalate_human_review,0.633
L001045,0.24176778310449812,0.09108598423551716,0.636108179687475,0.001194929023911737,default,0.8641,none,0.7017,0.7879,outlier_remaining_term_months; outlier_paydown_rate; status_source_conflict,outlier_remaining_term_months; outlier_paydown_rate; status_source_conflict,escalate_human_review,0.668
L001045,0.21645037303272074,0.060759013340211776,0.5829885557241877,0.0013212646454791243,default,0.9617,none,0.6802,0.7639,outlier_remaining_term_months; status_source_conflict,outlier_remaining_term_months; status_source_conflict,escalate_human_review,0.692
L001045,0.21344901232808247,0.08193784865304311,0.5976854571176955,0.0013212646454791243,default,0.9597,none,0.68,0.7639,outlier_remaining_term_months; status_source_conflict,outlier_remaining_term_months; status_source_conflict,escalate_human_review,0.691
L001046,0.396796521695203,0.5980401133397125,0.9347102842718602,0.001092106680986425,default,0.9729,none,0.8341,0.6649,status_source_conflict,status_source_conflict,reconcile_record,0.657
L001046,0.3325414689407799,0.5965076981456147,0.9324314170511268,0.0010543063677166235,default,0.9729,none,0.825,0.6649,status_source_conflict,status_source_conflict,reconcile_record,0.679
L001046,0.3783780407289605,0.6045453422462478,0.9351546520889986,0.0012024473509505702,default,0.9698,missing_docs,0.81,0.6649,status_source_conflict,status_source_conflict,reconcile_record,0.666
L001046,0.40254449235284007,0.6150104573557037,0.9318116552849421,0.0010924783907595437,default,0.9724,none,0.8305,0.6649,status_source_conflict,status_source_conflict,reconcile_record,0.66
L001047,0.12136054025367175,0.29254435144008234,0.001052908410907317,0.03677448811384356,current,0.8095,none,0.6452,0.1149,balance_source_conflict,balance_source_conflict,reconcile_record,0.802
L001047,0.11456593313380091,0.1498246216228342,0.0009390442679420222,0.0676401745615834,current,0.7597,none,0.5273,0.1149,balance_source_conflict,balance_source_conflict,reconcile_record,0.844
L001047,0.11914340514359338,0.23591780335388934,0.001098222150364296,0.14135286937326294,current,0.7647,none,0.6318,0.1149,balance_source_conflict,balance_source_conflict,reconcile_record,0.786
L001047,0.14342725168975887,0.35795259680030095,0.0010913295430607648,0.0899241738164835,current,0.7554,none,0.6321,0.1149,balance_source_conflict,balance_source_conflict,reconcile_record,0.753
L001048,0.31918717108317646,0.47279591946035787,0.007515132540364025,0.061182535915491,current,0.6105,none,0.8468,0.1149,status_source_conflict,status_source_conflict,reconcile_record,0.659
L001048,0.29362030301583264,0.48585184633757567,0.009233636204534218,0.09442114521690549,current,0.4328,none,0.8101,0.7759,dpd_status_break; status_source_conflict,dpd_status_break; status_source_conflict,escalate_human_review,0.615
L001048,0.21024617387095493,0.43192648798819744,0.004669191365870327,0.10073077241344364,current,0.5574,none,0.8512,0.1149,status_source_conflict,status_source_conflict,reconcile_record,0.698
L001048,0.18851977749066687,0.4575950200769959,0.005718415150156007,0.19180484551628654,current,0.5729,none,0.8613,0.1149,status_source_conflict,status_source_conflict,reconcile_record,0.665
L001048,0.24087804029733428,0.47855901807249307,0.005392594714815621,0.16913462581646796,current,0.5738,none,0.8677,0.1149,status_source_conflict,status_source_conflict,reconcile_record,0.647
L001049,0.019153959059224027,0.014289355385902472,0.000518507181269453,0.057460007867273406,current,0.7652,none,0.74,0.1149,status_source_conflict,status_source_conflict,reconcile_record,0.928
L001049,0.013526272224153391,0.006476496910157697,0.0006241238246704708,0.09476006799244953,current,0.5848,none,0.6199,0.2379,balance_exceeds_original; outlier_paydown_rate; status_source_conflict,balance_exceeds_original; outlier_paydown_rate; status_source_conflict,reconcile_record,0.871
L001049,0.023395623288406418,0.01174159279158723,0.0008458949416472904,0.07202283625524099,current,0.7184,none,0.7207,0.2139,outlier_paydown_rate; status_source_conflict,outlier_paydown_rate; status_source_conflict,reconcile_record,0.898
L001050,0.014727737993614315,0.010714649582814003,0.002795108600704449,0.026384497058417753,current,0.7785,none,0.7175,0.1149,status_source_conflict,status_source_conflict,reconcile_record,0.941
L001050,0.02283419973904603,0.021002065761061995,0.001797187214207026,0.019842802598594562,current,0.7491,none,0.7032,0.1149,status_source_conflict,status_source_conflict,reconcile_record,0.937
L001050,0.015845882807514755,0.0092925791493262,0.0013575840067350036,0.01981155491760558,current,0.7564,none,0.7257,0.1149,status_source_conflict,status_source_conflict,reconcile_record,0.944
L001050,0.01587339443872211,0.012662209794886125,0.0013545318725069978,0.024821846281291537,current,0.773,none,0.727,0.1149,status_source_conflict,status_source_conflict,reconcile_record,0.941
L001050,0.015501896731665984,0.010583392804560282,0.0014758682447460604,0.024069896573125152,current,0.6845,none,0.626,0.2379,future_update; outlier_paydown_rate; status_source_conflict,future_update; outlier_paydown_rate; status_source_conflict,reconcile_record,0.894
L001051,0.027046079351129102,0.018749438510983738,0.005167968650315648,0.15262462398066715,current,0.7573,missing_docs,0.879,0.1149,status_source_conflict,status_source_conflict,reconcile_record,0.889
L001051,0.017996821825909195,0.02025969351163634,0.004379385587225867,0.23255831198671287,current,0.724,none,0.8602,0.1149,status_source_conflict,status_source_conflict,reconcile_record,0.863
L001051,0.03648741733108669,0.02609539419474056,0.0049311001032709125,0.1983486981908518,current,0.5803,none,0.8188,0.1149,status_source_conflict,status_source_conflict,reconcile_record,0.867
L001051,0.03408356952311092,0.018276222738419796,0.009602949157567372,0.27710667292103075,current,0.7049,none,0.8334,0.1149,status_source_conflict,status_source_conflict,reconcile_record,0.841
L001052,0.09667530918510862,0.2925803888022152,0.009002841138612862,0.03939093674219361,current,0.6253,none,0.7815,0.2349,dpd_impossible; status_source_conflict,dpd_impossible; status_source_conflict,reconcile_record,0.762
L001052,0.13124199217250623,0.32523253520646306,0.01053001647459399,0.035452509519561956,current,0.5015,none,0.7616,0.1149,status_source_conflict,status_source_conflict,reconcile_record,0.784
L001052,0.2067838117822697,0.37725179506199297,0.009689732738060034,0.033024656908980855,current,0.5318,none,0.6974,0.2139,outlier_paydown_rate; status_source_conflict,outlier_paydown_rate; status_source_conflict,reconcile_record,0.717
L001053,0.006936400133848493,0.0028050018596820175,0.0004620173806064716,0.5567077493374527,prepaid,0.9665,none,0.7635,0.2259,prepaid_positive_balance; status_source_conflict,prepaid_positive_balance; status_source_conflict,reconcile_record,0.765
L001053,0.007636306704836879,0.002736288293922981,0.0004647491982300523,0.5201220018676352,prepaid,0.9491,none,0.6643,0.2259,prepaid_positive_balance; status_source_conflict,prepaid_positive_balance; status_source_conflict,reconcile_record,0.753
L001053,0.007135203057889525,0.002849270107934631,0.00046716783442487343,0.5567077493374527,prepaid,0.9647,none,0.7672,0.2259,prepaid_positive_balance; status_source_conflict,prepaid_positive_balance; status_source_conflict,reconcile_record,0.765
L001053,0.008943884534685023,0.003148290730158692,0.0005339921388028651,0.4865826376383085,prepaid,0.9665,none,0.751,0.2259,prepaid_positive_balance; status_source_conflict,prepaid_positive_balance; status_source_conflict,reconcile_record,0.749
L001053,0.007135203057889525,0.002849270107934631,0.00046716783442487343,0.5567077493374527,prepaid,0.9647,none,0.7659,0.2259,prepaid_positive_balance; status_source_conflict,prepaid_positive_balance; status_source_conflict,reconcile_record,0.765
L001053,0.007608015067255068,0.003129678512390464,0.000532826794728955,0.555762631944644,prepaid,0.9664,none,0.7628,0.2259,prepaid_positive_balance; status_source_conflict,prepaid_positive_balance; status_source_conflict,reconcile_record,0.764
L001054,0.03959334651598701,0.0514551998604735,0.00707443134253244,0.038484927510562275,current,0.7152,none,0.8403,0.1149,status_source_conflict,status_source_conflict,reconcile_record,0.912
L001054,0.041044039309634114,0.054078852107274734,0.008777692163952404,0.02743626530010551,current,0.7087,none,0.7081,0.1149,status_source_conflict,status_source_conflict,reconcile_record,0.914
L001054,0.04574812236108075,0.050250394890570316,0.006561716793228932,0.02826182206116314,current,0.7182,none,0.7043,0.1149,status_source_conflict,status_source_conflict,reconcile_record,0.915
L001054,0.039381836065613345,0.04942158026658914,0.007876504152439456,0.03745928922180563,current,0.7717,none,0.8554,0.1149,status_source_conflict,status_source_conflict,reconcile_record,0.913
L001054,0.04597090954696855,0.05104451969858879,0.0065905903435559965,0.02431874373321839,current,0.7115,none,0.7108,0.1149,status_source_conflict,status_source_conflict,reconcile_record,0.915
L001054,0.038883195732731024,0.04841214246607297,0.007876504152439456,0.03341350978060609,current,0.7611,none,0.8552,0.6649,status_source_conflict,status_source_conflict,reconcile_record,0.915
L001055,0.016026270809697967,0.017852285485431118,0.013594400213754125,0.5664367755416998,current,0.4783,none,0.6691,0.7639,outlier_remaining_term_months; status_source_conflict,outlier_remaining_term_months; status_source_conflict,escalate_human_review,0.767
L001055,0.005827837330090245,0.0033478063847618834,0.004762706080025229,0.6381304807878977,prepaid,0.819,none,0.6794,0.7999,prepaid_positive_balance; outlier_remaining_term_months; status_source_conflict,prepaid_positive_balance; outlier_remaining_term_months; status_source_conflict,escalate_human_review,0.768
L001055,0.006684996717864755,0.0036482262646398843,0.003294076684277687,0.5893481542902278,prepaid,0.8167,none,0.6682,0.7999,prepaid_positive_balance; outlier_remaining_term_months; status_source_conflict,prepaid_positive_balance; outlier_remaining_term_months; status_source_conflict,escalate_human_review,0.752
L001055,0.005755099491262305,0.0026714531839888435,0.004762706080025229,0.6392263078018495,prepaid,0.8166,none,0.6816,0.7999,prepaid_positive_balance; outlier_remaining_term_months; status_source_conflict,prepaid_positive_balance; outlier_remaining_term_months; status_source_conflict,escalate_human_review,0.769
L001055,0.007065242127140252,0.003361644525174729,0.0036979335002957064,0.6323700477132317,prepaid,0.8212,none,0.6682,0.7999,prepaid_positive_balance; outlier_remaining_term_months; status_source_conflict,prepaid_positive_balance; outlier_remaining_term_months; status_source_conflict,escalate_human_review,0.766
L001055,0.0061342440698986395,0.0024981271876909363,0.005411910487006133,0.6427434682505158,prepaid,0.8166,none,0.6715,0.7999,prepaid_positive_balance; outlier_remaining_term_months; status_source_conflict,prepaid_positive_balance; outlier_remaining_term_months; status_source_conflict,escalate_human_review,0.77
L001056,0.04000177126715641,0.044229160749066694,0.005177613010979854,0.7889893452977158,current,0.3197,none,0.7522,0.6649,status_source_conflict,status_source_conflict,reconcile_record,0.855
L001056,0.023716135568590733,0.02670397137487543,0.009078411748278264,0.6602997179835194,current,0.709,none,0.8034,0.1149,status_source_conflict,status_source_conflict,reconcile_record,0.82
L001056,0.007579638995266026,0.0025604263479550517,0.0009380823129962407,0.7097424577189764,prepaid,0.8107,missing_docs,0.7949,0.2259,prepaid_positive_balance; status_source_conflict,prepaid_positive_balance; status_source_conflict,reconcile_record,0.818
L001056,0.007508889791932677,0.002345453479098518,0.0009089335330178541,0.7106808007447393,prepaid,0.8106,none,0.7736,0.2259,prepaid_positive_balance; status_source_conflict,prepaid_positive_balance; status_source_conflict,reconcile_record,0.819
L001057,0.03934281153200108,0.03352923398151458,0.0036040135892231764,0.0004476774649760252,current,0.7371,none,0.7561,0.1149,status_source_conflict,status_source_conflict,reconcile_record,0.933
L001057,0.0387658661400489,0.03404223405536766,0.0034971812794511565,0.0004253477212189562,current,0.7465,none,0.7673,0.1149,status_source_conflict,status_source_conflict,reconcile_record,0.933
L001057,0.04579643881216483,0.044220192855451,0.004398409186446832,0.0015065457255071968,current,0.7245,missing_docs,0.8077,0.1149,status_source_conflict,status_source_conflict,reconcile_record,0.926
L001057,0.041827496932780144,0.03972038088792095,0.0032309757753187056,0.0005512896588451784,current,0.7153,none,0.7464,0.1149,status_source_conflict,status_source_conflict,reconcile_record,0.93
L001058,0.07783040395452158,0.04677508936358012,0.0013029639965591807,0.011911515634286718,current,0.7146,none,0.7865,0.2139,outlier_remaining_term_months; status_source_conflict,outlier_remaining_term_months; status_source_conflict,reconcile_record,0.888
L001058,0.07032434527804098,0.041841148862230636,0.0011939641832557147,0.012487115916749175,current,0.7045,none,0.7732,0.2139,outlier_remaining_term_months; status_source_conflict,outlier_remaining_term_months; status_source_conflict,reconcile_record,0.892
L001059,0.026506979921591598,0.00955737711872296,0.009351490432978544,0.008817497682148795,current,0.7249,none,0.7957,0.1149,status_source_conflict,status_source_conflict,reconcile_record,0.941
L001059,0.028595741285495843,0.012435009231106816,0.009017968758535992,0.008382510716225536,current,0.6589,none,0.788,0.1149,status_source_conflict,status_source_conflict,reconcile_record,0.94
L001059,0.027167825275612328,0.010993076945327251,0.007292361314636824,0.008460758756054685,current,0.7208,none,0.8069,0.6649,status_source_conflict,status_source_conflict,reconcile_record,0.941
L001059,0.0289141774557017,0.01150516272963177,0.011605001383492006,0.009023062132301739,current,0.6592,none,0.6207,0.6649,status_source_conflict,status_source_conflict,reconcile_record,0.938
L001060,0.08246836026112901,0.1491208805970496,0.002310391123723648,0.11728629530432459,current,0.7723,none,0.836,0.1149,status_source_conflict,status_source_conflict,reconcile_record,0.837
L001060,0.0719313785015603,0.17969146274878237,0.002228054502492719,0.13835638930192476,current,0.7615,none,0.8288,0.1149,status_source_conflict,status_source_conflict,reconcile_record,0.823
L001060,0.08655611924960856,0.16985627299973585,0.002879906025882619,0.13883728564563394,current,0.7315,none,0.8263,0.1149,status_source_conflict,status_source_conflict,reconcile_record,0.821
L001060,0.05264720018621253,0.09046070353925922,0.0018216980960046938,0.06726623461375476,current,0.716,none,0.8087,0.1149,status_source_conflict,status_source_conflict,reconcile_record,0.886
L001060,0.09379223982307706,0.17234474030387684,0.0021234534177504804,0.10291598313269124,current,0.7441,none,0.783,0.1149,status_source_conflict,status_source_conflict,reconcile_record,0.83
L001061,0.011665428778693884,0.002320333872604667,0.0009508617541037317,0.8799361648130161,prepaid,0.9171,none,0.6299,0.2499,prepaid_positive_balance; outlier_remaining_term_months; status_source_conflict,prepaid_positive_balance; outlier_remaining_term_months; status_source_conflict,reconcile_record,0.852
L001061,0.01056401492041712,0.0026072711091203737,0.0011847580791426004,0.9180533148786086,prepaid,0.9221,none,0.779,0.2499,prepaid_positive_balance; outlier_remaining_term_months; status_source_conflict,prepaid_positive_balance; outlier_remaining_term_months; status_source_conflict,reconcile_record,0.866
L001061,0.010994054230525538,0.002476772443127365,0.001225410980948789,0.9184446925106764,prepaid,0.9231,none,0.7665,0.2499,prepaid_positive_balance; outlier_remaining_term_months; status_source_conflict,prepaid_positive_balance; outlier_remaining_term_months; status_source_conflict,reconcile_record,0.866
L001061,0.01056401492041712,0.0026138320617682485,0.0011847580791426004,0.9180533148786086,prepaid,0.9221,none,0.779,0.2499,prepaid_positive_balance; outlier_remaining_term_months; status_source_conflict,prepaid_positive_balance; outlier_remaining_term_months; status_source_conflict,reconcile_record,0.866
L001061,0.011243881117126556,0.002689923473889038,0.001225410980948789,0.9150231720549019,prepaid,0.9189,none,0.7741,0.7999,prepaid_positive_balance; outlier_remaining_term_months; status_source_conflict,prepaid_positive_balance; outlier_remaining_term_months; status_source_conflict,escalate_human_review,0.865
L001062,0.009113571223426216,0.0025030371307926003,0.0005452167373987564,0.6091105218040056,prepaid,0.9816,none,0.7258,0.2499,prepaid_positive_balance; outlier_remaining_term_months; status_source_conflict,prepaid_positive_balance; outlier_remaining_term_months; status_source_conflict,reconcile_record,0.759
L001062,0.007864671537527998,0.0026375211010529116,0.0005191423771969294,0.4119212298794838,prepaid,0.9759,none,0.7096,0.2499,prepaid_positive_balance; outlier_remaining_term_months; status_source_conflict,prepaid_positive_balance; outlier_remaining_term_months; status_source_conflict,reconcile_record,0.752
L001062,0.009974634862849012,0.002595711273512957,0.0005443255941633478,0.6485572264067704,prepaid,0.9671,none,0.707,0.2499,prepaid_positive_balance; outlier_remaining_term_months; status_source_conflict,prepaid_positive_balance; outlier_remaining_term_months; status_source_conflict,reconcile_record,0.773
L001063,0.02783277078376944,0.009726062604864832,0.0021168290886441608,0.36554787071738787,current,0.7871,none,0.8534,0.1149,status_source_conflict,status_source_conflict,reconcile_record,0.818
L001063,0.02399561670723434,0.012300910806844532,0.002233694308650098,0.28818773907883216,current,0.7751,none,0.8505,0.1149,status_source_conflict,status_source_conflict,reconcile_record,0.846
L001063,0.020317825502413893,0.010498686790832129,0.0019239003755071218,0.40191473204747696,current,0.7983,none,0.848,0.1149,status_source_conflict,status_source_conflict,reconcile_record,0.808
L001063,0.03555492895192298,0.013385792156567338,0.0022091151996932955,0.2311197142922503,90_dpd,0.6038,none,0.8046,0.6649,status_source_conflict,status_source_conflict,reconcile_record,0.861
L001063,0.01563959307135889,0.006744250593370919,0.0011935203096644696,0.31732256271513165,current,0.7836,none,0.821,0.1149,status_source_conflict,status_source_conflict,reconcile_record,0.841
L001064,0.1037500014090194,0.2340325938001143,0.02698432461002088,0.0672934900332781,current,0.8351,none,0.766,0.1149,status_source_conflict,status_source_conflict,reconcile_record,0.809
L001064,0.09387439971300564,0.11904357564637515,0.015098527622078375,0.2205661528333164,current,0.7884,none,0.7787,0.1149,status_source_conflict,status_source_conflict,reconcile_record,0.803
L001064,0.12841037953367965,0.17420377464465706,0.024550228797865375,0.051918072881399345,current,0.7712,none,0.7798,0.1149,status_source_conflict,status_source_conflict,reconcile_record,0.827
L001064,0.1268570987301927,0.19071320128678462,0.04613566870908171,0.06155522472898186,current,0.7808,none,0.7756,0.1149,status_source_conflict,status_source_conflict,reconcile_record,0.811
L001064,0.13001471999348233,0.16215639094042836,0.0476114314942993,0.05301603211449154,current,0.7795,none,0.7789,0.1149,status_source_conflict,status_source_conflict,reconcile_record,0.823
L001067,0.035177464616106206,0.02755560273457083,0.002473530945047624,0.005362767203923042,current,0.7439,none,0.8519,0.1149,status_source_conflict,status_source_conflict,reconcile_record,0.936
L001067,0.04042366900330183,0.02428021292924192,0.002724856283604952,0.004432312395061686,current,0.7141,none,0.8497,0.1149,status_source_conflict,status_source_conflict,reconcile_record,0.935
L001067,0.038312068297314206,0.02627372181871326,0.0020801504712244898,0.004951419776369333,current,0.7048,none,0.848,0.1149,status_source_conflict,status_source_conflict,reconcile_record,0.935
L001067,0.041240048892802694,0.03392748705506349,0.002867987477414619,0.00449935679307274,current,0.669,none,0.835,0.1149,status_source_conflict,status_source_conflict,reconcile_record,0.931
L001067,0.04003265615442025,0.033146778923265896,0.002392510922208618,0.005109812940619909,current,0.6644,none,0.8331,0.1149,status_source_conflict,status_source_conflict,reconcile_record,0.932
L001068,0.08618788025582681,0.035777134617236604,0.002248921279091367,0.5225249494525873,current,0.75,none,0.8137,0.2139,outlier_remaining_term_months; status_source_conflict,outlier_remaining_term_months; status_source_conflict,reconcile_record,0.725
L001068,0.08037732485351805,0.0356054356087112,0.0021272743876318005,0.5084001017637415,current,0.7437,missing_docs,0.8851,0.2139,outlier_remaining_term_months; status_source_conflict,outlier_remaining_term_months; status_source_conflict,reconcile_record,0.723
L001068,0.0974672393338616,0.044781896564851854,0.004444646807654388,0.5345991926818446,current,0.7278,none,0.788,0.2139,outlier_remaining_term_months; status_source_conflict,outlier_remaining_term_months; status_source_conflict,reconcile_record,0.722
L001068,0.10316357996212407,0.04245225814970302,0.004309493796430366,0.5281334095843776,current,0.7369,none,0.7953,0.2139,outlier_remaining_term_months; status_source_conflict,outlier_remaining_term_months; status_source_conflict,reconcile_record,0.718
L001068,0.09954566007075705,0.04312357453550351,0.004441958405620227,0.528752776415332,current,0.7273,none,0.7985,0.2139,outlier_remaining_term_months; status_source_conflict,outlier_remaining_term_months; status_source_conflict,reconcile_record,0.72
L001069,0.09308112493297253,0.4342536137584487,0.006166505128051503,0.013937339365221275,current,0.6779,none,0.7235,0.2139,outlier_paydown_rate; status_source_conflict,outlier_paydown_rate; status_source_conflict,reconcile_record,0.744
L001069,0.21261823877075137,0.4766452382126844,0.026107227986236197,0.015623990763141618,60_dpd,0.4895,none,0.7006,0.6649,status_source_conflict,status_source_conflict,reconcile_record,0.705
L001070,0.15004914667538177,0.38678642606889,0.04520847614953041,0.0015031050706749139,current,0.7108,none,0.5889,0.1149,status_source_conflict,status_source_conflict,reconcile_record,0.756
L001070,0.15546431733745245,0.4749383043097229,0.03880016559961061,0.0010764502789407935,current,0.7183,none,0.7014,0.1149,status_source_conflict,status_source_conflict,reconcile_record,0.726
L001070,0.18047752209254606,0.5364970503535442,0.09383623776223816,0.0007784692342143323,current,0.7094,none,0.7051,0.1149,status_source_conflict,status_source_conflict,reconcile_record,0.702
L001070,0.1434683165329719,0.5020739362962088,0.06483327496808902,0.0009489835328963277,current,0.7157,none,0.6891,0.1149,status_source_conflict,status_source_conflict,reconcile_record,0.712
L001071,0.06371670463474048,0.03934971090887442,0.0010634624379227892,0.04780429859432792,current,0.5902,none,0.8061,0.7639,outlier_remaining_term_months; status_source_conflict,outlier_remaining_term_months; status_source_conflict,escalate_human_review,0.883
L001071,0.08524345002892096,0.049356465004850934,0.0018695617844934453,0.06206471476194525,current,0.709,none,0.7762,0.7639,outlier_remaining_term_months; status_source_conflict,outlier_remaining_term_months; status_source_conflict,escalate_human_review,0.867
L001071,0.11410161277220982,0.05587119516707253,0.003654046351686652,0.049189298209518,current,0.5643,none,0.7998,0.2139,outlier_remaining_term_months; status_source_conflict,outlier_remaining_term_months; status_source_conflict,reconcile_record,0.858
L001072,0.29119480579873963,0.4702628835671369,0.8834905947032082,0.001757080759234804,default,0.9877,none,0.7355,0.7639,outlier_remaining_term_months; status_source_conflict,outlier_remaining_term_months; status_source_conflict,escalate_human_review,0.628
L001072,0.24686591893789642,0.42051724069669055,0.8319585991816888,0.0018962678582186549,default,0.9876,none,0.739,0.7639,outlier_remaining_term_months; status_source_conflict,outlier_remaining_term_months; status_source_conflict,escalate_human_review,0.643
L001072,0.2767606445562533,0.4649291639943282,0.8467006667059489,0.0016437351070165637,default,0.9757,missing_docs,0.7709,0.7639,outlier_remaining_term_months; status_source_conflict,outlier_remaining_term_months; status_source_conflict,escalate_human_review,0.622
L001072,0.24686591893789642,0.42051724069669055,0.8320261150429372,0.0018962678582186549,default,0.9876,none,0.739,0.7639,outlier_remaining_term_months; status_source_conflict,outlier_remaining_term_months; status_source_conflict,escalate_human_review,0.643
L001073,0.01147571837345406,0.004791322031517813,0.000640075337513646,0.31393779956026036,prepaid,0.9535,none,0.7949,0.2259,prepaid_positive_balance; status_source_conflict,prepaid_positive_balance; status_source_conflict,reconcile_record,0.809
L001073,0.012174245717399251,0.0048286372466816935,0.0006399244292699535,0.3323681285987123,prepaid,0.9535,none,0.7952,0.2259,prepaid_positive_balance; status_source_conflict,prepaid_positive_balance; status_source_conflict,reconcile_record,0.802
L001074,0.0054781983698767795,0.001942598131315494,0.001033057300960958,0.2382625898549052,prepaid,0.982,none,0.8272,0.2499,prepaid_positive_balance; outlier_remaining_term_months; status_source_conflict,prepaid_positive_balance; outlier_remaining_term_months; status_source_conflict,reconcile_record,0.814
L001074,0.0054781983698767795,0.001942598131315494,0.0010339719886227844,0.2382625898549052,prepaid,0.982,none,0.8272,0.2499,prepaid_positive_balance; outlier_remaining_term_months; status_source_conflict,prepaid_positive_balance; outlier_remaining_term_months; status_source_conflict,reconcile_record,0.814
L001074,0.0057614009923253225,0.001981970870387271,0.0010560862595091153,0.29140601920941145,prepaid,0.982,none,0.837,0.2499,prepaid_positive_balance; outlier_remaining_term_months; status_source_conflict,prepaid_positive_balance; outlier_remaining_term_months; status_source_conflict,reconcile_record,0.795
L001075,0.009372903318432284,0.0028451212353567366,0.0004842293032600611,0.31161649132303454,prepaid,0.8808,none,0.8477,0.2259,prepaid_positive_balance; status_source_conflict,prepaid_positive_balance; status_source_conflict,reconcile_record,0.811
L001075,0.008400724024633212,0.002639459998937976,0.00047500685843726104,0.29962761771197616,prepaid,0.8893,none,0.828,0.2259,prepaid_positive_balance; status_source_conflict,prepaid_positive_balance; status_source_conflict,reconcile_record,0.815
L001075,0.009123106524850861,0.0029069165259569783,0.0004851456401536013,0.1992533068518517,prepaid,0.876,none,0.8247,0.2259,prepaid_positive_balance; status_source_conflict,prepaid_positive_balance; status_source_conflict,reconcile_record,0.85
L001075,0.00869427752033701,0.0028646274144660862,0.00048415480578176394,0.31466656155798917,prepaid,0.876,none,0.8451,0.2259,prepaid_positive_balance; status_source_conflict,prepaid_positive_balance; status_source_conflict,reconcile_record,0.81
L001075,0.00867691996377831,0.002875917851159794,0.0005003657827855667,0.3242716672298002,prepaid,0.876,none,0.8458,0.2259,prepaid_positive_balance; status_source_conflict,prepaid_positive_balance; status_source_conflict,reconcile_record,0.806
L001076,0.08525335335288801,0.07054474913683602,0.0019043493774550519,0.14803317700523508,current,0.6587,none,0.8599,0.7639,outlier_remaining_term_months; status_source_conflict,outlier_remaining_term_months; status_source_conflict,escalate_human_review,0.829
L001076,0.10588178412003113,0.11404886240475721,0.003004174249768412,0.06785122243805077,current,0.3997,missing_docs,0.8056,0.7999,dpd_status_break; outlier_remaining_term_months; status_source_conflict,dpd_status_break; outlier_remaining_term_months; status_source_conflict,escalate_human_review,0.799
L001076,0.06559001874113281,0.09260675992476075,0.002065889907243185,0.03884706758750182,current,0.6287,none,0.846,0.7639,outlier_remaining_term_months; status_source_conflict,outlier_remaining_term_months; status_source_conflict,escalate_human_review,0.866
L001076,0.048491057838277805,0.059597419027507814,0.00321984050020449,0.1569485804152923,current,0.682,none,0.8538,0.7639,outlier_remaining_term_months; status_source_conflict,outlier_remaining_term_months; status_source_conflict,escalate_human_review,0.842
L001076,0.05336352290112365,0.0737221428172251,0.002418963816322716,0.1664465700494782,current,0.6718,none,0.8461,0.7639,outlier_remaining_term_months; status_source_conflict,outlier_remaining_term_months; status_source_conflict,escalate_human_review,0.832
L001076,0.06673713498899199,0.044910370030740325,0.0024869437096311617,0.15471314188680188,current,0.6725,none,0.8509,0.7639,outlier_remaining_term_months; status_source_conflict,outlier_remaining_term_months; status_source_conflict,escalate_human_review,0.842
L001077,0.05388292269713263,0.10483604629340633,0.3867807724760202,0.36219479495066514,current,0.6939,none,0.8251,0.7639,outlier_remaining_term_months; status_source_conflict,outlier_remaining_term_months; status_source_conflict,escalate_human_review,0.618
L001077,0.0692819918451052,0.10783763164078232,0.32337689486447196,0.37373310020996114,current,0.6751,none,0.81,0.2139,outlier_remaining_term_months; status_source_conflict,outlier_remaining_term_months; status_source_conflict,reconcile_record,0.63
L001078,0.010654747847039348,0.0019422618269422833,0.0005221111653008729,0.8294453189336016,prepaid,0.937,none,0.7815,0.2499,prepaid_positive_balance; outlier_remaining_term_months; status_source_conflict,prepaid_positive_balance; outlier_remaining_term_months; status_source_conflict,reconcile_record,0.836
L001078,0.01067660903776472,0.0018755622220210577,0.0005158609165119198,0.8367313108719495,prepaid,0.9413,none,0.7861,0.2499,prepaid_positive_balance; outlier_remaining_term_months; status_source_conflict,prepaid_positive_balance; outlier_remaining_term_months; status_source_conflict,reconcile_record,0.838
L001078,0.008861916272839936,0.001909852699179351,0.0005238899836412923,0.830591500873772,prepaid,0.9412,none,0.7814,0.2499,prepaid_positive_balance; outlier_remaining_term_months; status_source_conflict,prepaid_positive_balance; outlier_remaining_term_months; status_source_conflict,reconcile_record,0.837
L001079,0.21265139673873112,0.38689172907533864,0.8509642542190797,0.001799971778536461,default,0.9356,none,0.5523,0.7939,outlier_remaining_term_months; balance_source_conflict; status_source_conflict,outlier_remaining_term_months; balance_source_conflict; status_source_conflict,escalate_human_review,0.644
L001079,0.18735896677318217,0.32989529843781407,0.7470951298628487,0.002080361479678993,default,0.9336,none,0.5699,0.7939,outlier_remaining_term_months; balance_source_conflict; status_source_conflict,outlier_remaining_term_months; balance_source_conflict; status_source_conflict,escalate_human_review,0.636
L001079,0.23144278687001552,0.37064638358212587,0.8859198071148046,0.0019110951309008653,default,0.9296,none,0.5502,0.7939,outlier_remaining_term_months; balance_source_conflict; status_source_conflict,outlier_remaining_term_months; balance_source_conflict; status_source_conflict,escalate_human_review,0.655
L001079,0.22236092290446866,0.35962959410837864,0.7852170469034566,0.002081031550300086,default,0.9293,none,0.5651,0.7939,outlier_remaining_term_months; balance_source_conflict; status_source_conflict,outlier_remaining_term_months; balance_source_conflict; status_source_conflict,escalate_human_review,0.627
L001079,0.25606652871339436,0.4198128045381074,0.8812430165910161,0.001801059979568225,default,0.9305,none,0.5442,0.7939,outlier_remaining_term_months; balance_source_conflict; status_source_conflict,outlier_remaining_term_months; balance_source_conflict; status_source_conflict,escalate_human_review,0.628
L001081,0.03442781926719977,0.06741162474989765,0.006012048607758331,0.1000725509213612,current,0.7894,none,0.6938,0.1149,status_source_conflict,status_source_conflict,reconcile_record,0.887
L001081,0.06295256321692155,0.05817449292122704,0.0019485762757625194,0.13317290003606802,current,0.8096,none,0.7113,0.1149,status_source_conflict,status_source_conflict,reconcile_record,0.87
L001082,0.07018561940275314,0.12382415169379535,0.05659936965558571,0.005301242135482332,current,0.7344,none,0.7418,0.7639,outlier_paydown_rate; status_source_conflict,outlier_paydown_rate; status_source_conflict,escalate_human_review,0.846
L001082,0.06629897469249925,0.1566326443024588,0.04649566595995954,0.006291509792283043,current,0.76,none,0.7089,0.2139,outlier_paydown_rate; status_source_conflict,outlier_paydown_rate; status_source_conflict,reconcile_record,0.839
L001082,0.08598108191523518,0.15002476123195593,0.027692108796701614,0.0061292454100924,current,0.8165,none,0.7615,0.1149,status_source_conflict,status_source_conflict,reconcile_record,0.866
L001082,0.08266331435598939,0.1426622415305411,0.0264224164029474,0.005643512869015717,current,0.7764,none,0.7528,0.1149,status_source_conflict,status_source_conflict,reconcile_record,0.87
L001084,0.008799588629243404,0.0019198501107725848,0.0003411137180184328,0.27299580611623103,prepaid,0.969,none,0.8883,0.2259,prepaid_positive_balance; status_source_conflict,prepaid_positive_balance; status_source_conflict,reconcile_record,0.825
L001084,0.008799588629243404,0.0019210642945525283,0.0003411137180184328,0.27370765602385405,prepaid,0.9693,none,0.8884,0.2259,prepaid_positive_balance; status_source_conflict,prepaid_positive_balance; status_source_conflict,reconcile_record,0.825
L001084,0.00794983059493021,0.0018730893059685325,0.0003332285158994186,0.22149403746897237,prepaid,0.9698,none,0.8785,0.2259,prepaid_positive_balance; status_source_conflict,prepaid_positive_balance; status_source_conflict,reconcile_record,0.843
L001084,0.00781475091436877,0.0017616714116990893,0.00028005441874528526,0.2740513492750167,prepaid,0.9689,none,0.8779,0.2259,prepaid_positive_balance; status_source_conflict,prepaid_positive_balance; status_source_conflict,reconcile_record,0.825
L001085,0.012003928182240905,0.006378216453788821,0.000819775957536936,0.487154106258159,prepaid,0.9905,none,0.8434,0.2259,prepaid_positive_balance; status_source_conflict,prepaid_positive_balance; status_source_conflict,reconcile_record,0.747
L001085,0.012870826422146145,0.006374033315129433,0.0008488403163596928,0.4787549379513358,prepaid,0.9927,none,0.828,0.2259,prepaid_positive_balance; status_source_conflict,prepaid_positive_balance; status_source_conflict,reconcile_record,0.75
L001085,0.012439763178292455,0.00591047767562446,0.000819775957536936,0.5199582402393353,prepaid,0.9885,none,0.8441,0.2259,prepaid_positive_balance; status_source_conflict,prepaid_positive_balance; status_source_conflict,reconcile_record,0.749
L001086,0.066048416664418,0.10116709477178593,0.0010956011585818595,0.057348533705851516,current,0.7686,none,0.7725,0.1149,status_source_conflict,status_source_conflict,reconcile_record,0.881
L001086,0.15096723281407826,0.42765065604618463,0.008029248118721195,0.05543983234823693,60_dpd,0.4022,none,0.7266,0.6649,status_source_conflict,status_source_conflict,reconcile_record,0.735
L001086,0.029469192931886188,0.10528137175421992,0.0015759600123397702,0.05933263195874566,current,0.7804,none,0.7539,0.1149,status_source_conflict,status_source_conflict,reconcile_record,0.892
L001086,0.04838171431437708,0.10568750765547548,0.0020124726353484214,0.06862890464495243,current,0.7725,none,0.7557,0.1149,status_source_conflict,status_source_conflict,reconcile_record,0.882
L001087,0.06845481139830792,0.10222833616315989,0.029900228204486432,0.004085606533094838,current,0.7288,none,0.8243,0.1149,status_source_conflict,status_source_conflict,reconcile_record,0.889
L001087,0.04812731375295117,0.1123016445849407,0.04403921653594028,0.0040794462692468995,current,0.7436,none,0.7994,0.1149,status_source_conflict,status_source_conflict,reconcile_record,0.887
L001087,0.06172331620074554,0.09442296780278248,0.043035850127657434,0.001687230206440254,current,0.7143,none,0.8119,0.1149,status_source_conflict,status_source_conflict,reconcile_record,0.89
L001087,0.0459816415643489,0.12927556759398254,0.053865064315137566,0.0037726257803991996,current,0.7425,none,0.8013,0.1149,status_source_conflict,status_source_conflict,reconcile_record,0.879
L001088,0.006912514515035834,0.0025492969175785417,0.001171614833632233,0.941136801915604,prepaid,0.9587,none,0.7353,0.2499,prepaid_positive_balance; outlier_remaining_term_months; status_source_conflict,prepaid_positive_balance; outlier_remaining_term_months; status_source_conflict,reconcile_record,0.876
L001088,0.006912514515035834,0.0025492969175785417,0.001171614833632233,0.941136801915604,prepaid,0.9587,none,0.7353,0.2499,prepaid_positive_balance; outlier_remaining_term_months; status_source_conflict,prepaid_positive_balance; outlier_remaining_term_months; status_source_conflict,reconcile_record,0.876
L001088,0.008159907425437353,0.0027722601736172893,0.0014237016923318968,0.9409191344083173,prepaid,0.9587,none,0.7407,0.2499,prepaid_positive_balance; outlier_remaining_term_months; status_source_conflict,prepaid_positive_balance; outlier_remaining_term_months; status_source_conflict,reconcile_record,0.875
L001088,0.008159907425437353,0.0027722601736172893,0.0014237016923318968,0.9409191344083173,prepaid,0.9587,none,0.7407,0.7999,prepaid_positive_balance; outlier_remaining_term_months; status_source_conflict,prepaid_positive_balance; outlier_remaining_term_months; status_source_conflict,escalate_human_review,0.875
L001088,0.008158620811304848,0.002909990868896862,0.00140501201527482,0.9406427666937649,prepaid,0.9587,none,0.7397,0.7999,prepaid_positive_balance; outlier_remaining_term_months; status_source_conflict,prepaid_positive_balance; outlier_remaining_term_months; status_source_conflict,escalate_human_review,0.875
L001089,0.011935047397646151,0.002682956435294814,0.0011103551059080629,0.7710136225657243,prepaid,0.9473,none,0.8331,0.2259,prepaid_positive_balance; status_source_conflict,prepaid_positive_balance; status_source_conflict,reconcile_record,0.839
L001089,0.011987943997941002,0.0035831148794694782,0.0016322966326634773,0.8028668538721756,prepaid,0.9473,none,0.8516,0.2259,prepaid_positive_balance; status_source_conflict,prepaid_positive_balance; status_source_conflict,reconcile_record,0.849
L001089,0.012595384664517676,0.003298745092360484,0.001636743598434448,0.8068564999779749,prepaid,0.9473,none,0.8429,0.2259,prepaid_positive_balance; status_source_conflict,prepaid_positive_balance; status_source_conflict,reconcile_record,0.851
L001089,0.0124541679438646,0.0027348530844926336,0.0011102247777709856,0.7710136225657243,prepaid,0.9442,none,0.8331,0.7759,prepaid_positive_balance; status_source_conflict,prepaid_positive_balance; status_source_conflict,escalate_human_review,0.838
L001090,0.04000011776053001,0.018319034881327592,0.004362495465561478,0.06128609641862926,current,0.7222,none,0.6059,0.1149,status_source_conflict,status_source_conflict,reconcile_record,0.917
L001090,0.03708574901127512,0.017466196506298787,0.00423896814525795,0.07079332918425986,current,0.7032,none,0.6042,0.1149,status_source_conflict,status_source_conflict,reconcile_record,0.915
L001090,0.03979798372248515,0.01913286887353319,0.0040331584611397455,0.06890016532251293,current,0.6712,none,0.5975,0.1149,status_source_conflict,status_source_conflict,reconcile_record,0.914
L001092,0.045937940791706273,0.022912931969927136,0.013411920751373338,0.0018740925429114738,current,0.7614,none,0.7109,0.2139,outlier_remaining_term_months; status_source_conflict,outlier_remaining_term_months; status_source_conflict,reconcile_record,0.907
L001092,0.05021563168651109,0.029540571760403343,0.017431025197050032,0.002365993354519542,current,0.7422,none,0.6972,0.2139,outlier_remaining_term_months; status_source_conflict,outlier_remaining_term_months; status_source_conflict,reconcile_record,0.901
L001092,0.04895591701209012,0.03317506596898774,0.013905473658395803,0.0036612758633830546,current,0.7613,none,0.6919,0.2139,outlier_remaining_term_months; status_source_conflict,outlier_remaining_term_months; status_source_conflict,reconcile_record,0.901
L001092,0.047672425056008355,0.02784015214491647,0.01380217603965359,0.001958117254819449,current,0.7736,none,0.697,0.2139,outlier_remaining_term_months; status_source_conflict,outlier_remaining_term_months; status_source_conflict,reconcile_record,0.904
L001093,0.05575754617777626,0.1205582162578513,0.00752755426595687,0.014717966811863119,current,0.7385,none,0.7551,0.2139,outlier_remaining_term_months; status_source_conflict,outlier_remaining_term_months; status_source_conflict,reconcile_record,0.867
L001093,0.04332770964092491,0.11672484978460458,0.006235058074673024,0.015408159258636487,current,0.7349,none,0.7558,0.2139,outlier_remaining_term_months; status_source_conflict,outlier_remaining_term_months; status_source_conflict,reconcile_record,0.872
L001093,0.039971787430085476,0.10786675109888534,0.007349493735919028,0.013957966826989915,current,0.7329,missing_docs,0.8243,0.2139,outlier_remaining_term_months; status_source_conflict,outlier_remaining_term_months; status_source_conflict,reconcile_record,0.877
L001093,0.03457197218278187,0.0920068530907575,0.006449973659891698,0.013830635441531907,current,0.7521,none,0.7493,0.2139,outlier_remaining_term_months; status_source_conflict,outlier_remaining_term_months; status_source_conflict,reconcile_record,0.885
L001095,0.061694826799206064,0.10832774967189457,0.011191862744607942,0.009007864612204786,current,0.8332,missing_docs,0.854,0.1149,status_source_conflict,status_source_conflict,reconcile_record,0.894
L001095,0.07310921898124928,0.10332894419043508,0.011227854869065837,0.00560103086368099,current,0.818,none,0.7069,0.1149,status_source_conflict,status_source_conflict,reconcile_record,0.892
L001095,0.06456282814848557,0.10048023377964928,0.00930792939954842,0.006400690651414312,current,0.8247,none,0.7242,0.1149,status_source_conflict,status_source_conflict,reconcile_record,0.897
L001095,0.07159160120499708,0.09689588688886436,0.012541766467044455,0.011506014165914229,current,0.8225,none,0.7044,0.1149,status_source_conflict,status_source_conflict,reconcile_record,0.893
L001096,0.010196054616531789,0.003892207202650212,0.0006061108952774421,0.8268060954074928,prepaid,0.9691,none,0.7128,0.8299,prepaid_positive_balance; outlier_remaining_term_months; balance_source_conflict,prepaid_positive_balance; outlier_remaining_term_months; balance_source_conflict,escalate_human_review,0.804
L001096,0.011261988438554046,0.005137253120692694,0.00032126147217955,0.8642453911766036,prepaid,0.9723,none,0.725,0.8299,prepaid_positive_balance; outlier_remaining_term_months; balance_source_conflict,prepaid_positive_balance; outlier_remaining_term_months; balance_source_conflict,escalate_human_review,0.817
L001096,0.010536067495169015,0.004022763111699513,0.000321476239722034,0.8855537694908199,prepaid,0.9568,none,0.5619,0.8299,prepaid_positive_balance; outlier_remaining_term_months; balance_source_conflict,prepaid_positive_balance; outlier_remaining_term_months; balance_source_conflict,escalate_human_review,0.825
L001096,0.009579876097180048,0.003618901381139322,0.0005689074385652155,0.8785568087784495,prepaid,0.9682,none,0.7165,0.8299,prepaid_positive_balance; outlier_remaining_term_months; balance_source_conflict,prepaid_positive_balance; outlier_remaining_term_months; balance_source_conflict,escalate_human_review,0.822
L001097,0.04061650818383368,0.053565242337784806,0.002595119912380407,0.04033220620750148,current,0.5551,none,0.6205,0.2139,outlier_remaining_term_months; status_source_conflict,outlier_remaining_term_months; status_source_conflict,reconcile_record,0.888
L001097,0.02792749037146534,0.047640156856364156,0.002052142700346329,0.028197137805976474,current,0.7259,none,0.6382,0.2139,outlier_remaining_term_months; status_source_conflict,outlier_remaining_term_months; status_source_conflict,reconcile_record,0.899
L001097,0.03400861724280176,0.04623476044333378,0.0025608626844061087,0.0334844218258948,current,0.6815,none,0.6313,0.2139,outlier_remaining_term_months; status_source_conflict,outlier_remaining_term_months; status_source_conflict,reconcile_record,0.895
L001097,0.029172844127625015,0.051543523172565574,0.0028086511769601793,0.02614951408375853,current,0.7249,none,0.5529,0.2139,outlier_remaining_term_months; status_source_conflict,outlier_remaining_term_months; status_source_conflict,reconcile_record,0.898
L001097,0.01889106995041423,0.033440967799401956,0.0018221995265814033,0.03209970113990553,current,0.7264,none,0.6356,0.7639,outlier_remaining_term_months; status_source_conflict,outlier_remaining_term_months; status_source_conflict,escalate_human_review,0.906
L001097,0.03191478592621209,0.045725036599742974,0.0027066893503202485,0.030465888679229516,current,0.7005,none,0.6332,0.7639,outlier_remaining_term_months; status_source_conflict,outlier_remaining_term_months; status_source_conflict,escalate_human_review,0.898
L001098,0.05859124538173871,0.04951547037935659,0.0015362262093688754,0.07010933109248206,current,0.616,none,0.7841,0.2139,outlier_remaining_term_months; status_source_conflict,outlier_remaining_term_months; status_source_conflict,reconcile_record,0.873
L001098,0.052334341296698526,0.03783445774549077,0.001117278086289107,0.05951725064853408,current,0.7449,none,0.8109,0.2139,outlier_remaining_term_months; status_source_conflict,outlier_remaining_term_months; status_source_conflict,reconcile_record,0.884
L001098,0.05008747033468989,0.04039923001746758,0.0015420803339549214,0.09069474456348044,current,0.6617,none,0.7926,0.2139,outlier_remaining_term_months; status_source_conflict,outlier_remaining_term_months; status_source_conflict,reconcile_record,0.872
L001099,0.25704258204095837,0.38636426587063144,0.6461672386263283,0.0012862420633740614,default,0.9422,missing_docs,0.8321,0.6649,status_source_conflict,status_source_conflict,reconcile_record,0.611
L001099,0.24889409049540512,0.3782923354096089,0.6463814684021197,0.0014100230264608635,default,0.9658,missing_docs,0.8371,0.6649,status_source_conflict,status_source_conflict,reconcile_record,0.616
L001099,0.3058508865840748,0.4104519538025155,0.6583546406367288,0.0015413289795633278,default,0.9669,none,0.8357,0.6649,status_source_conflict,status_source_conflict,reconcile_record,0.589
L001099,0.328913453329518,0.42159281016918276,0.6608769631548567,0.0014251850131637633,default,0.9669,missing_docs,0.8328,0.6649,status_source_conflict,status_source_conflict,reconcile_record,0.578
L001099,0.32471288792320485,0.4328124902892969,0.6595221680210801,0.0015450974919315262,default,0.9669,none,0.8309,0.6649,status_source_conflict,status_source_conflict,reconcile_record,0.575
L001100,0.010366972165155723,0.0025297882848115626,0.0010082113856485716,0.17236304325983323,prepaid,0.9625,none,0.828,0.7759,prepaid_positive_balance; status_source_conflict,prepaid_positive_balance; status_source_conflict,escalate_human_review,0.859
L001100,0.010359445790649442,0.0025355859155621534,0.0010082113856485716,0.17236304325983323,prepaid,0.9596,none,0.8171,0.2259,prepaid_positive_balance; status_source_conflict,prepaid_positive_balance; status_source_conflict,reconcile_record,0.859
L001100,0.010347843467418776,0.00255887364377043,0.0010245026680500535,0.16139122946544487,prepaid,0.9591,none,0.8126,0.2259,prepaid_positive_balance; status_source_conflict,prepaid_positive_balance; status_source_conflict,reconcile_record,0.862
L001100,0.010215116748773468,0.002735536591927729,0.0010181411484291587,0.3090010792908848,prepaid,0.9548,none,0.8039,0.2259,prepaid_positive_balance; status_source_conflict,prepaid_positive_balance; status_source_conflict,reconcile_record,0.811
L001101,0.006970500599985434,0.004204454999196933,0.0003543819419057845,0.8360785111499277,prepaid,0.8678,none,0.7248,0.2499,prepaid_positive_balance; outlier_remaining_term_months; status_source_conflict,prepaid_positive_balance; outlier_remaining_term_months; status_source_conflict,reconcile_record,0.838
L001101,0.007792090117975677,0.003906767099054885,0.0003805675399180531,0.8063993573830078,prepaid,0.858,none,0.7158,0.2499,prepaid_positive_balance; outlier_remaining_term_months; status_source_conflict,prepaid_positive_balance; outlier_remaining_term_months; status_source_conflict,reconcile_record,0.828
L001101,0.007792090117975677,0.003906767099054885,0.00038079832915755945,0.8063993573830078,prepaid,0.858,none,0.7158,0.2499,prepaid_positive_balance; outlier_remaining_term_months; status_source_conflict,prepaid_positive_balance; outlier_remaining_term_months; status_source_conflict,reconcile_record,0.828
L001101,0.007625402787186336,0.004208185177979172,0.0003543819419057845,0.8360785111499277,prepaid,0.8633,none,0.7253,0.2499,prepaid_positive_balance; outlier_remaining_term_months; status_source_conflict,prepaid_positive_balance; outlier_remaining_term_months; status_source_conflict,reconcile_record,0.838
L001102,0.19395601375358962,0.23209244300187015,0.49042329829822157,0.0018710854363772414,default,0.9823,none,0.792,0.6649,status_source_conflict,status_source_conflict,reconcile_record,0.639
L001102,0.21985205429072815,0.23205320103846086,0.48987341307615867,0.0019712667554396125,default,0.9823,none,0.7945,0.6649,status_source_conflict,status_source_conflict,reconcile_record,0.63
L001102,0.19991474482158536,0.21872371458691453,0.49577045929047575,0.0018710854363772414,default,0.9823,none,0.7966,0.6649,status_source_conflict,status_source_conflict,reconcile_record,0.64
L001102,0.2594373172530792,0.29928484707169994,0.5595570745025249,0.0010525230214259785,default,0.9822,none,0.8039,0.6649,status_source_conflict,status_source_conflict,reconcile_record,0.61
L001102,0.2594373172530792,0.30047386682516947,0.5441527112966832,0.0010259103168147965,default,0.982,none,0.8039,0.6649,status_source_conflict,status_source_conflict,reconcile_record,0.604
L001103,0.008244259874485573,0.005769423712666176,0.00456507062075605,0.1644443926378124,prepaid,0.9323,none,0.6335,0.2259,prepaid_positive_balance; status_source_conflict,prepaid_positive_balance; status_source_conflict,reconcile_record,0.86
L001103,0.009123916103085751,0.005796121057990682,0.004580965924292329,0.11389272051316708,prepaid,0.9431,none,0.7192,0.2259,prepaid_positive_balance; status_source_conflict,prepaid_positive_balance; status_source_conflict,reconcile_record,0.877
L001103,0.00895800468990248,0.005320526697202292,0.0042973854233832945,0.17801847416379665,prepaid,0.9465,none,0.7359,0.2259,prepaid_positive_balance; status_source_conflict,prepaid_positive_balance; status_source_conflict,reconcile_record,0.855
L001104,0.007138056768459289,0.0025851932469349755,0.00045717780078950726,0.7678526168830558,prepaid,0.8091,none,0.7147,0.2499,prepaid_positive_balance; outlier_paydown_rate; status_source_conflict,prepaid_positive_balance; outlier_paydown_rate; status_source_conflict,reconcile_record,0.815
L001104,0.007466459529994913,0.0034009868879147135,0.0004657160597876756,0.8166970366650363,prepaid,0.9391,none,0.7619,0.2259,prepaid_positive_balance; status_source_conflict,prepaid_positive_balance; status_source_conflict,reconcile_record,0.856
L001104,0.008255821954439052,0.003477816084656995,0.0005345513399677979,0.7992891982376603,prepaid,0.9391,none,0.781,0.2259,prepaid_positive_balance; status_source_conflict,prepaid_positive_balance; status_source_conflict,reconcile_record,0.85
L001104,0.007466459529994913,0.0034009868879147135,0.0004542622374217593,0.8064729783187895,prepaid,0.9391,none,0.7619,0.2259,prepaid_positive_balance; status_source_conflict,prepaid_positive_balance; status_source_conflict,reconcile_record,0.853
L001105,0.028356106242666768,0.011340843612805776,0.0020258754324465928,0.04190230233067352,current,0.7237,source_conflict,0.654,0.1149,balance_source_conflict,balance_source_conflict,reconcile_record,0.931
L001105,0.1034420867648251,0.09291357851364439,0.007832591220370872,0.025585761422401525,60_dpd,0.4196,source_conflict,0.5806,0.7699,balance_source_conflict; status_source_conflict,balance_source_conflict; status_source_conflict,escalate_human_review,0.85
L001105,0.06227060014370863,0.0446329847578378,0.00304410095808305,0.03074286832227417,90_dpd,0.5202,missing_docs,0.7986,0.7699,balance_source_conflict; status_source_conflict,balance_source_conflict; status_source_conflict,escalate_human_review,0.881
L001106,0.019564424904814318,0.0033145258234252794,0.0007022189765624564,0.039198836463647996,current,0.7406,none,0.6001,0.6649,status_source_conflict,status_source_conflict,reconcile_record,0.938
L001106,0.021260639298279444,0.004382908823935337,0.0007434760426452753,0.0336551297266233,current,0.5581,none,0.625,0.6649,status_source_conflict,status_source_conflict,reconcile_record,0.939
L001106,0.024103683760432575,0.006050667818901728,0.0008489109129138571,0.03838158718727439,current,0.7354,none,0.6364,0.6649,status_source_conflict,status_source_conflict,reconcile_record,0.936
L001106,0.019719123287442627,0.003642172700580754,0.0007677619960720352,0.04103387640637192,current,0.7534,none,0.644,0.6649,status_source_conflict,status_source_conflict,reconcile_record,0.937
L001107,0.00483783474778778,0.0027843927708374777,0.0003332711441636296,0.3365859615363587,prepaid,0.9926,none,0.8496,0.2259,prepaid_positive_balance; status_source_conflict,prepaid_positive_balance; status_source_conflict,reconcile_record,0.804
L001107,0.004922281469333722,0.002798015254568541,0.0003092749462712391,0.34074321708276983,prepaid,0.9926,none,0.8628,0.2259,prepaid_positive_balance; status_source_conflict,prepaid_positive_balance; status_source_conflict,reconcile_record,0.802
L001107,0.005037047577029804,0.002693444137253194,0.0003103482607047187,0.3250510064375655,prepaid,0.9926,none,0.8628,0.2259,prepaid_positive_balance; status_source_conflict,prepaid_positive_balance; status_source_conflict,reconcile_record,0.807
L001107,0.005156022818040118,0.0026014775738778593,0.000308746440210395,0.2878831894583335,prepaid,0.9926,none,0.8507,0.2259,prepaid_positive_balance; status_source_conflict,prepaid_positive_balance; status_source_conflict,reconcile_record,0.82
L001107,0.005037047577029804,0.0024832327468711115,0.0003118874910233877,0.3250510064375655,prepaid,0.9926,none,0.8554,0.2259,prepaid_positive_balance; status_source_conflict,prepaid_positive_balance; status_source_conflict,reconcile_record,0.808
L001107,0.005160855949516287,0.0028173060786637148,0.00031017741053388696,0.3442655209634171,prepaid,0.9925,none,0.8628,0.7759,prepaid_positive_balance; status_source_conflict,prepaid_positive_balance; status_source_conflict,escalate_human_review,0.801
L001108,0.04847263431022871,0.05461624712068399,0.0010898017475078723,0.014370213555555697,current,0.6622,none,0.7005,0.1149,status_source_conflict,status_source_conflict,reconcile_record,0.919
L001108,0.08044296726427666,0.09769411794349044,0.0011677281294441343,0.004796826759840914,current,0.6386,none,0.6934,0.1149,status_source_conflict,status_source_conflict,reconcile_record,0.896
L001108,0.053495656137887405,0.0557016391261298,0.001380657870042201,0.029429176232433445,current,0.4503,none,0.5339,0.7759,dpd_status_break; status_source_conflict,dpd_status_break; status_source_conflict,escalate_human_review,0.875
L001108,0.04593229481584371,0.04701935049338061,0.0009743267843141491,0.012648911239215431,current,0.5861,none,0.6844,0.1149,status_source_conflict,status_source_conflict,reconcile_record,0.923
L001108,0.0418290327153808,0.04376978782144269,0.0010540210124849625,0.043861718097711166,current,0.6151,none,0.6696,0.6649,status_source_conflict,status_source_conflict,reconcile_record,0.915
L001109,0.055253799083779975,0.0778667565196267,0.0060279592939147435,0.035112310797414774,current,0.8107,none,0.8571,0.1149,status_source_conflict,status_source_conflict,reconcile_record,0.899
L001109,0.057952056518193386,0.08049629067413445,0.005361472825777938,0.03788321340246941,current,0.8054,none,0.8411,0.1149,status_source_conflict,status_source_conflict,reconcile_record,0.896
L001109,0.04360506170990911,0.08198694085357766,0.00683481969954739,0.04515554688250346,current,0.7839,none,0.8385,0.1149,status_source_conflict,status_source_conflict,reconcile_record,0.898
L001109,0.050218669354233414,0.06186966858312712,0.00940348358984391,0.02592798560937046,current,0.8065,none,0.8128,0.1149,status_source_conflict,status_source_conflict,reconcile_record,0.908
L001109,0.06673327305614694,0.11698485552759647,0.010049609952984135,0.031109359176587362,current,0.6703,none,0.8027,0.1149,status_source_conflict,status_source_conflict,reconcile_record,0.882
L001111,0.013002427097185923,0.0031764442153356647,0.0004119803550015799,0.3236016980497011,prepaid,0.9831,source_conflict,0.6534,0.2559,prepaid_positive_balance; balance_source_conflict; status_source_conflict,prepaid_positive_balance; balance_source_conflict; status_source_conflict,reconcile_record,0.775
L001111,0.01206887918343647,0.0033034562330700457,0.00045768238624645767,0.25616556164877596,prepaid,0.9833,source_conflict,0.6664,0.2559,prepaid_positive_balance; balance_source_conflict; status_source_conflict,prepaid_positive_balance; balance_source_conflict; status_source_conflict,reconcile_record,0.799
L001113,0.046197530877301045,0.06962099306996206,0.00269665615817997,0.3203930429740015,current,0.7215,none,0.8673,0.1149,status_source_conflict,status_source_conflict,reconcile_record,0.807
L001113,0.051187375112619664,0.057875661702877446,0.003816538556207956,0.48438262451703823,current,0.7155,none,0.8678,0.1149,status_source_conflict,status_source_conflict,reconcile_record,0.751
L001113,0.05833793185390626,0.06971621793312728,0.0030010901730460593,0.45383439130340725,current,0.7293,none,0.8622,0.1149,status_source_conflict,status_source_conflict,reconcile_record,0.756
L001113,0.008427289888901337,0.0038325276849748902,0.0013481711811132793,0.3693105241706669,prepaid,0.9565,none,0.8282,0.2259,prepaid_positive_balance; status_source_conflict,prepaid_positive_balance; status_source_conflict,reconcile_record,0.79
L001115,0.04316825856906528,0.032140974427473844,0.007079492886386508,0.06191291596411552,current,0.7047,none,0.8802,0.2139,outlier_remaining_term_months; status_source_conflict,outlier_remaining_term_months; status_source_conflict,reconcile_record,0.886
L001115,0.036746586735983404,0.0332318516733645,0.00450749930160721,0.14228373523808194,current,0.7362,none,0.8949,0.2139,outlier_remaining_term_months; status_source_conflict,outlier_remaining_term_months; status_source_conflict,reconcile_record,0.86
L001115,0.053028257764346505,0.03457249126123743,0.0040677209979917825,0.09304028416752165,current,0.6932,none,0.8818,0.7639,outlier_remaining_term_months; status_source_conflict,outlier_remaining_term_months; status_source_conflict,escalate_human_review,0.872
L001116,0.03274902191977938,0.013123804221825075,0.0020543780404274938,0.19979105700810018,current,0.7545,none,0.6357,0.1149,status_source_conflict,status_source_conflict,reconcile_record,0.873
L001116,0.02619631449872394,0.013441112095867918,0.001350459895476698,0.2584447930180776,current,0.7183,none,0.5569,0.1149,status_source_conflict,status_source_conflict,reconcile_record,0.855
L001116,0.03516832123768288,0.014808261457876275,0.002115470356703806,0.3150966157468403,current,0.7292,none,0.6487,0.1149,status_source_conflict,status_source_conflict,reconcile_record,0.831
L001117,0.04995762218759844,0.03980246058480716,0.004422655168797948,0.008078327222268011,current,0.5851,none,0.6248,0.7939,outlier_paydown_rate; balance_source_conflict; status_source_conflict,outlier_paydown_rate; balance_source_conflict; status_source_conflict,escalate_human_review,0.87
L001117,0.041385117111160837,0.05823643388607148,0.0032561319563343886,0.0051622076271649045,current,0.6576,none,0.6079,0.2439,outlier_paydown_rate; balance_source_conflict; status_source_conflict,outlier_paydown_rate; balance_source_conflict; status_source_conflict,reconcile_record,0.868
L001117,0.0523430793728071,0.07393357282924262,0.0031632423021129966,0.003977586362163822,current,0.6721,none,0.6124,0.2199,balance_source_conflict; status_source_conflict,balance_source_conflict; status_source_conflict,reconcile_record,0.883
L001117,0.0521462689098689,0.0717706706471342,0.0032742075566223935,0.0025734771627923137,current,0.672,none,0.6059,0.2199,balance_source_conflict; status_source_conflict,balance_source_conflict; status_source_conflict,reconcile_record,0.885
L001118,0.03188702663229369,0.02467414468767938,0.055067293983073216,0.0031784846813644723,current,0.6945,missing_docs,0.8836,0.2139,outlier_remaining_term_months; status_source_conflict,outlier_remaining_term_months; status_source_conflict,reconcile_record,0.896
L001118,0.0335748474705627,0.024327971173032693,0.051149686108123815,0.003176686858590744,current,0.6932,none,0.7331,0.7639,outlier_remaining_term_months; status_source_conflict,outlier_remaining_term_months; status_source_conflict,escalate_human_review,0.897
L001118,0.020197636812314942,0.0215349211556887,0.04468101868355262,0.0029012505019864834,current,0.6266,missing_docs,0.8608,0.8089,dpd_impossible; outlier_remaining_term_months; status_source_conflict,dpd_impossible; outlier_remaining_term_months; status_source_conflict,escalate_human_review,0.86
L001118,0.02642999020130556,0.01990793294232885,0.022598287679840807,0.0028762608334140754,current,0.6659,none,0.7396,0.7639,outlier_remaining_term_months; status_source_conflict,outlier_remaining_term_months; status_source_conflict,escalate_human_review,0.911
L001119,0.04739851279728179,0.08180064514692488,0.01927014624294726,0.027942276389355227,current,0.49,source_conflict,0.5494,0.2439,outlier_paydown_rate; balance_source_conflict; status_source_conflict,outlier_paydown_rate; balance_source_conflict; status_source_conflict,reconcile_record,0.844
L001119,0.05031053867501081,0.06628356913007459,0.010473279208044669,0.03640522601522709,current,0.6607,source_conflict,0.5835,0.2139,outlier_paydown_rate; balance_source_conflict,outlier_paydown_rate; balance_source_conflict,reconcile_record,0.879
L001119,0.0714491862078437,0.06405629831697156,0.015984145998845487,0.06988850508545597,current,0.6422,source_conflict,0.5427,0.2139,outlier_paydown_rate; balance_source_conflict,outlier_paydown_rate; balance_source_conflict,reconcile_record,0.858
L001120,0.06049435031422695,0.07809785350733374,0.0039587654635162865,0.014651278925010532,current,0.7675,none,0.8011,0.2139,outlier_paydown_rate; status_source_conflict,outlier_paydown_rate; status_source_conflict,reconcile_record,0.881
L001120,0.061230221555071296,0.07097912599220695,0.0036481006711773217,0.01122299849079225,current,0.7661,none,0.8257,0.1149,status_source_conflict,status_source_conflict,reconcile_record,0.908
L001120,0.0675767001418327,0.08030132518405188,0.003794503673800666,0.01418656816776318,current,0.7917,none,0.821,0.1149,status_source_conflict,status_source_conflict,reconcile_record,0.902
L001121,0.01742440496111174,0.004162083243259991,0.0013121226789682356,0.26026622925602316,prepaid,0.9836,none,0.7603,0.2259,prepaid_positive_balance; status_source_conflict,prepaid_positive_balance; status_source_conflict,reconcile_record,0.825
L001121,0.01412423091834121,0.0030961059008909214,0.00097162066688457,0.4082403874172773,prepaid,0.9803,none,0.7856,0.2259,prepaid_positive_balance; status_source_conflict,prepaid_positive_balance; status_source_conflict,reconcile_record,0.775
L001121,0.015910869593279062,0.004087589639213834,0.0012783557009044921,0.3764327870222463,prepaid,0.9811,none,0.761,0.2259,prepaid_positive_balance; status_source_conflict,prepaid_positive_balance; status_source_conflict,reconcile_record,0.785
L001121,0.0178989342715043,0.003910939317092923,0.0012784931469212932,0.4279984040933955,prepaid,0.9701,none,0.6944,0.2259,prepaid_positive_balance; status_source_conflict,prepaid_positive_balance; status_source_conflict,reconcile_record,0.766
L001122,0.3518575479811809,0.6490435056155288,0.12767533043424692,0.006796853628309267,90_dpd,0.4431,none,0.6457,0.7639,outlier_remaining_term_months; status_source_conflict,outlier_remaining_term_months; status_source_conflict,escalate_human_review,0.643
L001122,0.17504662085019304,0.558554852307632,0.03411617404034607,0.0064727997941301735,current,0.5879,none,0.713,0.7639,outlier_remaining_term_months; status_source_conflict,outlier_remaining_term_months; status_source_conflict,escalate_human_review,0.706
L001122,0.23022654472236118,0.4454567651250392,0.019640047660819487,0.011968171425385208,current,0.6036,none,0.6913,0.7639,outlier_remaining_term_months; status_source_conflict,outlier_remaining_term_months; status_source_conflict,escalate_human_review,0.688
L001122,0.2757205459466951,0.5795730749391973,0.05781821964836955,0.004177050318185549,current,0.5444,none,0.5989,0.7639,outlier_remaining_term_months; status_source_conflict,outlier_remaining_term_months; status_source_conflict,escalate_human_review,0.671
L001123,0.06031130282581492,0.07630296166328333,0.02795629442834617,0.005851358485329053,current,0.7118,none,0.8242,0.2139,outlier_remaining_term_months; status_source_conflict,outlier_remaining_term_months; status_source_conflict,reconcile_record,0.877
L001123,0.0632081161917874,0.07843258774324083,0.025120200826757547,0.009110946744846188,current,0.6875,none,0.8294,0.2139,outlier_remaining_term_months; status_source_conflict,outlier_remaining_term_months; status_source_conflict,reconcile_record,0.874
L001123,0.04599101819957282,0.07837326318368955,0.052885900844696444,0.00912543951110034,current,0.6824,none,0.8217,0.2139,outlier_remaining_term_months; status_source_conflict,outlier_remaining_term_months; status_source_conflict,reconcile_record,0.871
L001123,0.05085402921810589,0.08017543565910612,0.04054954175161494,0.015235707279327612,current,0.6762,none,0.8256,0.2139,outlier_remaining_term_months; status_source_conflict,outlier_remaining_term_months; status_source_conflict,reconcile_record,0.871
L001125,0.1626183479034342,0.32638383558666356,0.7795184982985391,0.0009470778090792743,default,0.9721,none,0.5964,0.6649,status_source_conflict,status_source_conflict,reconcile_record,0.712
L001125,0.10035235784865959,0.27361380288930665,0.83899351040874,0.0007794050631686833,default,0.9697,none,0.6418,0.8119,balance_exceeds_original; outlier_balance_ratio; outlier_paydown_rate,balance_exceeds_original; outlier_balance_ratio; outlier_paydown_rate,escalate_human_review,0.7
L001125,0.15076276426944915,0.24676081593444268,0.8810998366009416,0.001321638409966376,default,0.8897,none,0.6818,0.7639,outlier_paydown_rate; status_source_conflict,outlier_paydown_rate; status_source_conflict,escalate_human_review,0.755
L001127,0.056106332310407764,0.09034969161693525,0.02012034966471504,0.1425265133818834,current,0.6215,none,0.8085,0.2139,outlier_remaining_term_months; status_source_conflict,outlier_remaining_term_months; status_source_conflict,reconcile_record,0.828
L001127,0.05795224583257244,0.10118912899156189,0.01457499905089432,0.12055512806918312,current,0.6243,none,0.8308,0.2139,outlier_remaining_term_months; status_source_conflict,outlier_remaining_term_months; status_source_conflict,reconcile_record,0.833
L001127,0.049493944617573844,0.050745769874274614,0.015191102798913192,0.06939594454140881,current,0.6045,none,0.7786,0.7999,dpd_status_break; outlier_remaining_term_months; status_source_conflict,dpd_status_break; outlier_remaining_term_months; status_source_conflict,escalate_human_review,0.836
L001127,0.03555308744255736,0.05276447906926035,0.01387661558679699,0.07137492742130414,current,0.6838,none,0.8112,0.2139,outlier_remaining_term_months; status_source_conflict,outlier_remaining_term_months; status_source_conflict,reconcile_record,0.875
L001128,0.10371461936899239,0.20355405433745813,0.007958341104704203,0.10571033418676716,current,0.6853,none,0.8713,0.2139,outlier_remaining_term_months; status_source_conflict,outlier_remaining_term_months; status_source_conflict,reconcile_record,0.789
L001128,0.07607609064004352,0.16991344992754323,0.0049935077826924745,0.07129952547277058,current,0.6852,none,0.86,0.2139,outlier_remaining_term_months; status_source_conflict,outlier_remaining_term_months; status_source_conflict,reconcile_record,0.823
L001129,0.046885891501353444,0.07552757935701647,0.015017632560698909,0.008658985410410587,current,0.5291,none,0.7524,0.2139,outlier_paydown_rate; status_source_conflict,outlier_paydown_rate; status_source_conflict,reconcile_record,0.885
L001129,0.04108640323574747,0.0864959744647823,0.018731642817626643,0.019622063625944503,current,0.7715,none,0.7855,0.1149,status_source_conflict,status_source_conflict,reconcile_record,0.902
L001129,0.06171476620862456,0.06740659450817962,0.0089761532639002,0.018314016663861107,current,0.7215,none,0.5949,0.1149,status_source_conflict,status_source_conflict,reconcile_record,0.906
L001129,0.05463489333342553,0.06895349805274585,0.009136233769235148,0.023314990725612144,current,0.7336,none,0.7862,0.1149,status_source_conflict,status_source_conflict,reconcile_record,0.906
L001130,0.03045885003963884,0.02733668341014683,0.0018233333738214685,0.7904264747339399,current,0.6748,none,0.8409,0.2139,outlier_paydown_rate; status_source_conflict,outlier_paydown_rate; status_source_conflict,reconcile_record,0.842
L001130,0.04432355896488829,0.026483069579916654,0.0008101836610964883,0.8331239045443756,current,0.6924,none,0.8467,0.1149,status_source_conflict,status_source_conflict,reconcile_record,0.877
L001130,0.009285651907659431,0.002650359913637017,0.00021617376347741815,0.8469428592640765,prepaid,0.8256,none,0.7243,0.7759,prepaid_positive_balance; status_source_conflict,prepaid_positive_balance; status_source_conflict,escalate_human_review,0.866
L001131,0.009404317088963703,0.0024736585576940195,0.00029460046215671454,0.8396353658313555,prepaid,0.9807,none,0.7644,0.2259,prepaid_positive_balance; status_source_conflict,prepaid_positive_balance; status_source_conflict,reconcile_record,0.864
L001131,0.008842934369865574,0.002448355516592562,0.00029472770796975205,0.840820584148263,prepaid,0.9786,none,0.7574,0.2259,prepaid_positive_balance; status_source_conflict,prepaid_positive_balance; status_source_conflict,reconcile_record,0.865
L001131,0.00969954282643163,0.002625414512568456,0.00031921267899039904,0.8430660231715765,prepaid,0.974,missing_docs,0.8477,0.2259,prepaid_positive_balance; status_source_conflict,prepaid_positive_balance; status_source_conflict,reconcile_record,0.865
L001131,0.009246478645863148,0.0026418720365535345,0.0002872815801493445,0.8293146431497735,prepaid,0.9744,none,0.7577,0.7759,prepaid_positive_balance; status_source_conflict,prepaid_positive_balance; status_source_conflict,escalate_human_review,0.86
L001132,0.013406992364962504,0.003322370041594004,0.0025711857212479005,0.3491036054591738,prepaid,0.9543,none,0.8503,0.2259,prepaid_positive_balance; status_source_conflict,prepaid_positive_balance; status_source_conflict,reconcile_record,0.795
L001132,0.013461571978508294,0.0032486292788257713,0.0025690592725308536,0.3522780334905176,prepaid,0.9543,none,0.8327,0.2259,prepaid_positive_balance; status_source_conflict,prepaid_positive_balance; status_source_conflict,reconcile_record,0.794
L001132,0.012182419569108689,0.002695106655871891,0.0018598565287699135,0.2726368140167638,prepaid,0.9556,none,0.8098,0.2259,prepaid_positive_balance; status_source_conflict,prepaid_positive_balance; status_source_conflict,reconcile_record,0.823
L001132,0.01319605140818554,0.003369488550031288,0.0025661452026992456,0.36541494903696536,prepaid,0.9543,none,0.8379,0.2259,prepaid_positive_balance; status_source_conflict,prepaid_positive_balance; status_source_conflict,reconcile_record,0.79
L001132,0.015717219338401592,0.0036020168389506676,0.0020371485152299155,0.17351018450617015,prepaid,0.9539,none,0.8073,0.2259,prepaid_positive_balance; status_source_conflict,prepaid_positive_balance; status_source_conflict,reconcile_record,0.856
L001133,0.009429206907218877,0.0015138545589343522,0.0006763243382214905,0.5429742101219105,prepaid,0.9405,none,0.6406,0.2259,prepaid_positive_balance; status_source_conflict,prepaid_positive_balance; status_source_conflict,reconcile_record,0.76
L001133,0.010598201291438866,0.0014333553481301329,0.0005581709613146261,0.506026894713612,prepaid,0.7936,none,0.5256,0.2499,prepaid_positive_balance; outlier_paydown_rate; status_source_conflict,prepaid_positive_balance; outlier_paydown_rate; status_source_conflict,reconcile_record,0.723
L001133,0.006410137134093735,0.0015889634261327995,0.0008232048488637859,0.5192535495043483,prepaid,0.9202,none,0.6317,0.2499,prepaid_positive_balance; outlier_paydown_rate; status_source_conflict,prepaid_positive_balance; outlier_paydown_rate; status_source_conflict,reconcile_record,0.729
L001133,0.010065085335125715,0.0018008811956247445,0.000616780208058186,0.5203814680295932,prepaid,0.9394,none,0.5759,0.2259,prepaid_positive_balance; status_source_conflict,prepaid_positive_balance; status_source_conflict,reconcile_record,0.752
L001133,0.010349631842638013,0.001993179278853416,0.0007193585016439205,0.5601363288527229,prepaid,0.943,none,0.6136,0.2259,prepaid_positive_balance; status_source_conflict,prepaid_positive_balance; status_source_conflict,reconcile_record,0.766
L001134,0.021587226097881773,0.006236679015307941,0.0011521107618973167,0.10601673028231114,current,0.8257,none,0.7977,0.2139,outlier_remaining_term_months; status_source_conflict,outlier_remaining_term_months; status_source_conflict,reconcile_record,0.889
L001134,0.026515119522728597,0.009766137826974662,0.0007114751564603378,0.11264661865312747,current,0.822,none,0.7956,0.2139,outlier_remaining_term_months; status_source_conflict,outlier_remaining_term_months; status_source_conflict,reconcile_record,0.884
L001134,0.017953975979403996,0.006688502309266947,0.0007082393093341669,0.09319588526978217,current,0.8133,none,0.813,0.2139,outlier_remaining_term_months; status_source_conflict,outlier_remaining_term_months; status_source_conflict,reconcile_record,0.895
L001134,0.013711265335261418,0.01191912256179184,0.0006638975507154051,0.09038063900977389,current,0.7688,none,0.7026,0.2139,outlier_remaining_term_months; status_source_conflict,outlier_remaining_term_months; status_source_conflict,reconcile_record,0.895
L001135,0.1822133010888014,0.45481078304435596,0.007240078347787033,0.19421655396090354,current,0.5799,none,0.8267,0.6649,status_source_conflict,status_source_conflict,reconcile_record,0.667
L001135,0.19770671010257265,0.41541852298566545,0.006192139263035439,0.2301538813681365,current,0.5923,none,0.8117,0.1149,status_source_conflict,status_source_conflict,reconcile_record,0.663
L001135,0.21459584156560463,0.5354036102233554,0.03825849729984393,0.1969104476995284,current,0.4675,none,0.7632,0.1149,status_source_conflict,status_source_conflict,reconcile_record,0.64
L001136,0.07148011386020611,0.05262536968167906,0.0030886421584939115,0.0067932944530266345,current,0.743,none,0.7355,0.1149,status_source_conflict,status_source_conflict,reconcile_record,0.913
L001136,0.058847530686050864,0.044360323554189424,0.003266569157213095,0.0033642007104494726,current,0.7594,none,0.7123,0.1149,status_source_conflict,status_source_conflict,reconcile_record,0.922
L001136,0.0993865589225534,0.06282891652400208,0.0037092952613131222,0.0030037621726991884,current,0.6384,none,0.7069,0.7759,dpd_status_break; status_source_conflict,dpd_status_break; status_source_conflict,escalate_human_review,0.865
L001137,0.17295074209875516,0.46816980427677396,0.8076149435102934,0.0013358292491601963,default,0.8778,none,0.6896,0.7879,future_update; outlier_remaining_term_months; status_source_conflict,future_update; outlier_remaining_term_months; status_source_conflict,escalate_human_review,0.62
L001137,0.20250566090658806,0.5344018335979287,0.8639311733001257,0.001240147519129966,default,0.8965,none,0.6898,0.7639,outlier_remaining_term_months; status_source_conflict,outlier_remaining_term_months; status_source_conflict,escalate_human_review,0.654
L001137,0.19695524557607738,0.4938860708483071,0.8074383722419706,0.0012588109188598148,default,0.8965,none,0.6983,0.7639,outlier_remaining_term_months; status_source_conflict,outlier_remaining_term_months; status_source_conflict,escalate_human_review,0.627
L001137,0.1957468683953623,0.5223763784028504,0.8074383722419706,0.001240147519129966,default,0.8965,none,0.695,0.7639,outlier_remaining_term_months; status_source_conflict,outlier_remaining_term_months; status_source_conflict,escalate_human_review,0.632
L001138,0.012174715237602452,0.002388697685198756,0.000641781989252773,0.933026171459754,prepaid,0.9328,none,0.6101,0.2259,prepaid_positive_balance; status_source_conflict,prepaid_positive_balance; status_source_conflict,reconcile_record,0.895
L001138,0.012008231749569706,0.002314130392584507,0.0006421953006663436,0.9384312512757299,prepaid,0.9278,none,0.6103,0.2259,prepaid_positive_balance; status_source_conflict,prepaid_positive_balance; status_source_conflict,reconcile_record,0.897
L001138,0.012114497571990701,0.002483617924648881,0.0011201062408116183,0.9333971370415597,prepaid,0.9311,none,0.6183,0.7759,prepaid_positive_balance; status_source_conflict,prepaid_positive_balance; status_source_conflict,escalate_human_review,0.895
L001139,0.030353871699883826,0.02929749900179981,0.002916881313901318,0.04636987037183001,current,0.7534,none,0.8093,0.2139,outlier_remaining_term_months; status_source_conflict,outlier_remaining_term_months; status_source_conflict,reconcile_record,0.898
L001139,0.02364308012392184,0.027659779128231397,0.002738319710239568,0.04898203600863277,current,0.7735,none,0.8362,0.2139,outlier_remaining_term_months; status_source_conflict,outlier_remaining_term_months; status_source_conflict,reconcile_record,0.9
L001139,0.02534120559372759,0.02548662905421327,0.003567616751759643,0.017899802344075972,current,0.7178,none,0.8466,0.2379,outlier_remaining_term_months; outlier_paydown_rate; status_source_conflict,outlier_remaining_term_months; outlier_paydown_rate; status_source_conflict,reconcile_record,0.887
L001139,0.0266835838782504,0.03370191597317526,0.003689528986092452,0.03946398329551093,current,0.727,none,0.8084,0.2379,outlier_remaining_term_months; outlier_paydown_rate; status_source_conflict,outlier_remaining_term_months; outlier_paydown_rate; status_source_conflict,reconcile_record,0.876
L001140,0.05432901415845972,0.2026053320864496,0.01660479096176944,0.053545464086690614,current,0.7544,none,0.583,0.2199,balance_source_conflict; status_source_conflict,balance_source_conflict; status_source_conflict,reconcile_record,0.815
L001140,0.04533918268904965,0.12005199486420792,0.013241960679665968,0.12622632416569837,current,0.7413,missing_docs,0.8685,0.2199,balance_source_conflict; status_source_conflict,balance_source_conflict; status_source_conflict,reconcile_record,0.824
L001140,0.051722070837848244,0.14600694733908043,0.01762340908911685,0.2081423860302245,current,0.7483,none,0.5992,0.2199,balance_source_conflict; status_source_conflict,balance_source_conflict; status_source_conflict,reconcile_record,0.782
L001141,0.02178964439785533,0.018359714690558974,0.003848123057816629,0.675129934447936,current,0.7122,none,0.8006,0.2139,outlier_remaining_term_months; status_source_conflict,outlier_remaining_term_months; status_source_conflict,reconcile_record,0.807
L001141,0.04357076811275659,0.028927371505111713,0.004615334335875573,0.6494284795523516,current,0.7015,none,0.7874,0.2139,outlier_remaining_term_months; status_source_conflict,outlier_remaining_term_months; status_source_conflict,reconcile_record,0.786
L001141,0.00670684375036098,0.00380992822312673,0.0010786590800962118,0.5943572309800299,prepaid,0.8109,none,0.808,0.2499,prepaid_positive_balance; outlier_remaining_term_months; status_source_conflict,prepaid_positive_balance; outlier_remaining_term_months; status_source_conflict,reconcile_record,0.754
